/*
 Navicat Premium Data Transfer

 Source Server         : localhost
 Source Server Type    : MySQL
 Source Server Version : 50624
 Source Host           : localhost
 Source Database       : chairman

 Target Server Type    : MySQL
 Target Server Version : 50624
 File Encoding         : utf-8

 Date: 09/27/2015 00:03:27 AM
*/

SET NAMES utf8;
SET FOREIGN_KEY_CHECKS = 0;

-- ----------------------------
--  Table structure for `comment`
-- ----------------------------
DROP TABLE IF EXISTS `comment`;
CREATE TABLE `comment` (
  `id` int(11) NOT NULL AUTO_INCREMENT,
  `content` varchar(1000) DEFAULT NULL,
  `user_id` int(11) NOT NULL DEFAULT '0',
  `school_id` int(11) DEFAULT NULL,
  `status` int(11) DEFAULT '0',
  `time` date DEFAULT NULL,
  `father_id` int(11) DEFAULT NULL,
  PRIMARY KEY (`id`)
) ENGINE=InnoDB AUTO_INCREMENT=2 DEFAULT CHARSET=utf8mb4;

-- ----------------------------
--  Records of `comment`
-- ----------------------------
BEGIN;
INSERT INTO `comment` VALUES ('1', '123', '45', '1', '1', '2015-09-26', '1');
COMMIT;

-- ----------------------------
--  Table structure for `president`
-- ----------------------------
DROP TABLE IF EXISTS `president`;
CREATE TABLE `president` (
  `id` int(11) NOT NULL AUTO_INCREMENT,
  `president` varchar(255) DEFAULT NULL,
  `school_id` int(11) DEFAULT NULL,
  `introduce` varchar(255) DEFAULT NULL,
  `pic` varchar(255) DEFAULT NULL,
  `praise` varchar(255) DEFAULT NULL,
  `posization` varchar(255) DEFAULT NULL,
  PRIMARY KEY (`id`)
) ENGINE=InnoDB AUTO_INCREMENT=232 DEFAULT CHARSET=utf8mb4;

-- ----------------------------
--  Records of `president`
-- ----------------------------
BEGIN;
INSERT INTO `president` VALUES ('1', '陈浩', '1', '陈浩，男，预备党员，重庆邮电大学IT精英班专业2013级本科生，现任重庆邮电大学学生会副主席。曾获重庆邮电大学优秀学生三等奖学金、IT精英培养资助计划奖学金、“TI杯”重庆市大学生电子设计竞赛优秀奖、重庆邮电大学大学生数学建模三等奖等荣誉。', 'http://redrock.u.qiniudn.com/2015-09-24_56040a985963c.jpg-tinyq30', '0', '学生会副主席'), ('3', '田兰', '40', '田兰，女，共青团员，重庆幼儿师范高等专科学校2014级专科生，现任重庆幼儿师范高等专科学校学生会副主席。在学校第二届运动会中荣获“优秀裁判员”。首届校园之星“书法之星”选拔大赛中荣获“三等奖”“微课之星”荣获“三等奖”。曾获得“优秀团干部”光荣称号。', 'http://redrock.u.qiniudn.com/2015-09-24_56040ba7d7af7.jpg-tinyq30', '0', '重庆幼儿师范高等专科学校学生会副主席'), ('4', '陈曦', '40', '陈曦，女，共青团员，重庆幼儿师范高等专科学校学前教育2013级专科生，现任重庆幼儿师范高等专科学校校学生会主席，曾被评为2014——2015学年度共青团优秀团干部；“党的十八大四中全会精神”宣传PPT制作、讲解大赛中，荣获一等奖；“让青春构建和谐校园”演讲比赛一等奖；2014年全区“中华魂”（放飞梦想）青少年读书活动征文比赛（青年组）二等；“我的学前梦”演讲比赛中，荣获一等奖；5.25心理手抄报三等奖。', 'http://redrock.u.qiniudn.com/2015-09-24_56040bf0493ff.jpg-tinyq30', '0', '重庆幼儿师范高等专科学校校学生会主席'), ('5', '唐道珍', '40', '唐道珍，女，共青团员，重庆幼儿师范高等专科学校2014级专科生，现任重庆幼儿师范高等专科学校学生会副主席。大学军训期间刻苦训练获得“优秀学员”的称号。在学校第二届运动会中荣获“优秀裁判员”。首届校园之星之“微课之星”选拔大赛中获得“优秀奖”。学校举办的第三届大学生成长论坛“青春微课堂”比赛获得“一等奖”，并代表学校参加万州区片区比赛获得三等奖。从事学生工作获得“优秀团干部”称号。参加系部“我的学前梦”演讲比赛荣获“第一名”。学校举行的“践行核心价值观，凝聚中华正能量”主题演讲比赛获得“三等奖”。在学校举办', 'http://redrock.u.qiniudn.com/2015-09-24_56040c2e780b1.jpg-tinyq30', '0', '重庆幼儿师范高等专科学校学生会副主席'), ('6', '谭抒琴', '39', '谭抒琴，女，共青团员，重庆轻工职业学院营养与食品卫生专业，2014级专科生，现任重庆轻工职业学院院学生会主席团成员。', 'http://redrock.u.qiniudn.com/2015-09-24_56040c6dcb691.jpg-tinyq30', '0', '重庆轻工职业学院院学生会主席团成员'), ('7', '胡军安', '39', '胡军安，女，共青团员，重庆轻工职业学院会展策划与管理专业2014级专科生，现任重庆轻工职业学院院学生会主席团成员。', 'http://redrock.u.qiniudn.com/2015-09-24_56040c9cf423b.jpg-tinyq30', '0', '重庆轻工职业学院院学生会主席团成员'), ('8', '邓帅', '38', '邓帅，男，共青团员，重庆公共运输职业学院轨道控制专业2014级专科生，现任重庆公共运输职业学院学生会副主席。曾被评为2014—2015学期“优秀学生”，在新生军训中被评为“优秀学员”，在诵读比赛中被评为 优秀组织者。在大一这一年中担任班长和院广播站播音员等职务。参加学院党校学习成为入党积极分子。不论在学习中还是工作上，我始终让自己保持着积极向上的态度，让自己都能时刻准备着迎接新的挑战。并且自己拥有着强大的组织能力和团队协调能力能够很好的调动团队积极性提高团队工作效率。我也相信成功永远属于一直在跑的人，我们', 'http://redrock.u.qiniudn.com/2015-09-24_56040ce9e1b18.JPG-tinyq30', '0', '重庆公共运输职业学院学生会副主席'), ('9', '钟明静', '38', '钟明静，女，共青团员，重庆公共运输职业学院城市交通运输专业2014级专科生，现任重庆公共运输职业学院学生会主席。曾被评为2014年“优秀共青团员”，2014年“大学生预防艾滋病”演讲比赛二等奖，“第二届中华经典诵读”比赛三等奖等等。身为主席团的一员，我一直秉承没有拖沓繁复的规划，并且所有的计划都会从实际着手。认真做好每一期的工作，办好每一次的活动，树立好每一回引领的旗帜，上传下达好每一份总结。积极和他系做好交际，取长补短，带领这一届学院学生会尽自己最大所能向着辉煌的道路前进。', 'http://redrock.u.qiniudn.com/2015-09-24_56040d3c96908.jpg-tinyq30', '0', '重庆公共运输职业学院学生会主席'), ('10', '段佳丽', '38', '段佳丽，女，共青团员，重庆公共运输职业学院轨道电气控制专业2014级专科生，现任公共运输职业学院学生会副主席。曾被评为“优秀学生干部”军训优秀学员” ，大一这一年我在班上担任“学习委员”一职，在学生会里担任“学习部干事”。活泼开朗、乐观向上的我在工作上脚踏实地、认真负责，勇于迎接新挑战。我有较强的组织能力和活动策划能力，有较强的语言表达能力，还有较强的团队精神。不曾经历风雨怎能见彩虹，没有人能够随随便便成功。学习工作都需要付出，付出有苦，也有乐，没有终点，只有起点，没有最好，只更好。因为我始终奉持着一种信', 'http://redrock.u.qiniudn.com/2015-09-24_56040f6e6723d.jpg-tinyq30', '0', '公共运输职业学院学生会副主席'), ('11', '廖珊', '37', '廖珊，女，共青团员，重庆旅游职业学院2014级旅游管理系导游专业学生，现任重庆旅游职业学院学生会副主席。曾被评选为“军训优秀学员”、曾荣获学校导游大赛二等奖。', 'http://redrock.u.qiniudn.com/2015-09-24_5604108de39f4.jpg-tinyq30', '0', '学生会副主席'), ('12', '罗琳', '37', '罗琳，女，共青团员，重庆旅游职业学院2014级旅游管理系导游专业学生，现任重庆旅游职业学院学生会主席。曾荣获濯水古镇主题演讲比赛优秀奖、第二届大学生职场模拟招聘大赛三等奖、学生会每月之星。', 'http://redrock.u.qiniudn.com/2015-09-24_560410f24971e.png-tinyq30', '0', '重庆旅游职业学院学生会主席'), ('13', '谭遥尧', '37', '谭遥尧，男，共青团员，重庆旅游职业学院2014级旅游装备系汽车检测与维修专业学生，现任重庆旅游职业学院学生会副主席，兼音乐社社长。多次负责学校的活动，组织、策划，喜爱音乐并精通多门乐器，曾获学院歌手大赛三等奖。', 'http://redrock.u.qiniudn.com/2015-09-24_56041128c964e.jpg-tinyq30', '0', '重庆旅游职业学院学生会副主席'), ('14', '李爽', '36', '李爽，女，共青团员，重庆交通职业学院城市交通运输专业2014级学生，现任重庆交通职业学院学生会副主席，曾被评为城市交通运输协会先进个人，学院第六届阳光杯足球赛迎新杯篮球赛优秀组织工作者，学院第八届技能大赛第二名，学院春季田径运动会400米跳远第二名。', 'http://redrock.u.qiniudn.com/2015-09-24_5604119ef0d49.jpg-tinyq30', '0', '重庆交通职业学院学生会副主席'), ('15', '罗洪生', '36', '罗洪生  男，共青团员，重庆交通职业学院建筑工程技术2014级学生。现任重庆交通职业学院学生会主席，曾获得2014年度优秀共青团干部荣誉称号、获得“优秀干事”荣誉称号、在2014年学院技能大赛混凝土强度大赛中获得第一名、两次代表学校外出参加市级比赛（重庆市2015大学生田径运动会、重庆市黑山谷大学生越野赛）、校运动会中获得男子800米第二名、在2014年读书月活动中获得优秀奖、在校冬季长跑活动中获得第五名、在第六届”迎新杯“篮球赛中获得团体第三名。', 'http://redrock.u.qiniudn.com/2015-09-24_560411ee6528a.jpg-tinyq30', '0', '重庆交通职业学院学生会主席'), ('16', '罗中军', '36', '罗中军  男，共青团员，重庆交通职业学院建筑工程技术专业2014级学生，现任重庆交通职业学院学生第一副书记。 曾获得学院第六届校园文化艺术节“青春梦想汇”个人风采大赛建筑系“第一名”学院“优秀奖”荣誉称号；获得2014-2015学年第一期学院“优秀学生” 荣誉称号；获得2014-2015学年系部“优秀团干部”荣誉称号。', 'http://redrock.u.qiniudn.com/2015-09-24_560412204ec00.jpg-tinyq30', '0', '重庆交通职业学院学生第一副书记'), ('17', '秦朗', '36', '秦朗、男、共青团员、重庆交通职业学院建筑工程技术专业2014级。现任重庆交通职业学院学生会副主席，在班级中担任班长及辅导员助理。曾多次参加志愿者活动及社会实践活动。', 'http://redrock.u.qiniudn.com/2015-09-24_5604125cad5fd.jpg-tinyq30', '0', '重庆交通职业学院学生会副主席'), ('18', '王昕梓', '36', '王昕梓、男、共青团员，重庆交通职业学院建筑工程造价2014学生。现任重庆交通职业学院学生会副主席。曾获得；贵州第27届科技创新大赛，市二等奖、省三等奖。', 'http://redrock.u.qiniudn.com/2015-09-24_5604128e66ff5.jpg-tinyq30', '0', '重庆交通职业学院学生会副主席'), ('20', '杨恩', '36', '杨恩，男，共青团员，现任重庆交通职业学院学生第二副书记。曾被评为优秀团员干部、军训优秀学员标兵、学生会优秀工作者，曾获重庆交通职业学院车辆工程系第四届模拟招聘会第二名、第一届诚信考试演讲比赛第一名。曾参加中共沿河土家族自治县共产主义青年团第18届代表大会，并获中共沿河土家族自治县共青团委员会候选人（草案）提名。', 'http://redrock.u.qiniudn.com/2015-09-24_560412e373f17.jpg-tinyq30', '0', '重庆交通职业学院学生第二副书记'), ('21', '郑博文', '36', '郑博文，男，共青团员，重庆交通职业学院道路桥梁工程造价2014级学生，现任重庆交通职业学院学生会副主席。曾获得2014级新生军训“标兵”称号、曾多次参与志愿者活动，在班级担任团支部书记。', 'http://redrock.u.qiniudn.com/2015-09-24_56041313bf081.jpg-tinyq30', '0', '重庆交通职业学院学生会副主席'), ('22', '郑博文', '36', '郑博文，男，共青团员，重庆交通职业学院道路桥梁工程造价2014级学生，现任重庆交通职业学院学生会副主席。曾获得2014级新生军训“标兵”称号、曾多次参与志愿者活动，在班级担任团支部书记。', 'http://redrock.u.qiniudn.com/2015-09-24_5604131b42b00.jpg-tinyq30', '0', '重庆交通职业学院学生会副主席'), ('23', '郑博文', '36', '郑博文，男，共青团员，重庆交通职业学院道路桥梁工程造价2014级学生，现任重庆交通职业学院学生会副主席。曾获得2014级新生军训“标兵”称号、曾多次参与志愿者活动，在班级担任团支部书记。', 'http://redrock.u.qiniudn.com/2015-09-24_5604131c84ada.jpg-tinyq30', '0', '重庆交通职业学院学生会副主席'), ('24', '王艺多', '35', '王艺多，女，共青团员，重庆传媒职业学院影视系电视节目制作专业2014级专科生，现任重庆传媒学院学生会副主席。曾获得2010年西昌美术节优秀奖、2011年荣获三等奖学金、2013三好学生、优秀学生干部、2014年九月获学院“军训标兵”、2014年加入学生会成为干事、2015年获优秀学生干事。在实践活动中参与西昌火把节成为荣誉志愿者、参与成都舞蹈大赛、参与牡丹园活动成为志愿者和参与学校大大小小各项活动。', '-tinyq30', '0', '重庆传媒学院学生会副主席'), ('25', '甘林', '1', '甘林，男，共青团员，重庆邮电大学动画专业2013级本科生，现任重庆邮电大学学生会副主席。主持操办学校“草坪音乐会”“十大歌手赛”“重邮梦想秀”等多个大型文体活动，活动质量个效果获得广泛好评，曾获标牌大赛第一名。', 'http://redrock.u.qiniudn.com/2015-09-24_56041380914b0.jpg-tinyq30', '0', '学生会副主席'), ('26', '伍丹丹', '35', '伍丹丹，女，共青团员，重庆传媒职业学院新闻系传媒策划与管理专业2014级专科生，现任重庆传媒学院学生会副主席。曾获得2012曾被评为优秀班干、优秀社团干部、2013曾被评为优秀社团联合会干部、2014年九月获学院“军训标兵”。在实践活动中参加了学校各大小型活动。', '-tinyq30', '0', '重庆传媒学院学生会副主席'), ('27', '梁佳妮', '1', '梁佳妮，女，共青团员，重庆邮电大学艺术设计专业2013级本科生，现任重庆邮电大学学生会副主席。曾获重庆邮电大学优秀学生二等奖学金；被评为“ 三好学生”、“优秀共青团干部”、第八届涂鸦大赛优秀奖等荣誉。', 'http://redrock.u.qiniudn.com/2015-09-24_560413d0acb2c.jpg-tinyq30', '0', '学生会副主席'), ('28', '周健', '35', '周健，男，共青团员，重庆传媒职业学院艺术系室内设计专业2014级专科生，现任重庆传媒学院学生会副主席。曾获得2012年获铜梁县第十六届艺术暨比赛一等奖、2013年第五届春季运动会获男子跳远第一名、2014年九月获学院“军训标兵”、4014年获重庆市第四届大学生艺术展演活动一等奖、2014年加入学生会成为体育部干事。在实践活动中参与重庆市大学生艺术展活动、参与重庆市大学生创业培训、参与牡丹园活动成为志愿者和学校各大大小小活动。', '-tinyq30', '0', '重庆传媒学院学生会副主席'), ('29', '朱琳', '35', '朱琳，女，共青团员，重庆传媒职业学院新闻系传媒策划与管理专业2013级专科生，现任重庆传媒学院学生会主席。曾在2013年被评校优秀学生干事、三好学生，2014年被评三好学生、优秀学生干部，2015年被评技能大赛优秀奖等。在学生会这两年里参加了校外实践活动有：自愿者敬老院活动、三下乡活动、牡丹园开园活动等。在校内参加和组织的活动有：迎新晚会、五四红歌比赛、运动会、校园之春歌手大赛等各大大小小活动。', '-tinyq30', '0', '重庆传媒学院学生会主席'), ('31', '陈云华', '34', '陈云华，男，中共预备党员，重庆信息技术职业学院装潢艺术设计专业2013级专科生，现任重庆信息技术职业学院校团委副书记。曾被评为重庆市“三下乡”社会实践先进个人、、重庆信息技术职业学院“优秀青年志愿者”、“优秀学生干部”、奉节县青少年“书信大赛”一等奖、奉节县中小学生暑期社会实践“先进个人”等荣誉。', 'http://redrock.u.qiniudn.com/2015-09-24_5604147db92c6.jpg-tinyq30', '0', '重庆信息技术职业学院校团委副书记'), ('32', '陈云华', '34', '陈云华，男，中共预备党员，重庆信息技术职业学院装潢艺术设计专业2013级专科生，现任重庆信息技术职业学院校团委副书记。曾被评为重庆市“三下乡”社会实践先进个人、、重庆信息技术职业学院“优秀青年志愿者”、“优秀学生干部”、奉节县青少年“书信大赛”一等奖、奉节县中小学生暑期社会实践“先进个人”等荣誉。', 'http://redrock.u.qiniudn.com/2015-09-24_560414c2ac5a6.jpg-tinyq30', '0', '重庆信息技术职业学院校团委副书记'), ('33', '陈云华', '34', '陈云华，男，中共预备党员，重庆信息技术职业学院装潢艺术设计专业2013级专科生，现任重庆信息技术职业学院校团委副书记。曾被评为重庆市“三下乡”社会实践先进个人、、重庆信息技术职业学院“优秀青年志愿者”、“优秀学生干部”、奉节县青少年“书信大赛”一等奖、奉节县中小学生暑期社会实践“先进个人”等荣誉。', 'http://redrock.u.qiniudn.com/2015-09-24_560414e1a206e.jpg-tinyq30', '0', '重庆信息技术职业学院校团委副书记'), ('34', '淳丽琨', '34', '淳丽琨，女，共青团员，重庆信息技术职业学院广告设计与制作专业2014级专科生，现任重庆信息技术职业学院学生会副主席兼外联部部长。曾被评为重庆信息技术职业学院校团委2014-2015学年度被评为“优秀干事”、“优秀社长”。', 'http://redrock.u.qiniudn.com/2015-09-24_560415395de89.JPG-tinyq30', '0', '重庆信息技术职业学院学生会副主席兼外联部部长'), ('35', '淳丽琨', '34', '淳丽琨，女，共青团员，重庆信息技术职业学院广告设计与制作专业2014级专科生，现任重庆信息技术职业学院学生会副主席兼外联部部长。曾被评为重庆信息技术职业学院校团委2014-2015学年度被评为“优秀干事”、“优秀社长”。', 'http://redrock.u.qiniudn.com/2015-09-24_5604155dab3a2.JPG-tinyq30', '0', '重庆信息技术职业学院学生会副主席兼外联部部长'), ('36', '胡海燕', '34', '胡海燕，女，共青团员，重庆信息技术职业学院计算机辅助设计与制造专业2014级专科生，现任重庆信息技术职业学院校团委副书记助理兼新闻中心主任。曾被评为重庆信息技术职业学院校团委2014-2015年度优秀干事、《新点子策划大赛》第三名、重庆信息技术职业学院自立自强先进个人。', 'http://redrock.u.qiniudn.com/2015-09-24_560415cb394c3.JPG-tinyq30', '0', '重庆信息技术职业学院校团委副书记助理兼新闻中心主任'), ('37', '胡海燕', '34', '胡海燕，女，共青团员，重庆信息技术职业学院计算机辅助设计与制造专业2014级专科生，现任重庆信息技术职业学院校团委副书记助理兼新闻中心主任。曾被评为重庆信息技术职业学院校团委2014-2015年度优秀干事、《新点子策划大赛》第三名、重庆信息技术职业学院自立自强先进个人。', 'http://redrock.u.qiniudn.com/2015-09-24_560416285f82c.JPG-tinyq30', '0', '重庆信息技术职业学院校团委副书记助理兼新闻中心主任'), ('38', '胡海燕', '34', '胡海燕，女，共青团员，重庆信息技术职业学院计算机辅助设计与制造专业2014级专科生，现任重庆信息技术职业学院校团委副书记助理兼新闻中心主任。曾被评为重庆信息技术职业学院校团委2014-2015年度优秀干事、《新点子策划大赛》第三名、重庆信息技术职业学院自立自强先进个人。', 'http://redrock.u.qiniudn.com/2015-09-24_5604167adfb80.JPG-tinyq30', '0', '重庆信息技术职业学院校团委副书记助理兼新闻中心主任'), ('39', '李炀', '34', '李炀，男，共青团员，重庆信息技术职业学院移动通信技术专业2014级专科生，现任重庆信息技术职业学院学生会副主席兼社团活动中心主任。曾被评为重庆信息技术职业学院校团委2014-2015年度三好学生、优秀青年志愿者。', 'http://redrock.u.qiniudn.com/2015-09-24_560416b7ba8f4.JPG-tinyq30', '0', '重庆信息技术职业学院学生会副主席兼社团活动中心主任'), ('40', '谭有涛', '34', '谭有涛，男，共青团员，重庆信息技术职业学院电子专业2013级大专生，现任重庆信息技术职业学院学生会主席。曾被评为重庆信息技术职业学院2013—2014年度三好学生、2014—2015年度三好学生。', 'http://redrock.u.qiniudn.com/2015-09-24_5604170589b99.JPG-tinyq30', '0', '重庆信息技术职业学院学生会主席'), ('41', '邬代明', '34', '邬代明，男，共青团员，重庆信息技术职业学院计算机辅助设计与制造专业2014级专科生，现任重庆信息技术职业学院校团委办公室主任。曾被评为重庆信息技术职业学院校团委2014-2015年度优秀干事、优秀共青团员。', 'http://redrock.u.qiniudn.com/2015-09-24_5604175324e30.JPG-tinyq30', '0', '重庆信息技术职业学院校团委办公室主任'), ('42', '蒋昊', '33', '蒋昊，男，共青团员，重庆工程学院物联网工程专业2014级本科生，现任校学生会副主席。曾被评为校级“优秀团员”，校级“优秀团干部”，获得首届“文化艺术节、文明修身节”杰出贡献奖，首届“体育健身节”杰出贡献奖', 'http://redrock.u.qiniudn.com/2015-09-24_5604179b93ef6.jpg-tinyq30', '0', '校学生会副主席'), ('43', '徐涛辰', '33', '徐涛辰，男，共青团员，重庆工程学院软件工程专业2014级本科生，现任校学生会副主席。曾被评为校级“优秀团员”，校级“优秀团干部”，获得首届“文化艺术节、文明修身节”杰出贡献奖，首届“体育健身节”杰出贡献奖。', 'http://redrock.u.qiniudn.com/2015-09-24_560417c5b7f19.jpg-tinyq30', '0', '校学生会副主席'), ('44', '安聪', '32', '安聪，女，共青团员，重庆邮电大学移通学院物联网工程专业2013级本科生，现任重庆邮电大学移通学院校学生会副主席。曾被评为第二届第三任校级学生组织优秀干部、学习进步先进个人，多次被评为团学工作先进个人。', 'http://redrock.u.qiniudn.com/2015-09-24_5604180a9c9c9.jpg-tinyq30', '0', '重庆邮电大学移通学院校学生会副主席'), ('45', '曹梦媛', '32', '曹梦媛，女，共青团员，重庆邮电大学移通学院工商管理专业2013级本科生，现任重庆邮电大学移通学院校学生会副主席。曾被评为第二届第二任校级学生组织优秀干事、第二届第三任校级学生组织优秀干部等称号。', 'http://redrock.u.qiniudn.com/2015-09-24_5604183835fb7.jpg-tinyq30', '0', '重庆邮电大学移通学院校学生会副主席'), ('46', '于富强', '32', '于富强，男，预备党员，重庆邮电大学移通学院通信工程专业2013级本科生，现任重庆邮电大学移通学院校学生会主席。曾被获“重庆邮电大学移通学院第二届第二任校级学生组织优秀干事”、“重庆邮电大学移通学院第二届第三任校级学生组织优秀干部”等称号。', 'http://redrock.u.qiniudn.com/2015-09-24_5604187a9ac95.JPG-tinyq30', '0', '重庆邮电大学移通学院校学生会主席'), ('47', '李可馨', '31', '李可馨，女，共青团员，重庆工商大学融智学院会计学专业2012级本科生，现任重庆工商大学融智学院学生会主席。曾被评为重庆工商大学融智学院“三下乡”社会实践先进个人、2012-2013学年综合三等奖学金、院级活动“英语歌曲大赛”一等奖、“电影配音大赛”二等奖、“思在杯”辩论赛最佳辩题、并两次获得“优秀团干”的荣誉称号。', 'http://redrock.u.qiniudn.com/2015-09-24_560418ca02cb2.jpg-tinyq30', '0', '重庆工商大学融智学院学生会主席'), ('48', '潘璐敏', '31', '潘璐敏，女，共青团员，重庆工商大学融智学院保险学专业2012级本科生，现任重庆工商大学融智学院院学生会副主席。曾带领团队参加中国人民财产保险公司的比赛获得重庆市优秀奖、获校三下乡优秀社会实践报告“一等奖”、挑战杯全国大学生创业大赛校内竞赛中获得二等奖、获得“优秀团员”、“优秀团干”、“优秀学生干部”等荣誉称号、校运动会中获得优秀裁判称号、个人考取了保险从业资格证书、普通话等级考试二甲、补休心理学与教育学证书，通过AFP金融理财规划师考试获得相应证书。', 'http://redrock.u.qiniudn.com/2015-09-24_5604193480ae2.jpg-tinyq30', '0', '重庆工商大学融智学院院学生会副主席'), ('49', '王鑫', '31', '王鑫，女，共青团员，重庆工商大学融智学院金融学专业2012级本科生，现任重庆工商大学融智学院学生会副书记。曾被评为重庆市“三下乡”社会实践先进个人，学院2014-2015学年“三等奖学金”，两次获得“优秀团干”的荣誉称号。', 'http://redrock.u.qiniudn.com/2015-09-24_560419628ab02.jpg-tinyq30', '0', '重庆工商大学融智学院学生会副书记'), ('50', '张晓琳', '31', '张晓琳，女，共青团员，重庆工商大学融智学院信用管理专业2012级本科生，现任重庆工商大学融智学院学生会秘书长。曾在中国日报网、中国青年网、中国基层党建网、金羊网、中宣网等网站发表文章；获得重庆市大学生艺术展演征文类三等奖、重庆工商大学融智学院“三下乡”社会实践先进个人、院级活动“微博达人秀”一等奖、“电影配音大赛”二等奖、“融智之星—文学之星”、并两次获得院级“优秀团干”的荣誉称号。', 'http://redrock.u.qiniudn.com/2015-09-24_560419956b2c7.jpg-tinyq30', '0', '重庆工商大学融智学院学生会秘书长'), ('51', '张颖辉', '31', '张颖辉，男，共青团员，重庆工商大学融智学院房地产开发与管理专业2012级本科生，现任重庆工商大学融智学院学生会副主席。曾被评为重庆市“三下乡”社会实践先进个人、院级活动“电影配音大赛”二等奖、校运动会中获得优秀裁判称号。', 'http://redrock.u.qiniudn.com/2015-09-24_560419d4b5176.png-tinyq30', '0', '重庆工商大学融智学院学生会副主席'), ('52', '陈凯', '30', '陈凯，男，共青团员，重庆师范大学涉外商贸学院商务英语（国际经贸）专业2013级本科生，现任重庆师范大学涉外商贸学院学生会副主席兼勤工助学部部长。曾被评为校优秀学生干部。', '-tinyq30', '0', '重庆师范大学涉外商贸学院学生会副主席兼勤工助学部部长'), ('53', '罗洋', '30', '罗洋，男，共青团员，重庆师范大学涉外商贸学院表演（戏剧影视表演）专业2013级本科生，现任重庆师范大学涉外商贸学院学生会副主席兼任社团部部长。曾被评为校优秀学生干部。', '-tinyq30', '0', '重庆师范大学涉外商贸学院学生会副主席兼任社团部部长'), ('54', '鲁诗蕾', '30', '鲁诗蕾，女，共青团员，重庆师范大学涉外商贸学院物联网工程（智能交通与车联网）专业2013级本科生，现任重庆师范大学涉外商贸学院学生会副主席。曾被评为校优秀学生干部，校优秀共青团干部。', '-tinyq30', '0', '重庆师范大学涉外商贸学院学生会副主席'), ('55', '吕庚青', '30', '吕庚青，女，共青团员，重庆师范大学涉外商贸学院新闻学专业2013级本科生，现任重庆师范大学涉外商贸学院学生会副书记。曾被评为校优秀共青团干部。', '-tinyq30', '0', '重庆师范大学涉外商贸学院学生会副书记'), ('56', '王静煊', '30', '王静煊，女，共青团员，重庆师范大学涉外商贸学院表表演（播音与主持艺术）专业2013级本科生，现任重庆师范大学涉外商贸学院学生会主席。曾被评为校级优秀共青团干部 。', '-tinyq30', '0', '重庆师范大学涉外商贸学院学生会主席'), ('57', '汪梅', '30', '汪梅，女，共青团员，重庆师范大学涉外商贸学院汉语言文学（师范）专业2013级本科生，现任重庆师范大学涉外商贸学院副主席兼任志愿者工作部部长。曾被评为校级优秀学生干部、优秀共青团员，精神文明先进个人。', '-tinyq30', '0', '重庆师范大学涉外商贸学院副主席兼任志愿者工作部部长'), ('58', '杨忠谕', '30', '杨忠谕，男，中共预备党员，重庆师范大学涉外商贸学院英语（师范）专业2013级本科生，现任重庆师范大学涉外商贸学院学生会书记。曾被评为重庆市校园之春职场青春一等奖，重庆市合川区优秀志愿工作个人，“挑战杯”全国大学生课外学术科技作品竞赛重庆三等奖等。', '-tinyq30', '0', '重庆师范大学涉外商贸学院学生会书记'), ('59', '段明婷', '29', '我加入院学生会这个大家庭已经一年，从办公室干事到办公室助理再到主席团助理，，获得优秀学生会干部称号，从最开始的懵懵懂懂到现在的理解热爱，学生会工作让我体会到了团结协作的力量，感受到集体的温暖，在学生会工作中，我提升自己，从胆小不敢说话变得从容大方，变得做事条理清晰，我想为学生会做的更多，把自己变得更好，学生会也将建立得完善，更好的为同学服务', 'http://redrock.u.qiniudn.com/2015-09-24_56041cba0e260.jpg-tinyq30', '0', '主席团助理'), ('60', '杜美裁', '29', '我非常热爱在学生会的工作，从第一天走进学生会这一个大家庭，我就时刻以“从同学中来，到同学中去”为自己的奋斗目标，时刻提醒为同学服务才是自己的理念。每一次出去和商家谈赞助，心里都是忐忑的，但一想到为同学们更好的举办活动，咬着牙也冲上去。每次成功的拉回赞助，心里的高兴无法用言语来形容！我为自己是名学生的一员而感到骄傲！为同学付出过的自豪，只有自己体验过才明白！', 'http://redrock.u.qiniudn.com/2015-09-24_56041d0e5f111.jpg-tinyq30', '0', '院学生会副主席'), ('61', '穆承阳', '29', '本人在重庆建筑工程职业学院学生会工作一年，是一个积极向上，有责任，有担当，有上进心，有能力的学生干部，对工作认真负责，兢兢业业，善于沟通，有较强的组织和协调能力。现正在院学生会主席团任职，回忆起学生会，是学生会让我从一个迷茫的大学生转变为一个富有担当与责任心的大学生。回忆起学生会的活动，本人也参与并组织学校各类大型活动如：校园歌手大赛 元旦晚会等。在系上，我是老师的左膀右臂，在班级里，我是同学们的榜样。我积极参加学院各类活动，带领同学们积极参加如：校园篮球赛、拔河比赛跳绳 辩论大赛等活动，都取得了佳绩，得', 'http://redrock.u.qiniudn.com/2015-09-24_56041d5c308e9.png-tinyq30', '0', '院学生会主席团助理'), ('62', '胡蕊', '29', '本人拥有12年担任班长的经历，坚持关心和服务同学，2013年进入校学生会。在学生会培训月中，获得“优秀辩手”的称号。独自策划并总负责学院及市民学校“讲故事大赛”。全程参与了“校园歌手大赛”策划，以及整个活动的上下沟通。能够熟练操作常用办公软件word、excel、ppt等，对网络管理有一定了解。有较好的文字写作功底，口头表达能力较强。我喜欢创新，更敢于迎接新挑战。参加重庆市大骨班班培训期间获得“优秀学员称号”，并参加井冈山第204期社会主义核心价值观培训班。 获得2014年重庆市优秀共青团员和重庆市学生会', 'http://redrock.u.qiniudn.com/2015-09-24_56041dac5de75.jpg-tinyq30', '0', '学生会主席'), ('63', '周广霜', '29', '重要的工作即为完成主席团与各部门的上传下达工作，及时与指导老师沟通，协助主席完成领导安排下来的任务。秘书长的工作就是为了保障整个学生会的顺利运转。同时，秘书长是学生会财务及各类资料的总管。学生会的活动经费及物品多由秘书长备案管理和整理学生会的各类档案。', 'http://redrock.u.qiniudn.com/2015-09-24_56041df231890.jpg-tinyq30', '0', '学生会秘书长'), ('64', '陈豪', '28', '陈豪，共青团员，重庆财经职业学院财务管理专业2014级专科生，现任重庆财经职业学院校学生会副主席。', 'http://redrock.u.qiniudn.com/2015-09-25_56041e6e45248.JPG-tinyq30', '0', '重庆财经职业学院校学生会副主席'), ('65', '邵园', '28', '邵园，共青团员，重庆财经职业学院会计专业2014级专科生，现担任重庆财经职业学院校学生会副主席。曾获重庆财经职业学院2014-2015级优秀团干部，第二十八期业余团校优秀学员。', 'http://redrock.u.qiniudn.com/2015-09-25_56041ece1f23b.JPG-tinyq30', '0', '重庆财经职业学院校学生会副主席'), ('66', '王磊', '28', '王磊，男，共青团员，重庆财经职业学院会计专业2014级专科生，现任重庆财经职业学院校学生会主席。曾担任重庆财经职业学院2015暑期三下乡创新创业团团长。曾出演话剧《雷雨》在“市商委2015年共青团表彰大会暨中国梦•青春梦”荣获第一名', 'http://redrock.u.qiniudn.com/2015-09-25_56041f3977e80.JPG-tinyq30', '0', '重庆财经职业学院校学生会主席'), ('67', '肖晓', '28', '肖晓，共青团员，重庆财经职业学院市场营销专业2014级专科生，现任重庆财经职业学院校学生会副主席。曾获第二十八期业余团校优秀学员', 'http://redrock.u.qiniudn.com/2015-09-25_56041f783b5d9.jpg-tinyq30', '0', '重庆财经职业学院校学生会副主席'), ('68', '夏小涵', '28', '夏小涵，共青团员，重庆财经职业学院会计专业2014级专科生，现担任重庆财经职业学院校学生会副主席。曾获重庆财经职业学院2014-2015级会计系优秀团干部：2014-2015级共青团优秀团员；第二十八期业余团校优秀学员。', 'http://redrock.u.qiniudn.com/2015-09-25_56041fcb066a7.JPG-tinyq30', '0', '重庆财经职业学院校学生会副主席'), ('69', '蔡积彬', '26', '蔡积彬，男，中共党员，重庆水利电力职业技术学院水利水电建筑工程专业2013级专科生，现任重庆水利电力职业技术学院学生会副主席，生活权益部部长和班级团支书。曾被评为重庆市“三下乡”社会实践先进个人，“校优秀学生干部”，“校优秀团干部”。1993年4月出生于广东省茂名市电白县，2003—2007年就读于新陂小学，2007—2010年就读于电白县第二中学，2010年—2013年就读于电白县实验中学，曾被评为电白县“志愿服务行动先进个人”、“三好学生”。 执着追梦，勇攀高峰，在2013年的夏天，我毅然来到这个美丽', 'http://redrock.u.qiniudn.com/2015-09-25_560420a086a80.jpg-tinyq30', '0', '重庆水利电力职业技术学院学生会副主席'), ('70', '刘雨龙', '26', '刘雨龙，男，汉族，1995年7月出生，团员，重庆水利电力职业技术学院水利工程水政水管理系13级学生，现担任重庆水利电力职业技术学院学生会主席一职。以下为曾在学院中获得过的殊荣。 2013年： 9月：申请加入院团委青年志愿者联合会，并最终面试成功成为外务部一员。 10月：组织志愿者并亲身参与到阳光尚城市民学校活动中。 11月：组织青年志愿者联合会支队建立及招新仪式。 12月：组织院内志愿者开展“冬日送暖”赠衣活动。 2014年： 3月：组织院内志愿者及众多同学参加“学雷锋，树新风”系列主题志愿者活动。例如：', 'http://redrock.u.qiniudn.com/2015-09-25_560420f55ed18.png-tinyq30', '0', '重庆水利电力职业技术学院学生会主席'), ('71', '庞茜', '26', '庞茜，女，共青团员，重庆水利电力职业技术学院建筑工程技术专业2013级专科生，现任水电学院学生会副主席。联系方式：18983005837，QQ：719630170，微信：18983005837。曾被评为“三下乡”社会实践先进个人，2013年11月荣获学院“主持人风采大赛”第二名，2014年5月荣获学院“优秀团员”称号，2014年6月荣获学院“建筑模型大赛”二等奖，2014年6月荣获“重庆市第五届大学生成长论坛”青爱微课堂讲课比赛学会三等奖，2014年11月荣获学院“一等奖学金”，2014年12月荣获学院“', 'http://redrock.u.qiniudn.com/2015-09-25_5604213441a9c.png-tinyq30', '0', '水电学院学生会副主席'), ('72', '刘宇', '25', '刘宇，男，共青团员，重庆机电职业技术学院2014级汽车技术服务与营销专业。现任重庆机电职业技术学院院学生会主席团候选人。曾荣获，首届学生干部技能大赛一等奖，学院“学生说学”活动优胜奖，荣获三好学生，优秀共青团员，优秀学生综合素质奖学金等校级表彰6次。', 'http://redrock.u.qiniudn.com/2015-09-25_5604219350177.jpg-tinyq30', '0', '重庆机电职业技术学院院学生会主席团候选人'), ('73', '李鑫', '25', '李鑫，男，共青团员，重庆机电职业技术学院2014级汽车检测与维修技术。现任重庆机电职业技术学院院学生会主席团候选人。曾荣获，学院“大学生职业规划大赛”优胜奖，荣获优秀学生综合素质奖学金一等奖，优秀共青团员，第四届田径运动会“优秀先进工作者”荣誉称号等校级表彰5次。', 'http://redrock.u.qiniudn.com/2015-09-25_560421d767447.png-tinyq30', '0', '重庆机电职业技术学院院学生会主席团候选人'), ('74', '施汶妤', '25', '施汶妤，女，共青团员，重庆机电职业技术学院数控技术专业2014级专科生，现是学院团委学生会主席团一员。曾在“正和岛”第二届大学生职场模拟招聘大赛被评为“优秀志愿者”，被学院评为“优秀共青团员”，获得第四届田径运动会“优秀先进工作者”荣誉称号等校级表彰4次。', 'http://redrock.u.qiniudn.com/2015-09-25_5604221c2f01c.jpg-tinyq30', '0', '学院团委学生会主席团成员'), ('75', '谭千银', '25', '谭千银，女，共青团员，重庆机电职业技术学院会计与审计专业2014级专科生，现任重庆机电职业技术学院学生会主席团候选人。曾被评为2014-2015学年“五四”表彰中评选为“优秀共青团员”、在2014级新生军训中评为“优秀学员”，在第四届田径运动会中别评为”体育道德风尚先进个人“及“先进工作者”。', 'http://redrock.u.qiniudn.com/2015-09-25_560422496f9c5.png-tinyq30', '0', '重庆机电职业技术学院学生会主席团候选人'), ('76', '向如意', '25', '向如意，男，共青团员，重庆机电职业技术学院汽车检测与维修技术（运输与管理方向）2014级学生，现任重庆机电职业技术学院学生会主席团候选人。曾在重庆机电职业技术学院2014-2015学年“五四”表彰中评选为“优秀共青团员”、首届学生干部技能大赛三等奖、学院“学生说学”活动优胜奖、第四届田径运动会“先进工作者”荣誉称号等校级表彰6次。', 'http://redrock.u.qiniudn.com/2015-09-25_56042290a5284.png-tinyq30', '0', '重庆机电职业技术学院学生会主席团候选人'), ('77', '伍心杰', '24', '伍心杰 ，女 ，共青团员，重庆工程职业技术学院学生会主席，就读于营销与策划专业。一个热情似火的女汉子，为人老实厚道，做事认真负责。一直以的乐观心态去面对生活、面对学习、面对工作。曾获 “三好学生”等荣誉。', '-tinyq30', '0', '重庆工程职业技术学院学生会主席'), ('78', '张麟', '24', '张麟，男，预备党员，重庆工程职业技术学院学生会副主席，在老师悉心指导和同事支持参与下，本着“全心全意为同学服务”的工作宗旨，不断完善运行机制，健全工作职能。曾获“三好学生”等荣誉。', '-tinyq30', '0', '重庆工程职业技术学院学生会副主席'), ('79', '周长树', '24', '周长树，男共青团员，重庆工程职业技术学院学生会副主席，就读于地下工程与隧道工程技术专业。组织能力强，善于资源分析,有较强的独立性，工作中能够独当一面。曾获“优秀学生干部”等荣誉', '-tinyq30', '0', '重庆工程职业技术学院学生会副主席'), ('80', '周洪莹', '24', '周洪莹，女，共青团员，就读建筑装饰工程技术专业，重庆工程职业技术学院学生会副主席、公寓管理委员会主席。曾被评为“校级优秀学生干部”。本人做事谨慎细心，具有较高的责任感、为人和睦。 王艺谋，男，共青团员。重庆工程职业技术学院学生会副主席、社团联合会主席。就读于矿井通风与安全专业。在完成上级交予的任务外，能有力地组织同学及调动积极性; 从中也锻炼和提高了组织和领导能力。曾获“优秀学干部”等荣誉。', '-tinyq30', '0', '重庆工程职业技术学院学生会副主席、公寓管理委员会主席'), ('81', '周益', '24', '周益，男，预备党员，就读于机电一体化专业，重庆工程职业技术学院学生会副主席。曾被评为 “校级优秀学生会干部”。 在校期间，刻苦认真、吃苦耐劳;注重理论联系实际，培养自学能力以及分析、解决问题的能力。', '-tinyq30', '0', '重庆工程职业技术学院学生会副主席'), ('82', '高代清', '23', '高代清，女，入党积极分子。来自重庆城市管理职业学院工程管理学院物业管理A1401班。现任校团委学生会主席团成员，曾获2014级新生“优秀学员” 校团委学生会“优秀干事” 在工程管理学院“中国梦、工程情”晚会中获“优秀工作者”工程管理学院心理班会“最佳主持人”工程管理学院心理班会“最佳人气奖”工程管理学院朗诵比赛“优秀奖” 工程管理学院物业专业技能大赛“优秀奖” 工程管理学院“中国梦、工程情”晚会节目“三等奖” 工程管理学院学生会气排球比赛“第二名”在大一上期上交了入党申请书，拿到了放了结业证书，在大二下期', 'http://redrock.u.qiniudn.com/2015-09-25_5604247e39e2a.png-tinyq30', '0', '校团委学生会主席团成员'), ('83', '呙欣怡', '23', '呙欣怡，女，共青团员，重庆城市管理职业学院航空服务2014级专科生，现任重庆城市管理职业学院学生会主席团。曾被评为第四十三期“党的基础知识”优秀学员、第五届“飓风杯”优秀干事、2015年春季田径运动会团体赛第一名、第九届校园文化艺术节 “寝室美化”二等奖及优秀奖等。', 'http://redrock.u.qiniudn.com/2015-09-25_560424cf7b4d7.png-tinyq30', '0', '重庆城市管理职业学院学生会主席团成员'), ('84', '郭泳良', '23', '郭泳良，共青团员，重庆城市管理职业学院工商管理学院物流管理2014级专科生，现任校学生会主席团。曾获校学生会“优秀干事” 、校园文化建设“文明寝室”、物流管理主题辩论赛“最佳主持人”', 'http://redrock.u.qiniudn.com/2015-09-25_5604250642cc5.png-tinyq30', '0', '校学生会主席团成员'), ('85', '刘一明', '23', '刘一明，男，重庆城市管理职业工商管理学院报关与国际货运A1401班。现任校团委主席团成员。2015年荣获工商管理学院“营销王”大赛三等奖 曾组织参与工商管理学院各项活动如：工商管理学院趣味运动会 重庆市沙坪坝区校园之春歌唱大赛海选现场志愿人员及一系列志愿活动。', 'http://redrock.u.qiniudn.com/2015-09-25_560425369a87f.png-tinyq30', '0', '校团委主席团成员'), ('86', '陶何灵', '23', '陶何灵，女，共青团员，重庆城市管理职业学院航空服务专业2014级专科生。现任重庆城市管理职业学院校团委学生会主席团成员，在校三十周年校庆活动担任舞蹈演员、担任校运会现场工作人员、参加2015校春季田径运动会国旗方队、参加重庆市中职升高职技能大赛志愿者服务并接受聘书、担任重庆市高职院校中餐主题宴会摆台技能大赛志愿者、参加校级宣传片拍摄并授为优秀学生演员，我班在旅游文化节中荣获礼仪模范班级第一名，本人编排并代表班级参加旅游文化节闭幕式活动。', 'http://redrock.u.qiniudn.com/2015-09-25_5604256e1f01a.png-tinyq30', '0', '重庆城市管理职业学院校团委学生会主席团成员'), ('87', '伍勇', '23', '伍勇，男，共青团员，重庆城市管理职业学院文化产业管理学院环境艺术设计A1401，现任校团委学生会主席团成员，社团联合会主席，社联优秀干事。', 'http://redrock.u.qiniudn.com/2015-09-25_560425a7785b3.png-tinyq30', '0', '校团委学生会主席团成员'), ('88', '傅得曦', '22', '傅得曦，男，共青团员，重庆工业职业技术学院机械工程学院2014级专科生，现任重庆工业职业技术学院学生会副主席。在过去的一年里，他每一步都走的踏踏实实，并收获了辛勤耕耘的累累硕果，并始终坚持“在其位，谋其政，尽其职，胜其任”的生活、学习和工作方式。现将他的事迹汇报如下：  一、 思想政治方面  作为一名团员，他不断提高自己的认识，提升自己的觉悟，认真学习了马列主义、毛泽东思想、邓小平理论和“三个代表”重要思想。深入学习了党中央提出的“八荣八耻”，树立了正确的社会主义荣辱观。通过认真的研读，领悟，他对党的路线', 'http://redrock.u.qiniudn.com/2015-09-25_560425f585adc.png-tinyq30', '0', '重庆工业职业技术学院学生会副主席'), ('89', '胡冰冰', '22', '胡冰冰，女，共青团员，出生于1996年6月，现就读于重庆工业职业技术学院财经学院14营销302班，现担任该校校团委学生会学生副书记。她是一个亦诙亦谐的女孩，落落大方，善于沟通，敢于尝试。她也脚踏实地，追求上进，自入校以来不仅学习成绩优秀，课外生活也非常丰富，积极参加学校、院系的各个活动，其在校期间获奖情况如下： 2014—2015上学年在军事训练中被评为“优秀学员” 2014—2015上学年在菁英学子团干培训中被评为“优秀学员” 2014—2015上学年获财经学院二等奖学金 2014—2015下学年获三月', 'http://redrock.u.qiniudn.com/2015-09-25_56042625a1935.png-tinyq30', '0', '校团委学生会学生副书记'), ('90', '廖泽凤', '22', '廖泽凤，女，共青团员，出生于1995年10月，现就读于重庆工业职业技术学院财经学院14酒店301班，现担任该校校团委学生会副主席。乐于助人，善于沟通，敢于尝试，入校来学习成绩优秀，曾荣获得重庆工业职业技术学院2014—2015学年“校团委·学生会”优秀学生干事。重庆工业职业技术学院2014—2015学年第一学期获校内二等奖学金。重庆工业职业技术学院第六期“菁英学子”培训结业证书，重庆工业职业技术学院营销技能大赛优秀奖。', 'http://redrock.u.qiniudn.com/2015-09-25_5604265710b78.png-tinyq30', '0', '校团委学生会副主席'), ('91', '李佳', '22', '李佳，女，共青团员，重庆工业职业技术学院应用化工专业2014级，现任重庆工业职业技术学院校团委·学生会主席一职。曾获得重庆工业职业技术学院2014—2015学年“校团委·学生会”优秀学生干事。重庆工业职业技术学院2014—2015学年第一学期获校内三等奖学金。重庆工业职业技术学院第六期“菁英学子”培训结业证书。 重庆工业职业技术学院首届配音大赛优秀奖。 性格活泼开朗，大方乐观，积极进取，拥有较强的组织能力策划能力和团队协作精神，具有吃苦耐劳，勇于奉献的优良品德。学习成绩一直在班里名列前茅，操行优秀。并且积', 'http://redrock.u.qiniudn.com/2015-09-25_5604268bdaaf2.png-tinyq30', '0', '重庆工业职业技术学院校团委·学生会主席'), ('92', '刘疆', '22', '刘疆，男，共青团员，出生于1994年9月，现就读于重庆工业职业技术学院车辆工程学院14汽整301班，担任班级学习委员，同时也是校团委学生会副主席。自入校以来，严格遵守学校的各项规章制度，做好模范带头作用，平时能够妥善处理好班级与学生会工作之间的关系，在思想、学习、工作等方面取得了较大的进展。 积极参加学生会的每一次活动，认真思考，不断总结提高自身的思想政治水平，并把大学作为了培养、锻炼、发展自我的平台，时刻用高标准来约束自身，一步一步朝着新的目标前进！ 时刻铭记自己是一个光荣的学生会成员，处处严格的要求自', 'http://redrock.u.qiniudn.com/2015-09-25_560426c633acc.png-tinyq30', '0', '校团委学生会副主席'), ('93', '肖侨伟', '1', '肖侨伟，男，预备党员，重庆邮电大学机械设计制造及其自动化专业2013级本科生，现任重庆邮电大学学生会主席。曾参与重庆市市级创新创业项目研发，获重庆邮电大学优秀学生奖学金、第十二届“信科杯”辩论赛冠军及最佳辩手称号、“四个一”微演讲比赛第二名、生存挑战大赛团体三等奖及个人优秀奖、校级数模大赛三等奖；曾被评为优秀共青团员、优秀学生干部、三好学生。', 'http://redrock.u.qiniudn.com/2015-09-25_5604df1c50fc6.jpg-tinyq30', '0', '学生会主席'), ('94', '尹一凡', '1', '尹一凡，女，共青团员，重庆邮电大学软件工程专业2013级本科生，现任重庆邮电大学学生会副主席。曾设计制作大量视频、微电影等校园文化产品，负责活动宣传片等视频的拍摄及海报的设计，策划开展了校园文化创意活动，曾设计的重邮色彩明信片被重庆晨报报道，重邮快访系列街头采访受到广泛关注。', 'http://redrock.u.qiniudn.com/2015-09-25_5604df7422e66.jpg-tinyq30', '0', '学生会副主席'), ('95', '章庆', '1', '章庆，男，共青团员，重庆邮电大学知识产权专业2013级本科生，现任重庆邮电大学学生会副主席。管理运营重庆邮电大学学生会微信公众号新媒体平台，平台粉丝数、图文阅读量、平台活跃度在重庆市高校新媒体平台中均位于前列，参与创新创业项目《Gesip—信息安全教育平台》获校级立项。', 'http://redrock.u.qiniudn.com/2015-09-25_5604dfde1ab4c.jpg-tinyq30', '0', '学生会副主席'), ('96', '陈鹏', '2', '陈鹏，男，中共党员，西南大学2013级人文地理与城乡规划本科生，现任西南大学大学学生会副主席。曾被评为四川省优秀共青团员、西南大学优秀共青团员、西南大学优秀共青团干部、西南大学优秀学生会干事、西南大学地理科学学院优秀共青团干部等。主持建设西南大学学生会网站、微信公众平台等，曾获教育部全国高校百佳网站等荣誉。', 'http://redrock.u.qiniudn.com/2015-09-25_5604e05c27426.JPG-tinyq30', '0', '学生会副主席'), ('97', '高铭泽', '2', '高铭泽，男，中共党员，西南大学体育学院2013级本科生，现任西南大学学生会副主席，曾被评为西南大学优秀共青团员，西南大学体育先进个人。', 'http://redrock.u.qiniudn.com/2015-09-25_5604e0a7616e2.jpg-tinyq30', '0', '学生会副主席'), ('98', '孙瑞杰', '2', '孙瑞杰，男，预备党员，西南大学音乐表演专业2013级本科生，现任西南大学学生会副主席。曾获维也纳金色大厅青少年文艺晚会“金奖”、西南大学一等奖学金、西南大学科技创新先进个人、大学生暑期“三下乡”社会实践活动先进个人、优秀共青团员、优秀共青团干部、优秀学生会干事、优秀学生会部长、“国学季风”中华传统才艺竞赛优秀展演奖、西南大学第一届模拟面试大赛优秀奖等。', 'http://redrock.u.qiniudn.com/2015-09-25_5604e0ed0f018.png-tinyq30', '0', '学生会副主席'), ('99', '汪晋北', '2', '汪晋北，男，共青团员，西南大学广播电视编导专业2013级本科生，现任西南大学学生会副主席。曾获得第二届“麦芒杯”创新创业大赛一等奖。西南大学创业者，校园020水果微信公众号“零跃生活”创始人。凭此微信，曾发起过“要送就送一整栋”的投票活动，此活动参与人数过2万，转发过千。获得腾讯大渝网、重庆晨报、重庆华龙网的报道。湖北零跃科技有限公司创始人', 'http://redrock.u.qiniudn.com/2015-09-25_5604e3227ee38.JPG-tinyq30', '0', '学生会副主席'), ('100', '汪洋', '2', '汪洋，男，中共党员，西南大学数学与应用数学2013级本科生，现任西南大学学生会副主席、数学与统计学院团委学生会主席。曾获国家奖学金、明德奖学金、第十四届重庆市挑战杯特等奖、西南大学含弘杯一等奖，第九届“重庆新世纪教育”杯数学建模竞赛一等奖，第八届“重庆新世纪教育”杯数学建模竞赛二等奖。先后被评为西南大学2013级本科生军训优秀学员、中共西南大学委员会党校2013学年度第一期入党积极分子培训班优秀学员、2013-2014年度“三好学生”、2014年大学生暑期“三下乡”社会实践活动先进个人、民族团结进步先进个', 'http://redrock.u.qiniudn.com/2015-09-25_5604e35eb729c.jpg-tinyq30', '0', '学生会副主席'), ('101', '张一帆', '2', '张一帆，男，共青团员，西南大学含弘学院袁隆平班专业，现任西南大学学生会主席。曾被评为西南大学三好学生，荣获国家励志奖学金等。', 'http://redrock.u.qiniudn.com/2015-09-25_5604e3e082693.JPG-tinyq30', '0', '学生会主席'), ('102', '邹竞慧', '2', '邹竞慧，女，共青团员，西南大学法学2013级本科生，现任西南大学学生会副主席，曾被评为第十二届中国-新加坡优秀本科生交流项目中国代表、西南大学优秀共青团员、西南大学团校培训优秀学员、西南大学学生会优秀部长等，曾获校园之春“说写行”学生干部风采大赛市二等奖。', 'http://redrock.u.qiniudn.com/2015-09-25_5604e43eafd9a.JPG-tinyq30', '0', '学生会副主席'), ('103', '付雪玲', '4', '付雪玲，女，汉族，西南政法大学应用法学院2012级本科生，现任西南政法大学学生会副主席。多次组织参与校级、市级大型艺术类活动，如大学生艺术展演、高雅艺术进校园、重庆市2014“校园之春”体育舞蹈大赛总决赛等。曾获校学生会“优秀干事”、“社会实践先进个人”等称号。', 'http://redrock.u.qiniudn.com/2015-09-25_5604e4dde523c.jpg-tinyq30', '0', '学生会副主席'), ('104', '李晋泽', '4', '李晋泽，男，共青团员，西南政法大学会计学专业2012级本科生，现任西南政法大学学生会主席。曾被评为西南政法大学“优秀共青团干部”，西南政法大学学生会“优秀干部”、西南政法大学2012级本科学生军训优秀学员。任职期间带领学生会成员完成了“毓秀议苑”、“校园十大歌手大赛”和“感动校园—西政学子年度人物评选”等活动的筹备和执行工作。', 'http://redrock.u.qiniudn.com/2015-09-25_5604e52367a45.jpg-tinyq30', '0', '学生会主席'), ('105', '王立伟', '4', '王立伟，女，共青团员，西南政法大学法学专业2012级本科生，现任西南政法大学学生会副主席。曾被评为西南政法大学社会实践先进个人，西南政法大学“三下乡先进个人”，西南政法大学军训优秀学员，民商法学院社会实践先进个人，曾获“创青春”重庆市铜奖、西南政法大学校级二等奖，完成重庆市级科研项目一项。', 'http://redrock.u.qiniudn.com/2015-09-25_5604e56b5acdc.jpg-tinyq30', '0', '学生会副主席'), ('106', '吴鉴雨', '4', '吴鉴雨，男，中共党员，西南政法大学外语学院英语专业2012级学生，现任西南政法大学学生会副主席。曾被评为校三下乡先进个人、优秀学生干部、三好学生，多次获得学校综合奖学金。', 'http://redrock.u.qiniudn.com/2015-09-25_5604e5a772772.jpg-tinyq30', '0', '学生会副主席'), ('107', '郑思思', '4', '郑思思，女，共青团员，西南政法大学经济法学院2012级本科，现任西南政法大学学生会副主席。曾被评为“西南政法大学三下乡先进个人”、“西南政法大学学生会优秀干事”、“西南政法大学学生会优秀干部”等，系共青团西南政法大学委员会第十二次代表大会代表。', 'http://redrock.u.qiniudn.com/2015-09-25_5604e5d8337ac.jpg-tinyq30', '0', '学生会副主席'), ('108', '边晓玮', '5', '边晓玮，女，预备党员，重庆医科大学临床医学专业2012级本科生，现任重庆医科大学校团委学生副书记。曾被评为“关爱女孩”志愿行动调研报告全国个人二等奖、“创青春”全国大学生创业大赛三等奖，重庆赛区金奖、重庆市“校园之春”一站到底职场模拟大赛二等奖、重庆市优秀共青团员、重庆医科大学“优秀学生干部”、“优秀共青团员”、“社会实践先进个人”、“青年志愿者先进个人” 。', 'http://redrock.u.qiniudn.com/2015-09-25_5604e648cfee1.png-tinyq30', '0', '校团委学生副书记'), ('109', '陈智慧', '5', '陈智慧，女，共青团员，重庆医科大学儿科七年制专业2012级本科生，现任重庆医科大学学生会副主席兼学生自律委员会主席。曾被评为社会实践先进个人，自立自强先进个人，优秀志愿者。', 'http://redrock.u.qiniudn.com/2015-09-25_5604e695da762.png-tinyq30', '0', '学生会副主席'), ('110', '李思豪', '5', '李思豪，男，共青团员，重庆医科大学临床医学专业2012级本科生，现任重庆医科大学校团委学生副书记。曾被评为校级优秀共青团干部、校级社会实践先进个人、优秀共青团员、获得2015年重庆医科大学第十四届“挑战杯”一等奖，2014年国家卫计委“关爱女孩志愿者行动”调研报告评选活动国家级团体一等奖，2015年“校园之春”书评影评大赛校级、市级二等奖等。', 'http://redrock.u.qiniudn.com/2015-09-25_5604e6da83fb2.png-tinyq30', '0', '校团委学生副书记'), ('111', '刘家秀', '5', '刘家秀，女，中共党员，重庆医科大学预防医学专业2012级本科生，现任重庆医科大学学生会主席。全国学联26大正式代表，中国大学生骨干培养学校第八期学员。曾被评为国家卫计委“关爱女孩”志愿行动调研报告全国一等奖、2014重庆市“三下乡”社会实践先进个人、第34届校园之春高校学生干部风采大赛市级一等奖、2015年挑战杯重庆市二等奖、2015重医学子年度人物、校优干。', 'http://redrock.u.qiniudn.com/2015-09-25_5604e72d761a9.png-tinyq30', '0', '学生会主席'), ('112', '刘灵芷', '5', '刘灵芷，女，共青团员，重庆医科大学检验生物技术专业2012级本科生，现任重庆医科大学学生会副主席兼大学生艺术团团长。曾被评为优秀共青团干部、社会实践先进个人等。', 'http://redrock.u.qiniudn.com/2015-09-25_5604e8d178a92.png-tinyq30', '0', '学生会副主席'), ('113', '刘青', '5', '刘青，女，预备党员，重庆医科大学中医学专业2012级本科生，现任重庆医科大学学生会副主席。曾被评为重庆医科大学“精神文明建设先进个人”、“社会实践先进个人”。', 'http://redrock.u.qiniudn.com/2015-09-25_5604e91b0064f.png-tinyq30', '0', '学生会副主席'), ('114', '魏峰', '5', '魏峰，男，共青团员，重庆医科大学中医学2012级本科生，现任重庆医科大学学生会副主席兼学生社团联合会主席。', 'http://redrock.u.qiniudn.com/2015-09-25_5604e97237e90.png-tinyq30', '0', '学生会副主席'), ('115', '许波', '5', '许波，男，预备党员，重庆医科大学信息管理与信息系统（医药卫生方向）专业2012级本科生，现任重庆医科大学学生会常务副主席。曾被评为：国家卫计委关爱女孩调研活动“一等奖”，重庆市学生会工作先进个人，校级优秀共青团员，校级“优干”，校级“三好”等。', 'http://redrock.u.qiniudn.com/2015-09-25_5604e9bf372a8.png-tinyq30', '0', '学生会常务副主席'), ('116', '郁华燕', '5', '郁华燕，女，团员，重庆医科大学麻醉专业2013级本科生，现任重庆医科大学学生会副主席兼青年志愿者联盟主席。曾被评为重庆医科大学“优秀共青团员”、“优秀志愿者”、校级“优秀学生干部”、“优秀共青团干”等。', 'http://redrock.u.qiniudn.com/2015-09-25_5604ea530f59a.png-tinyq30', '0', '学生会副主席'), ('117', '朱芮', '5', '朱芮 女 共青团员 重庆医科大学卫生检验专业2012级本科生，现任重庆医科大学学生会副主席兼任学生宣传新闻中心主任，曾被评为系三好，优秀共青团员，优秀共青团干部，三下乡关爱女孩活动优秀志愿者，获国家励志奖学金。', 'http://redrock.u.qiniudn.com/2015-09-25_5604eaa17ed01.png-tinyq30', '0', '学生会副主席'), ('118', '陈晓', '6', '陈晓，男，共青团员。重庆师范大学数学科学学院统计学专业2013级本科生，现任重庆师范大学学生委员会副主席。曾被评为重庆师范大学“优秀学生干部”，策划组织过校级活动“校园十佳歌手”、“女生节晚会”。我很强的事业心和责任感使我能够面对任何困难和挑战。现在可以把服务同学作为一项跟自己息息相关的事业来做，会积极努力地为全校师生提供更好的服务。', 'http://redrock.u.qiniudn.com/2015-09-25_5604eb5debb25.png-tinyq30', '0', '学生会副主席'), ('119', '冯滟钦', '6', '冯滟钦，女，共青团员，教育科学学院2013级学前教育本科生，现任重庆师范大学学生委员会副主席。曾在校庆60周年活动中获得先进个人称号，也曾多次举办校级活动。我的性格偏于外向，为人坦率、热情、讲求原则，具有良好的管理、组织、沟通能力。最大的满足感在于接手的事情顺利完成，希望在以后的工作中对于没有秩序感的人多一点耐心。', 'http://redrock.u.qiniudn.com/2015-09-25_5604ecb887032.png-tinyq30', '0', '学生会副主席'), ('120', '窦依琳', '6', '窦依琳，女，共青团员。重庆师范大学数学学院数学与应用数学专业2013级本科生，现任重庆师范大学学生委员会办公室主任。曾被评委重庆师范大学“优秀团干部”“先进个人”“优秀志愿者”等等。作为一名学生干部，我一直以“在其位，谋其政；任其职，尽其责”为原则，积极参加各种活动，完善自我的同时为学校的发展贡献自己最大的力量。', 'http://redrock.u.qiniudn.com/2015-09-25_5604ed0274025.png-tinyq30', '0', '学生会办公室主任'), ('121', '骆晗', '6', '骆晗，女，共青团员。重庆师范大学马克思主义学院思想政治教育专业2013级本科生，现任重庆师范大学学生会副主席。曾被评为重庆师范大学“优秀共青团员”“优秀学生干部”“优秀志愿者”等等。作为一名学生干部，一直秉持着“耐心做事，创新方法，用心对人”的理念，同时积极参加各类活动，提升自身综合素质，坚持学习与学生工作两不误，活出新时代大学生的风采！', 'http://redrock.u.qiniudn.com/2015-09-25_5604ed50186eb.png-tinyq30', '0', '学生会副主席'), ('122', '向恒', '6', '向恒，男，共青团员，文学院2013级汉语言文学（师范）本科生，现任重庆师范大学学生委员会主席。曾获得校级“精神文明先进个人”，“优秀学生干部”等荣誉。在平时工作中认真严谨，原则性强，有较强的守时意识，注重团队协作的作用，使各个部门既能够各司其职又能够互相沟通了解，在自己的岗位上发挥出最大的能量。', 'http://redrock.u.qiniudn.com/2015-09-25_5604ee2287c45.png-tinyq30', '0', '学生会主席'), ('123', '杨睿', '6', '杨睿，男，共青团员，重庆师范大学光电信息科学与工程2013级本科生，现任重庆师范大学学生委员会副主席。曾被评为重庆师范大学优秀共青团员、“三下乡”社会实践先进个人、优秀志愿者等。性格开朗、讲究原则、实事求是；具有良好的组织管理及沟通能力；最大的理想是用自己有限的力量做出更多的有意义的事情。', 'http://redrock.u.qiniudn.com/2015-09-25_5604ee7ad7af2.png-tinyq30', '0', '学生会副主席'), ('124', '程钰杰', '7', '程钰杰，男，重庆万州人，重庆交通大学机械设计制造及其自动化专业2013级本科生，现任重庆交通大学常务副主席。曾任重庆交通大学德园小区团委学生会副主席。 座右铭：天才来自百分之九十九的汗水加上百分之一的灵感。', 'http://redrock.u.qiniudn.com/2015-09-25_5604ef3f05de9.png-tinyq30', '0', '学生会常务副主席'), ('125', '简传熠', '7', '简传熠，男，重庆永川人，重庆交通大学理论与用力学专业2013级本科生，现任重庆交通大学校团委组织部干部、重庆交通大学学生会副主席。曾被评为重庆交通大学“优秀学生干部”、“优秀共青团干部”、“青马工程”培训班先进个人等荣誉。', 'http://redrock.u.qiniudn.com/2015-09-25_5604ef952cd26.png-tinyq30', '0', '学生会副主席'), ('126', '刘悦婷', '7', '刘悦婷，女，河北唐山人，经济与管理学院2013级工程造价专业，现任校团委办公室干部、重庆交通大学学生会副主席。曾获校级社会实践奖项,市级、校级创新创业训练奖项。 座右铭：自强不息、厚德载物。', 'http://redrock.u.qiniudn.com/2015-09-25_5604f08fbf150.png-tinyq30', '0', '学生会副主席'), ('127', '张瑞丰', '7', '张瑞丰，男，山东淄博人，就读于重庆交通大学机电与车辆工程学院2013级工程机械专业。现任校团委组织部干部、重庆交通大学学生会主席，曾任中华全国学生联合会第二十六次代表大会正式代表、重庆市学生联合会驻会干部、重庆市红岩菁英第八期大学生骨干培训班毕业学员、重庆交通大学学生会双福分会主席，大学期间获得多项省部级、校级奖励。', 'http://redrock.u.qiniudn.com/2015-09-25_5604f117dd728.png-tinyq30', '0', '学生会主席'), ('128', '赵填椋', '7', '赵填椋，男，云南大理人，重庆交通大学工程管理专业2013级学生，现任校团委办公室干部、重庆交通大学学生会副主席。曾被评委重庆交通大学优秀学生干部、重庆交通大学精神文明先进个人等。 座右铭：不断学习，不断提高自己，更好的为大家服务。', 'http://redrock.u.qiniudn.com/2015-09-25_5604f13d43747.png-tinyq30', '0', '学生会副主席'), ('129', '胡治丞', '8', '胡治丞，男，共青团员，重庆工商大学公共事业管理专业2013级本科生，现任重庆工商大学学生会副主席。曾被评为重庆工商大学“优秀团员”、重庆工商大学演讲与口才大赛二等奖、重庆工商大学党校培训“优秀学员”等。', 'http://redrock.u.qiniudn.com/2015-09-25_5604f1a77be63.jpg-tinyq30', '0', '学生会副主席'), ('130', '梁艳秋', '8', '梁艳秋，女，共青团员，重庆工商大学信息管理与信息系统2013级本科生，现任重庆工商大学学生会副主席。曾被评为“三下乡”先进个人、优秀团干部、重庆工商大学新儒商商务谈判大赛二等奖等荣誉称号。', 'http://redrock.u.qiniudn.com/2015-09-25_5604f1fe1ec88.jpg-tinyq30', '0', '学生会副主席'), ('131', '宁钰茹', '8', '宁钰茹，女，共青团员，重庆工商大学文学与新闻学院2013级本科生，现任重庆工商大学学生会副主席。曾获重庆工商大学优秀综合学生一等奖、社会实践先进个人、优秀学生、优秀团员、团校培训获“优秀学员”等称号。', 'http://redrock.u.qiniudn.com/2015-09-25_5604f22a4ed7d.jpg-tinyq30', '0', '学生会副主席'), ('132', '秦春松', '8', '秦春松，男，共青团员，重庆工商大学市场营销专业2013级本科生，现任重庆工商大学学生会副主席。曾荣获国家奖学金、重庆市“三创”竞赛一等奖、校级一等奖学金、优秀学生干部、优秀团员、文明大学生、36182素拓工程标兵、“六大赛事”一等奖等。', 'http://redrock.u.qiniudn.com/2015-09-25_5604f25069f80.jpg-tinyq30', '0', '学生会副主席'), ('133', '温云麟', '8', '温云麟，男，共青团员，重庆工商大学投资专业2013级本科生，现任重庆工商大学学生会副主席。曾获重庆工商大学优秀团干、文明大学生、英国保诚公司基金投资大赛第一名、重庆大学生艺术团民乐团二等奖、二胡通过十级考试、游泳二级运动员。', 'http://redrock.u.qiniudn.com/2015-09-25_5604f27ea57ad.jpg-tinyq30', '0', '学生会副主席'), ('134', '轩琳芸', '8', '轩琳芸，女，共青团员，重庆工商大学电子信息工程专业2013级本科生，现任重庆大学学生会副主席。曾被评为重庆市第四届大学生艺术展演活动先进个人、重庆工商大学优秀团员、&quot;36182&quot;大学生素质拓展工程标兵。', 'http://redrock.u.qiniudn.com/2015-09-25_5604f2a9d9ae1.jpg-tinyq30', '0', '学生会副主席'), ('135', '徐艺珊', '8', '徐艺珊，女，共青团员，重庆工商大学金融专业2013级本科生，现任重庆工商大学学生会主席。曾获重庆工商大学优秀团员、&quot;36182&quot;大学生素质拓展工程标兵。', 'http://redrock.u.qiniudn.com/2015-09-25_5604f2d28ea7c.jpg-tinyq30', '0', '学生会主席'), ('136', '陈彦霖', '9', '陈彦霖，女，共青团员，重庆理工大学财务管理专业2013级本科生，现任重庆理工大学学生会副主席。曾获校综合奖学金、校“优秀共青团员”、国家级“中国舞”5级证书、重庆市“优秀志愿者”、“健美操”大赛校级一等奖等。', 'http://redrock.u.qiniudn.com/2015-09-25_5604f32a57e95.jpg-tinyq30', '0', '学生会副主席'), ('137', '陈映儒', '9', '陈映儒，男，共青团员，重庆理工大学应用物理学专业2013级本科生，现任重庆理工大学学生会副主席，兼校团委组织部部长。曾获重庆理工大学学子“百家讲坛”院级三等奖、重庆理工大学青年科技论坛院级二等奖、 “优秀共青团干部”等', 'http://redrock.u.qiniudn.com/2015-09-25_5604f393468eb.jpg-tinyq30', '0', '学生会副主席'), ('138', '蒋吉', '9', '蒋吉，女，中共预备党员，重庆理工大学劳动与社会保障专业2013级本科生，现任重庆理工大学学生会副主席。曾获重庆市“校园之春”高校学生干部“说、写、行”风采大赛一等奖、校学子“百家讲坛”二等奖，校综合甲等奖学金等。', 'http://redrock.u.qiniudn.com/2015-09-25_5604f3ebbf037.jpg-tinyq30', '0', '学生会副主席'), ('139', '罗喻夫', '9', '罗喻夫，男，共青团员，重庆理工大学会计信息化专业2013级本科生，现任重庆理工大学学生会副主席，校定向越野队队长。曾获重庆理工大学“优秀共青团员”、校综合甲等奖学金、“理工杯”大学生创业大赛校级三等奖等', 'http://redrock.u.qiniudn.com/2015-09-25_5604f4166a1d7.jpg-tinyq30', '0', '学生会副主席'), ('140', '马士伟', '9', '马士伟，男，共青团员，重庆理工大学材料成型及控制工程专业2013级本科生，现任重庆理工大学学生会副主席，兼任重庆理工大学社团联合会主席。曾获理工杯创业大赛三等奖、校园学子“百家讲坛”三等奖、“优秀社团干部”等。', 'http://redrock.u.qiniudn.com/2015-09-25_5604f44a205a4.jpg-tinyq30', '0', '学生会副主席兼社团联合会主席'), ('141', '王鸣康', '9', '王鸣康，男，中共预备党员，重庆理工大学物联网工程专业2013级本科生，现任重庆理工大学学生会副主席。曾获市级美术奖项两项、羽毛球奖项两项、重庆理工大学校级“优秀学生干部”等荣誉。', 'http://redrock.u.qiniudn.com/2015-09-25_5604f48d7dea9.jpg-tinyq30', '0', '学生会副主席'), ('142', '王炼', '9', '王炼，女，共青团员，重庆理工大学工商管理专业2013级本科生，现任重庆理工大学学生会主席。曾获“三创”比赛市级优胜奖、重庆理工大学“优秀军训学员”、重庆理工大学“共青团工作积极分子”、重庆理工大学综合奖学金等。', '-tinyq30', '0', '学生会主席'), ('143', '徐淋莉', '9', '徐淋莉，女，中共预备党员，重庆理工大学汉语国际教育专业2013级本科生，现任重庆理工大学学生会副主席，兼校团委传媒中心主任。曾获重庆理工大学校级甲等奖学金、校学子&quot;百家讲坛&quot;一等奖、校“优秀共青团干部”等。', 'http://redrock.u.qiniudn.com/2015-09-25_5604fa5808fd9.jpg-tinyq30', '0', '学生会副主席兼校团委传媒中心主任'), ('144', '杨建民', '9', '杨建民，男，共青团员，重庆理工大学金融学专业2013级本科生，现任重庆理工大学学生会副主席，兼校青年志愿者协会会长。曾获重庆市科技馆“优秀志愿者”、重庆国际马拉松大赛“优秀志愿者”、校“优秀共青团干部”等。', 'http://redrock.u.qiniudn.com/2015-09-25_5604fa89be9de.jpg-tinyq30', '0', '学生会副主席兼校青年志愿者协会会长'), ('145', '蔡珺瑶', '10', '蔡珺瑶，女，共青团员，四川外国语大学国际政治专业2013级本科生，现任四川外国语大学学生会代理副主席。曾被评为四川外国语大学2014-2015学年度“青年志愿者先进个人”，“三优一佳优秀团员”等；曾任重庆市“校园之春”歌手大赛志愿者，亚欧互联互通产业对话会志愿者。', 'http://redrock.u.qiniudn.com/2015-09-25_5604fad72e72a.jpg-tinyq30', '0', '学生会代理副主席'), ('146', '陈洪', '10', '陈洪，男，四川外国语大学东方语学院阿拉伯语专业2013级本科生，现任四川外国语大学学生会代理副主席。积极参加学校各个活动以及社会实践活动，工作认真负责，努力向上，拼搏奋进。曾被评为四川外国语大学优秀学生干部。', 'http://redrock.u.qiniudn.com/2015-09-25_5604fb9991f0a.jpg-tinyq30', '0', '学生会代理副主席'), ('147', '刘玉洁', '1', '刘玉洁，女，共青团员，四川外国语大学外交学专业2013级本科生，现任四川外国语大学校学生会代理副主席。曾被评为重庆市“第四届大学生艺术展演活动”先进个人，“自立自强优秀大学生”和“优秀学员”。', 'http://redrock.u.qiniudn.com/2015-09-25_5604fbbf37ff9.jpg-tinyq30', '0', '学生会代理副主席'), ('148', '宋宛融', '10', '宋宛融，女，共青团员，四川外国语大学汉语言文学（中外文化交流方向）专业2013级本科生，现任四川外国语大学学生会代理副主席。曾被评为四川外国语大学2013-2014学年优秀层长。曾获得四川外国语大学校级三等奖学金.', 'http://redrock.u.qiniudn.com/2015-09-25_5604fbf01aab8.jpg-tinyq30', '0', '学生会代理副主席'), ('149', '谢雨薇', '10', '谢雨薇，女，共青团员，四川外国语大学德语专业2013级本科生，现任四川外国语大学学生会代理副主席。曾在四川外国语大学2013-2014学年度“三优一佳”评比活动中被评为优秀团员，多次担任重庆市大学生“校园之春”活动志愿者。', 'http://redrock.u.qiniudn.com/2015-09-25_5604fc1936356.jpg-tinyq30', '0', '学生会代理副主席'), ('150', '张雪莹', '10', '张雪莹，女，共青团员，四川外国语大学汉语国际教育专业2013级本科生，现任四川外国语大学学生会代理副主席。曾被评为四川外国语大学2013-2014学年度“三优一佳优秀团员”，重庆市第四届大学生艺术展演活动先进个人；曾任重庆市“校园之春”歌手大赛、流行舞大赛志愿者。', 'http://redrock.u.qiniudn.com/2015-09-25_5604fc5de900c.jpg-tinyq30', '0', '学生会代理副主席'), ('151', '韩小雨', '11', '韩小雨，男，共青团员，四川美术学院美术教育系平面设计专业2013届本科生，现任四川美术学院学生会副主席。曾评获曾被评为重庆市“三下乡”社会实践先进个人，评为2014-2015优秀学生干部和先进个人。', 'http://redrock.u.qiniudn.com/2015-09-25_5604fc989280c.png-tinyq30', '0', '学生会副主席'), ('152', '胡冰青', '11', '胡冰青 ，女，共青团员，四川美术学院新媒体艺术系2013届本科生，现任四川美术学院校学生会副主席，曾评获“2014-2015年优秀学生干部”，以及“2014-2015晚会先进个人”', 'http://redrock.u.qiniudn.com/2015-09-25_5604fd048e70d.png-tinyq30', '0', '学生会副主席'), ('153', '伍姝梅', '11', '伍姝梅，女，中共党员，四川美术学院工艺美术专业2013届本科生，现任四川美术学院学生会副主席。曾评获2014-2015年“争先创优”称号；评为2014-2015优秀学生干部和先进个人。', 'http://redrock.u.qiniudn.com/2015-09-25_5604fd2b7a254.png-tinyq30', '0', '学生会副主席'), ('154', '许若漫', '11', '许若漫，女，中共预备党员，四川美术学院中国画系书法专业2013级本科生，现任四川美术学院校学生会主席，曾被评为校“2014-2015优秀学生干部”、“2014-2015优秀共青团员”、并多次荣获先进个人、为学校争取赞助。', 'http://redrock.u.qiniudn.com/2015-09-25_5604fd5d2464b.png-tinyq30', '0', '学生会主席'), ('155', '曾婉妮', '11', '曾婉妮，女，共青团员，四川美术学院美术学系艺术策划与管理专业2013届本科生，现任四川美术学院学生会副主席。曾被评为2014-2015优秀学生干部和先进个人，2014-2015精神文明先进个人。', 'http://redrock.u.qiniudn.com/2015-09-25_5604fd8447f08.png-tinyq30', '0', '学生会副主席'), ('156', '董梦影', '12', '董梦影，女，共青团员，重庆三峡学院法学专业2013级本科生，现任重庆三峡学院团委学生会副主席。曾被评为重庆三峡学院“优秀共青团员”“优秀共青团干部”“优秀学生干部”“自立自强先进个人”，多次获得校级奖学金。', 'http://redrock.u.qiniudn.com/2015-09-25_5604fddb510f0.jpg-tinyq30', '0', '学生会副主席'), ('157', '胡雅雯', '12', '胡雅雯，女，中共预备党员，重庆三峡学院广告学专业2013级本科生，现任重庆三峡学院学生会主席。曾获得重庆市“第34届校园之春职场挑战赛”特等奖，重庆三峡学院“三好学生”、“优秀共青团员”，连续多次获得国家级、校级奖学金。', 'http://redrock.u.qiniudn.com/2015-09-25_5604fe1757e4d.jpg-tinyq30', '0', '学生会主席'), ('158', '李鹏程', '12', '李鹏程，男，中共预备党员，重庆三峡学院机械电子工程专业2013级本科生，现任重庆三峡学院团委学生会副主席。曾被评为重庆三峡学院“优秀共青团员”，重庆三峡学院“优秀共青团干部”，多次国家级、校级奖学金。', 'http://redrock.u.qiniudn.com/2015-09-25_5604fe446dac3.jpg-tinyq30', '0', '学生会副主席'), ('159', '涂客松', '12', '涂客松，男，共青团员，重庆三峡学院机械电子工程专业2013级本科生，现任重庆三峡学院学生会副主席兼学生团体联合会主席，曾获得重庆三峡学院&quot;优秀共青团员&quot;&quot;优秀共青团干&quot;“三好学生”等荣誉。', 'http://redrock.u.qiniudn.com/2015-09-25_5604fe7433e45.jpg-tinyq30', '0', '学生会副主席兼学生团体联合会主席'), ('160', '吴鹏', '12', '吴鹏，男，中共预备党员，重庆三峡学院土木工程专业2012级本科生，现任重庆三峡学院团委学生副书记。曾被评为重庆市“三下乡”社会实践先进个人，重庆市“青年志愿者先进个人”，重庆三峡学院“三好学生”、“优秀共青团干部”等荣誉。', 'http://redrock.u.qiniudn.com/2015-09-25_5604fe9d81ab0.jpg-tinyq30', '0', '校团委学生副书记'), ('161', '肖必娅', '12', '肖必娅，女，中共预备党员，重庆三峡学院信息管理与信息系统专业2013级本科生，现任重庆三峡学院学生会副主席，曾被评为&quot;优秀共青团员&quot;&quot;优秀共青团干部&quot;“三好学生”“自立自强先进个人”', 'http://redrock.u.qiniudn.com/2015-09-25_560500de96bc5.jpg-tinyq30', '0', '学生会副主席'), ('162', '周干评', '12', '周干评，男，中共预备党员，重庆三峡学院土木工程专业2013级本科生，现任重庆三峡学院学生会副主席。曾被评为重庆三峡学院“三好学生”、“优秀共青团员干部”、“优秀共青团员”、“自立自强先进个人”等荣誉称号。', 'http://redrock.u.qiniudn.com/2015-09-25_5605010fabfcd.jpg-tinyq30', '0', '学生会副主席'), ('163', '黄加伟', '13', '黄加伟，男，入党积极分子，重庆文理学院体育教育专业2013级本科生，现任重庆文理学院学生会副主席，曾被评为“军训优秀学员”，在2013年第一学期中获得＂二等奖学金＂，2014年第一学期中获得＂二等奖学金＂，在2014年重庆市大学生舞蹈展演中荣获一等奖。', 'http://redrock.u.qiniudn.com/2015-09-25_5605016425f9e.jpg-tinyq30', '0', '学生会副主席'), ('164', '刘扶太', '13', '刘扶太，男，共青团员，重庆文理学院材料成型及控制工程专业2013级本科生，现任重庆文理学院学生会副主席。曾在学校“五四评优”中被评为“优秀共青团员”；进入大学以来获得重庆文理学院一等奖学金三次；带领的团队在校知识安全竞赛中获得第一名；与同学一起组队并成功申请了科研立项，丰富了课余生活，将课堂上的理论运用到实践中。', 'http://redrock.u.qiniudn.com/2015-09-25_5605018eb82a2.jpg-tinyq30', '0', '学生会副主席'), ('165', '杨蓓莉', '13', '杨蓓莉，女，共青团员，重庆文理学院应用心理学专业2013级本科生，现任重庆文理学院学生会主席。曾被评为“军训优秀学员”，“校级优秀共青团干部”，“校级优秀班干部”，第四届重庆市大学生艺术展演活动“校级先进工作者”；先后参加重庆市第五届大学生成长论坛之沙盘竞赛获二等奖，参加第十四届“挑战杯”全国大学生课外学术科技作品竞赛获重庆赛区一等奖；获得重庆文理学院特等奖学金、一等奖学金、二等奖学金各一次；曾在重庆文理学院第十四届“科技文化月”之“挑战杯”竞赛中获特等奖，在校定向越野比赛中获一等奖，在2014年暑期社会', 'http://redrock.u.qiniudn.com/2015-09-25_560501d7be9e8.jpg-tinyq30', '0', '学生会主席'), ('166', '张凡', '13', '张凡，男，共青团员，重庆文理学院园林专业2013级本科生，现任重庆文理学院学生会副主席，曾获得学校特等奖学金和一等奖学金，举办且参与过多次活动，对学校学生组织工作认真负责，待人友好，喜欢与别人交朋友，有能力做好自己的本职工作，也能合理的带领部长完成学校学生组织的工作。', 'http://redrock.u.qiniudn.com/2015-09-25_56050200db665.jpg-tinyq30', '0', '学生会副主席'), ('167', '陈美静', '14', '陈美静，女，共青团员，长江师范学院公共事业管理专业2013级本科生，现任校团委（学生）副书记、校学生会副主席。历任校团委组织部干事、部长，新生代理班主任，学生会宿管部干事，创艺摄影协会技术部干事。曾获“新生军训先进个人”，“优秀共青团干部”、“精神文明建设先进个人”等荣誉称号。', '-tinyq30', '0', '校团委学生副书记'), ('168', '陈正', '14', '陈正，女，中共预备党员，长江师范学院旅游管理专业2013级本科生，现任校学生会副主席。曾获校级一、二等奖学金，获评“优秀学生干部”、“优秀志愿者”、“优秀共青团员”、“精神文明先进个人”等荣誉称号。', '-tinyq30', '0', '学生会副主席'), ('169', '李晶菡', '14', '李晶菡，女，共青团员，长江师范学院汉语言文学（师范）专业2013级本科生，现任校学生会副主席。曾获评校级“优秀共青团员”、“优秀学生会干部”、“优秀学生干部”等荣誉称号。', '-tinyq30', '0', '学生会副主席'), ('170', '刘涛', '14', '刘涛，男，共青团员，长江师范学院生物工程专业2013级本科生，现任校学生会副主席。曾被评为我校志愿者组织“优秀志愿者”、“优秀支教老师”，校学生会“优秀干部”。', '-tinyq30', '0', '学生会副主席'), ('171', '礼享', '14', '礼享，男，中共预备党员，长江师范学院思想政治教育（师范）专业2013级本科生，现任校团委（学生）副书记、校学生会主席（兼），重庆市学联大学生新媒体中心“学载青春梦”微信编辑部副主编。历任班级班长，校团委办公室干事、主任，大学生科技爱好者协会会长助理。是“青年马克思主义者培养工程”重庆市红岩菁英学校第八期、第九期大学生骨干。参与的“挑战杯”大学生课外学术科技作品竞赛项目获重庆赛区一等奖。曾获校级三等奖学金，获评校级“‘三下乡’先进个人”、“优秀共青团员”、“优秀共青团干部”等荣誉称号', 'http://redrock.u.qiniudn.com/2015-09-25_560502fce5c4c.jpg-tinyq30', '0', '校团委学生副书记'), ('172', '唐大鹏', '14', '唐大鹏，男，共青团员，长江师范学院小学教育（全科）专业2013级本科生，现任校学生会常务副主席。历任班级班长，校学生会办公室干事、副主任。曾获“新生军训先进个人”、“优秀共青团员”、“精神文明建设先进个人”等荣誉称号。', 'http://redrock.u.qiniudn.com/2015-09-25_560503aa3cce6.jpg-tinyq30', '0', '学生会常务副主席'), ('173', '汪欣', '14', '汪欣，女，中共预备党员，长江师范学院思想政治教育（师范）专业2013级本科生，现任校团委（学生）副书记、校学生会副主席。历任校团委组织部干事、副部长，大学生就业服务中心办公室主任，班级团支部书记。曾获国家励志奖学金，校级一等奖学金，重庆市“正和岛”杯第二届大学生职场模拟招聘大赛三等奖，校学生干部“说、写、行”大赛二等奖、校辩论赛团体二等奖等荣誉及校级“自立自强先进个人”、“优秀共青团干部”等荣誉称号。', 'http://redrock.u.qiniudn.com/2015-09-25_56050e9b30d1e.jpg-tinyq30', '0', '校团委学生副书记'), ('174', '郑超文', '14', '郑超文，男，共青团员，长江师范学院体育健康专业2013级本科生，现任校学生会副主席。曾获评“优秀学生干部”、“优秀共青团员”、“精神文明先进个人”等荣誉称号。', '-tinyq30', '0', '学生会副主席'), ('175', '何馨如', '15', '何馨如，女，入党积极分子，重庆第二师范学院电子商务物流管理专业2013级本科生，现任重庆第二师范学院学生会副主席。', 'http://redrock.u.qiniudn.com/2015-09-25_56050f882a522.jpg-tinyq30', '0', '学生会副主席'), ('176', '黄潇', '15', '黄潇，女，共青团员，重庆第二师范学院旅游管理专业2013级本科生，现任重庆第二师范学院学生会主席。曾被评为“优秀干部”“优秀志愿者”“最佳辩手”。曾获得重庆共青团—学载青春梦稿件录用证书。', 'http://redrock.u.qiniudn.com/2015-09-25_56050ff0c5058.jpg-tinyq30', '0', '学生会主席'), ('177', '刘钢', '15', '刘钢，男，共青团员，重庆第二师范学院小学全科教师数学与应用数学专业2013级本科生，现任重庆第二师范学院学生会副主席。曾被评为重庆第二师范学院暑期“社会实践优秀个人”，重庆第二师范学院入党积极分子“优秀学员”。', 'http://redrock.u.qiniudn.com/2015-09-25_560511dfb6fb7.jpg-tinyq30', '0', '学生会副主席'), ('178', '邵璐瑶', '15', '邵璐瑶，女，重庆第二师范学院2013级汉语言文学专业本科，现任重庆第二师范学院校学生会副主席', 'http://redrock.u.qiniudn.com/2015-09-25_5605129843a78.jpg-tinyq30', '0', '学生会副主席'), ('179', '熊黄嘉宸', '15', '熊黄嘉宸，女，预备党员，重庆第二师范学院学前教育学院2013级本科生，现任重庆第二师范学院校学生会副主席，曾获校二等综合奖学金，校辩论赛亚军，“最佳辩手”“校级优秀学生干部”。', '-tinyq30', '0', '学生会副主席'), ('180', '张忠伟', '15', '张忠伟，男，预备党员，重庆第二师范学院视觉传达设计专业2013级本科生，现任重庆第二师范学院学生会副主席。 曾多次获得一等奖学金，国家励志奖学金，获得“优秀团员”“三好学生”等荣誉称号', '-tinyq30', '0', '学生会副主席'), ('181', '周甜', '15', '周甜，男，共青团员，重庆第二师范学院生物与化学工程系食品营养与检测专业2013级专科生，现任重庆第二师范学院学生会副主席，曾被评为“优秀干事”“优秀干部”“创业孵化班优秀团队”等', '-tinyq30', '0', '学生会副主席'), ('182', '龚茂', '16', '龚茂，男，共青团员，重庆警察学院刑事犯罪侦查专业2013级本科生，现任重庆警察学院学生会副主席。曾荣获、第33届重庆市“校园之春”大学生模拟招聘大赛优秀奖，荣获三好学生、学院景铮杯演讲比赛二等奖、第三届校园文化艺术节征文比赛二等奖等校级表彰奖励6次。', '-tinyq30', '0', '学生会副主席'), ('183', '何盛', '16', '何盛，男，中共预备党员，重庆警察学院刑事犯罪侦查专业2012级本科生，现任重庆警察学院学生会主席。曾被评为重庆市青年志愿者先进个人、重庆市公安局优秀共青团员，曾荣获第五届“中国警界明日之星论坛”征文比赛全国一等奖、国家励志奖学金、中国扶贫基金协会“善行100.圆梦六一”爱心团队称号，荣获三好学生、优秀共青团干部等校表彰奖励13次。', '-tinyq30', '0', '学生会主席'), ('184', '沈俊良', '16', '沈俊良，男，共青团员，重庆警察学院刑事犯罪侦查专业2012级本科生，现任重庆警察学院学生会副主席。曾荣获渝北区优秀义工称号，荣获优秀大学生干部、优秀小教员、优秀共青团员等校级表彰奖励6次。', '-tinyq30', '0', '学生会副主席'), ('185', '沈俊良', '16', '沈俊良，男，共青团员，重庆警察学院刑事犯罪侦查专业2012级本科生，现任重庆警察学院学生会副主席。曾荣获渝北区优秀义工称号，荣获优秀大学生干部、优秀小教员、优秀共青团员等校级表彰奖励6次。', 'http://redrock.u.qiniudn.com/2015-09-25_560517b691307.jpg-tinyq30', '0', '学生会副主席'), ('186', '王军翔', '16', '王军翔，男，共青团员，重庆警察学院刑事科学技术专业2012级本科生，现任重庆警察学院学生会副主席。曾被评为重庆市公安局优秀共青团干部，荣获优秀共青团干部、学院五四表彰暨歌咏比赛组织工作 “突出贡献奖等校表彰奖励6次。', 'http://redrock.u.qiniudn.com/2015-09-25_560518441c3bb.jpg-tinyq30', '0', '学生会副主席'), ('187', '王雨馨', '16', '王雨馨，女，中共预备党员，重庆警察学院交通管理工程专业2012级本科生，现任重庆警察学院学生会副主席。曾荣获重庆市公安局公会杯乐器大赛优秀奖、重庆市公安局元旦晚会《麻辣警花》二等奖，荣获三好学生、优秀大学生干部等校表彰奖励8次。', 'http://redrock.u.qiniudn.com/2015-09-25_560518a8acb88.jpg-tinyq30', '0', '学生会副主席'), ('188', '李林', '17', '李林，男，预备党员，重庆电力高等专科学校发电厂及电力系统专业2013级专科生，现任重庆电力高等专科学校学生会主席。曾被评为优秀学生干部，获国家励志奖学金、重庆市第三十四届校园之春“职场挑战杯”一等奖。', 'http://redrock.u.qiniudn.com/2015-09-25_56052dacc9903.png-tinyq30', '0', '学生会主席'), ('189', '彭增', '17', '彭增，女，共青团员，重庆电力高等专科学校电力工程学院发电厂及电力系统2班在校专科生，现任重庆重庆电力高等专科学校学生会副主席。在入学军训中被评“先进个人“，大一上下学期均荣获”一等奖学金“，在校期间积极参加校运会荣获女子100米第五名，积极参加校组织的羽毛球比赛荣获女子组第三名，荣获电力工程学院”学习之星“。 我性格开朗活泼大方外向，是现代社会典型“女汉子“性格，对待工作我积极完成，对待学习我一丝不苟，工作业余之际体育爱好，文学修养也都充实着我的生活。爱旅游也会让我结实更多的朋友，毕竟只有真实经历的风景才', 'http://redrock.u.qiniudn.com/2015-09-25_56052f4086ced.png-tinyq30', '0', '学生会副主席'), ('190', '伍定越', '17', '我叫伍定越，现就读于电力高等专科学校14级电厂热能动力装置专业。在一年的学习中，我踏实努力，取得了专业第一的优异成绩，荣获“2014-2015学年一等奖学金”，并通过了高等学校英语应用能力三级考试。在工作中，曾任校学生会实践部干事，组织参与一系列志愿服务活动，获得“中国注册志愿者”证书，并凭借优异工作表现荣获“2014-2015学年校学生会工作之星”。 2015年4月经过初选、复选、最终答辩后成功竞聘校学生会副主席。我认为学生会的发展，首先必须坚持把学生会工作放到学校工作大局中去思考和把握，进一步引导广大', 'http://redrock.u.qiniudn.com/2015-09-25_56053077cb886.png-tinyq30', '0', '学生会副主席'), ('191', '刘林', '17', '我的名字刘林，我的专业是火电厂集控运行专业，经过半学期的锤炼，在各个方面都有所提高。 在校期间，我曾获得过一等奖学金、优秀学员、部门工作之星。我对所学专业有着极大的兴趣与爱好，掌握了现阶段应具有的基本知识，并努力地将理论知识运用到实践中去。同时顺利地通过了计算机一级的等级考试，对Windows操作系统和Office办公软件的运用十分熟练。  除此之外，我对自身综合能力的锻炼也十分的看重。担任集控1412班心理委员，专业课的课代表，同时从校学生会的一员。期间充实的大学生活，培养了我做事严谨、求实的工作态度，', 'http://redrock.u.qiniudn.com/2015-09-25_560531b1187c7.png-tinyq30', '0', '学生会副主席'), ('192', '贺良爽', '18', '贺良爽，男，共青团员，重庆医药专科高等学校药学专业2014级专科生，现任重庆医药高等专科学校社团联合会主席，曾在全校12•9演讲获得二等奖，曾被评为全校“优秀共青团员”，在校运动会男子400米获得冠军，曾被评为药学院“优秀干事”，被评为校毅跆拳道社“优秀学员”，曾被评为医专达人秀“医专达人奖”，在生活工作中，我能一如既往的严格要求自己，力求在各方面做到表率的作用，而且乐于融入集体，和大家共同进步，在生活中尊重师长，团结同学，关爱他人，在社联工作中感受到集体的温暖，从中收获友谊和重要的经验。以“每天都有进步', 'http://redrock.u.qiniudn.com/2015-09-25_56053587b2149.JPG-tinyq30', '0', '社团联合会主席'), ('193', '江蕊财', '18', '江蕊财，男,共青团员，重庆医药高等专科学校临床学专业2014级学生，现任重庆医药高等专科学校学生会副主席。来自山城重庆，是一位踏实刻苦的男生，生性幽默乐观。所谓年轻就是资本，拥有层出不穷的新想法和巨大的热情，且能力和经验也毫不逊色。进入大学以来：平时注意综合素质的全面发展，积极参加学校组织的各项活动。在学习中，态度端正，刻苦努力；在工作中，在完成个人任务的同时，也能协助主席团完成信息的上传和下达工作，并按实际情况给各部门分配好任务，以保证工作可以保质保量地完成。', 'http://redrock.u.qiniudn.com/2015-09-25_560535bf1d747.jpg-tinyq30', '0', '学生会副主席'), ('194', '赖秋', '18', '赖秋，女，共青团员，重庆医药高等专科学校助产专业2014级在校学生，现任重庆医药高等专科学校学生会主席。同时也担任所在班级班长。曾在军训中被评为“优秀学员”；在我校第六届“炫彩金秋”校园文化艺术节之舞蹈大赛中表现优异荣获“最佳表演奖”；2014年-2015年学年因表现突出被评为“优秀共青团员”。不管是作为一名班长还是一名学生会主席，我都严格要求自己，做到学习工作两不误。在班级的学习上，能很好的做到带头作用，希望能凭自己的努力得到国家奖学金，同时带动同学们一起进步，在合作中学习，在合作中进步，营造出更好的学', 'http://redrock.u.qiniudn.com/2015-09-25_560535ef68981.JPG-tinyq30', '0', '学生会主席'), ('195', '赵莹', '18', '赵莹，女，共青团员，重庆医药高等专科学校护理专业2014级专科生，现任重庆医药高等专科学校团委学生副书记。在军训期间，因表现突出，被评为“优秀学员”。 本人性格热情开朗，待人友好，为人诚实谦虚。工作勤奋，认真负责，能吃苦耐劳，尽职尽责，有耐心。具有亲和力，平易近人，善于与人沟通。 学习刻苦认真，成绩优异。在校团委学生会工作的过程中，大大提高了自己的办事和处事能力。我一直认为用心、踏实是做好每一件是的基础，是取得成功必不可少的条件，而热情、真诚是待人必不可少的条件，也是取得良好人际关系的必要条件。我相信世上', 'http://redrock.u.qiniudn.com/2015-09-25_56053629e7b92.JPG-tinyq30', '0', '校团委学生副书记'), ('196', '郭秋霞', '19', '郭秋霞，女，共青团员，重庆三峡医药高等专科学校药学专业2014级专科生，现任重庆三峡医药高等专科学校团委学生会副主席。曾被评为优秀共青团干部。', 'http://redrock.u.qiniudn.com/2015-09-25_5605369c26e66.png-tinyq30', '0', '学生会副主席'), ('197', '秦晓凤', '19', '秦晓凤，女，共青团员，重庆三峡医药高等专科学校护理专业2014级专科生，现任重庆三峡医药高等专科学校团委副书记。曾被评为2014级学生军训活动军训标兵。', 'http://redrock.u.qiniudn.com/2015-09-25_560536d9b750f.png-tinyq30', '0', '校团委学生副书记'), ('198', '宋海平', '19', '宋海平，男，共青团员，重庆三峡医药高等专科学校临床医学专业2014级专科生，现任重庆三峡医药高等专科学校团委学生会副主席。曾被评为临床系文艺先进个人。', 'http://redrock.u.qiniudn.com/2015-09-25_5605371150304.png-tinyq30', '0', '学生会副主席'), ('199', '谭倩霞', '19', '谭倩霞，女，共青团员，重庆三峡医药高等专科学校护理专业2014级专科生，现任重庆三峡医药高等专科学校团委学生会副主席。曾获护理系“校园之春之‘说.写.行’风采大赛”优秀奖。', 'http://redrock.u.qiniudn.com/2015-09-25_560537a43f176.png-tinyq30', '0', '学生会副主席'), ('200', '杨艺', '19', '杨艺，女，共青团员，重庆三峡医药高等专科学校思政教学专业2014级专科生，现任重庆三峡医药高等专科学校团委学生会副主席。曾被评为2014级学生军训活动军训标兵、造血干细胞优秀组织者，荣获国际秘书节之速录比赛优秀奖。', 'http://redrock.u.qiniudn.com/2015-09-25_560537c5ef99d.png-tinyq30', '0', '学生会副主席'), ('201', '张笑', '19', '张笑，男，共青团员，重庆三峡医药高等专科学校药学专业2014级专科生，现任重庆三峡医药高等专科学校团委学生会副主席。曾被评为优秀共青团干部，荣获药学系学生干部风采大赛三等奖，校社团黑八台球比赛优秀奖。', 'http://redrock.u.qiniudn.com/2015-09-25_560537e8a684d.png-tinyq30', '0', '学生会副主席'), ('202', '池安', '20', '池安，女，入党积极分子，重庆航天职业技术学院管理工程系工程造价2014级学生，现任重庆航天职业技术学院学生会副主席。曾获得军训“优秀学员”、管理系“年度优秀人物”、重庆航天职业技术学院第四届职业生涯规划设计大赛一等奖、重庆航天职业技术学院“三好学生”、国家励志奖学金、曾担任“办公室副主任”一职', 'http://redrock.u.qiniudn.com/2015-09-25_5605385b9d170.png-tinyq30', '0', '学生会副主席'), ('203', '桂湄', '20', '桂湄，女，共青团员，重庆航天职业技术学院会计电算化2014级专科生，现任重庆航天职业技术学院团委副书记。曾获得基础学院“办公室副主任”、“优秀志愿者”等奖项', 'http://redrock.u.qiniudn.com/2015-09-25_560538906406d.png-tinyq30', '0', '校团委学生副书记'), ('204', '王大鹏', '20', '王大鹏，男，共青团员，重庆航天职业技术学院管理工程系会计电算化二班学生，现任重庆航天职业技术学院学生会主席。曾被评为军训优秀学员，2014-2015学年受聘为重庆航天职业技术学院基础学院副主席', 'http://redrock.u.qiniudn.com/2015-09-25_560538c1f0eea.png-tinyq30', '0', '学生会主席'), ('205', '王江银', '20', '王江银，男，共青团员，重庆航天职业技术学院机电工程系2014级专科生，现任重庆航天职业技术学院学生会副主席。曾获得“12.9 赤子心，中华情”演讲比赛二等奖', 'http://redrock.u.qiniudn.com/2015-09-25_5605392e2929b.png-tinyq30', '0', '学生会副主席'), ('206', '黄国璨', '21', '黄国璨，男，共青团员，重庆电子工程职业学院物联网学院传感网专业2013级，专科生。现任重庆电子工程职业学院校学生会副主席。 一年学生干部期间，全面负责学生会工作，及时、准确地传达上级指示及精神，定期向团总支及相关部门请示、汇报工作，接受全院学生的监督；全面掌握并协调学生会各部门的工作，组织带领学生会各成员认真履行职责，集思广益，积极引导学生会内部的改革与创新工作；组织制定学院学生会章程，并依照学生会章程推荐学生会干部候选人，制定起草学生会学期、年度工作计划；研究布置工作，听取各部门的工作汇报，监督执行工作', 'http://redrock.u.qiniudn.com/2015-09-25_560539e3970d8.jpg-tinyq30', '0', '学生会副主席'), ('207', '江维', '21', '江维，男，共青团员，重庆电子工程职业学院建筑与材料学院工程造价专业2013级学生，现任重庆电子工程职业学院校学生会副主席。   工作经历： 2014年7月  “为祖国勤学修德，以实践明辨笃实”三下乡社会实践活动 2014年6月   优秀毕业生活动 2014年6月   优秀干部干事表彰大会 2014年6月   校友会成立大会 2014年5月   特步全国大学生足球联赛志愿者 2014年5月   科技文化艺术节闭幕式 2014年5月   五四表彰大会 2014年5月   雪碧音碰音志愿者 2014年4月   ', 'http://redrock.u.qiniudn.com/2015-09-25_56053a428f042.jpg-tinyq30', '0', '学生会副主席'), ('208', '雷茜', '21', '雷茜，女，中共团员，就读于重庆电子工程职业学院通信专业，现任重庆电子工程职业学院校学生会副主席。 任职情况： 2013年9月—2014年9月  重庆电子工程职业学院学生会办公室干事 2014年9月—至今    重庆电子工程职业学院校团委学生会副主席、通信专业1304班班长 获奖情况： 2013年—2014年度优秀学生干部 2013年—2014年度优秀学生标兵 2013年—2014年度迎新工作优秀志愿者 2013年—2014年度获国家励志奖学金 2014年—2015年度优秀共青团员 工作总结： 善于发现，善', 'http://redrock.u.qiniudn.com/2015-09-25_56053a6672933.jpg-tinyq30', '0', '学生会副主席'), ('209', '李建', '21', '李建，女，共青团员，重庆电子工程学院嵌入式技术与应用2013级专科生，现任重庆电子工程职业学院校团委副书记。 2015年5月荣获重庆电子工程电子工程学院  校优秀共青团干部     2014年12月 重庆电子工程学院  校优秀学生干部    2014年10月 重庆电子工程学院培训继续教育学院优秀助理班主任 2014年6月 重庆电子工程学院 校学生会优秀干事 2014年5月 重庆电子工程学院 校优秀共青团干部 2014年4月 重庆电子工程学院 中国大学生足球联赛志愿者 2014年3月 重庆电子工程学院 计算', 'http://redrock.u.qiniudn.com/2015-09-25_56053aad0e18e.jpg-tinyq30', '0', '校团委学生副书记'), ('210', '夏靖淞', '21', '夏靖淞，男，共青团员，重庆电子工程职业学院会展设计专业2013级学生，现任重庆电子工程职业学院校团委学生会主席。曾多次获得学校“优秀共青团干部”称号、“三好学生”、“国家励志奖学金”，还曾代表重庆团队前往北京人民大礼堂参加中华全国学联第二十六次代表大会。在会议期间，以全国学联主席团单位的身份受到了国家副主席李源潮同志的亲切接见。     在平时学生会工作中，善于调配人才，狠抓学生会干部干事的思想工作和团结性。使整个集体做到有组织，有纪律，从而达到共同进步和发展。在学习上，时刻要求自己工作学习两不误，常虚心', 'http://redrock.u.qiniudn.com/2015-09-25_56053ad88b79d.JPG-tinyq30', '0', '学生会主席'), ('211', '徐琳', '21', '徐琳，女，共青团员，重庆电子工程职业学院材料工程专业2013级学生，现任重庆电子工程职业学院团委(学生)副书记。曾被评为重庆市大学生骨干培训“优秀学员”、重庆市“文明美德校园行”演讲比赛第二名、重庆电子工程职业学院第十一届田径运动会“优秀志愿者”，重庆电子工程职业学院“优秀共青团干部”、重庆电子工程职业学院“优秀共青团员”、重庆电子工程职业学院“优秀学生干部”、重庆电子工程职业学院系精品团辩论赛“最佳辩手”等。 进入大学，严格要求自己，踏实努力、积极进取。思想上，不盲目跟风，坚持自我，用乐观向上的态度投入', 'http://redrock.u.qiniudn.com/2015-09-25_56053b23824df.jpg-tinyq30', '0', '校团委学生副书记'), ('212', '郑美清', '41', '郑美清，女，共青团员，重庆工商职业学院旅游管理专业2014级学生，现任重庆工商职业学院学生会办公室干事。自2014年入校以来，严格遵守学校的各项规章制度，做好模范带头作用，在思想、学习、工作等方面取得较大的进展。     一、思想积极要求上进，不断提高政治素养     进入大学后本人积极参与军训训练，荣获“优秀学员”称号，之后便向党组织递交了入党申请书，先后学习党的理论知识，并顺利结业。课余时间常关注党的动向阅览有关党的各种政策、文件、理论知识，不断提高自身政治素养。     二、工作负责、学习认真   ', 'http://redrock.u.qiniudn.com/2015-09-25_5605681e4d113.jpg-tinyq30', '0', '重庆工商职业学院学生会办公室干事'), ('213', '余世华', '41', '余世华，男，共青团员，重庆工商职业学院金融与证券2014级学生，现任重庆工商职业学院学生会组织部干事。大学以来一直遵守学校纪律，严格要求自己、积极上进，通过加入学生会、社团组织，参加党课、学校讲座、活动、竞赛等从而使自己在思想、责任感、能力、知识量等多方面快速提升。 1、思想不断成熟、发散。 大学结识的人多而广且优秀，大家在一起对很多的热点话题进行讨论、交流，相互分享着自己的一些心得、小点子，思想、思维便不断的向外发散、扩展。通过党课、学生会的工作以及担任老师的助手、班干部，让自己的思想越加的成稳、成熟，', 'http://redrock.u.qiniudn.com/2015-09-25_56056851c50e9.jpg-tinyq30', '0', '重庆工商职业学院学生会组织部干事'), ('214', '余世华', '41', '余世华，男，共青团员，重庆工商职业学院金融与证券2014级学生，现任重庆工商职业学院学生会组织部干事。大学以来一直遵守学校纪律，严格要求自己、积极上进，通过加入学生会、社团组织，参加党课、学校讲座、活动、竞赛等从而使自己在思想、责任感、能力、知识量等多方面快速提升。 1、思想不断成熟、发散。 大学结识的人多而广且优秀，大家在一起对很多的热点话题进行讨论、交流，相互分享着自己的一些心得、小点子，思想、思维便不断的向外发散、扩展。通过党课、学生会的工作以及担任老师的助手、班干部，让自己的思想越加的成稳、成熟，', 'http://redrock.u.qiniudn.com/2015-09-25_5605685f6168f.jpg-tinyq30', '0', '重庆工商职业学院学生会组织部干事'), ('215', '余世华', '41', '余世华，男，共青团员，重庆工商职业学院金融与证券2014级学生，现任重庆工商职业学院学生会组织部干事。大学以来一直遵守学校纪律，严格要求自己、积极上进，通过加入学生会、社团组织，参加党课、学校讲座、活动、竞赛等从而使自己在思想、责任感、能力、知识量等多方面快速提升。 1、思想不断成熟、发散。 大学结识的人多而广且优秀，大家在一起对很多的热点话题进行讨论、交流，相互分享着自己的一些心得、小点子，思想、思维便不断的向外发散、扩展。通过党课、学生会的工作以及担任老师的助手、班干部，让自己的思想越加的成稳、成熟，', 'http://redrock.u.qiniudn.com/2015-09-25_5605686131b8e.jpg-tinyq30', '0', '重庆工商职业学院学生会组织部干事'), ('216', '周金山', '41', '周金山，女，共青团员，重庆工商职业学院旅游与文化学院酒店管理专业2014级学生。现任工商职业学院学生会主席团助理。我是一个活泼开朗的双子座女孩。 生活上属于一个双面性女孩，装的了淑女也做的了汉子。我个人爱好比较广泛，喜欢吹葫芦丝，唱歌，主持，演讲，朗诵等等。 工作上:本人严格要求自己，为同学们树立榜样作用，积极做好批评与自我批评，不断反省自己。平时很善于和同学沟通，待人和蔼真诚。乐于帮助同学。在这么多工作的锻炼铸造下，我发现学生干部的称号并不重要，重要的是学生工作的责任，无论多大的事，在称号面前，责任显得', 'http://redrock.u.qiniudn.com/2015-09-25_5605689c2f24a.jpg-tinyq30', '0', '工商职业学院学生会主席团助理'), ('217', '谌阳', '42', '谌阳，男，预备党员，重庆工贸职业技术学院建筑工程技术专业2013级专科生，现任重庆工贸职业技术学院学生会副主席。2013-2014学年学生会工作中表现优秀被评为“优秀学生干部”。本人性格活泼，责任心强，有较强的语言表达能力，平时做到宽厚待人，踏实工作，勤奋学习，经常与同学交流沟通，相互了解，并带领同学们共同进步，共同学习；有较强的组织能力、活动策划能力和公关能力，在大学期间曾多次领导组织大型体育赛事、文艺演出，并取得良好效果；有较强的团队精神，能够自觉地维护团队的集体荣誉，自觉地以团队的整体声誉为重来约束', 'http://redrock.u.qiniudn.com/2015-09-25_56056916bd887.JPG-tinyq30', '0', '重庆工贸职业技术学院学生会副主席'), ('218', '李红', '42', '李红，女，中共预备党员，重庆工贸职业技术学院学生会副主席、生物化学工程系学生会主席。思想积极上进，生活勤俭节约，工作认真刻苦，能够严格要求自己，尽职尽责，积极协助老师完成学生会各项工作，不仅是老师的好助手，也是同学的好帮手，在同学间威信高。积极指导各部门工作、合理分工，取得显著成绩。积极参加各项活动，德智体美全方面发展、具有吃苦耐劳的精神。合理利用时间，学习工作两不误。2013年秋期获得“学院一等奖学金”“才艺大比拼二等奖”“迎新杯篮球赛优秀运动员”2014年秋期获得“学院二等奖学金”、“三好学生”、“学', 'http://redrock.u.qiniudn.com/2015-09-25_560569613f1c5.png-tinyq30', '0', '重庆工贸职业技术学院学生会副主席、生物化学工程系学生会主席'), ('219', '刘妍欣', '42', '刘妍欣，女，共青团员，重庆工贸职业技术学院服装设计专业2013专科生，现任重庆工贸职业技术学院学生会副主席，艺术与文化传播系学生会主席。曾被评为：重庆工贸职业技术学院2013-2014第一学年“文艺活动先进个人”；2013-2014学生会“优秀学生干部”；2014年双五文艺演出“最佳组织奖”；2014年春期“优秀学生干部”。获得：2014年寝室文化艺术节寝室装扮“第三名”；2014年寝室文化艺术节篮球比赛“第二名”； 2014年国庆文艺晚会“二等奖”。', 'http://redrock.u.qiniudn.com/2015-09-25_56056991e341c.jpg-tinyq30', '0', '重庆工贸职业技术学院学生会副主席'), ('220', '彭俊', '44', '彭俊，男，中共预备党员，重庆工贸职业技术学院机械设计与制造专业2013级专科生，现任重庆工贸职业技术学院学生会主席。曾代表参加“重庆市红岩菁英学校第八期大学生骨干培训”，与全市各高校优秀学生干部一同接受知识的洗礼和能力的考验，使其具有更加坚定的政治立场和较高的政治素质、思想觉悟。思想上积极进步，认真学习马列主义、毛泽东思想和邓小平理论、“三个代表” 重要思想和科学发展观，努力提高自身思想政治觉悟、道德情操和个人素养；并通过积极宣传、组织学生活动等 作为学院学生会主席，他切实遵循和贯彻党的教育方针，践行社会', 'http://redrock.u.qiniudn.com/2015-09-25_56056a62348b4.JPG-tinyq30', '0', '重庆工贸职业技术学院学生会主席'), ('221', '彭俊', '44', '彭俊，男，中共预备党员，重庆工贸职业技术学院机械设计与制造专业2013级专科生，现任重庆工贸职业技术学院学生会主席。曾代表参加“重庆市红岩菁英学校第八期大学生骨干培训”，与全市各高校优秀学生干部一同接受知识的洗礼和能力的考验，使其具有更加坚定的政治立场和较高的政治素质、思想觉悟。思想上积极进步，认真学习马列主义、毛泽东思想和邓小平理论、“三个代表” 重要思想和科学发展观，努力提高自身思想政治觉悟、道德情操和个人素养；并通过积极宣传、组织学生活动等 作为学院学生会主席，他切实遵循和贯彻党的教育方针，践行社会', 'http://redrock.u.qiniudn.com/2015-09-25_56056aeb62ade.JPG-tinyq30', '0', '重庆工贸职业技术学院学生会主席'), ('222', '彭俊', '44', '彭俊，男，中共预备党员，重庆工贸职业技术学院机械设计与制造专业2013级专科生，现任重庆工贸职业技术学院学生会主席。曾代表参加“重庆市红岩菁英学校第八期大学生骨干培训”，与全市各高校优秀学生干部一同接受知识的洗礼和能力的考验，使其具有更加坚定的政治立场和较高的政治素质、思想觉悟。思想上积极进步，认真学习马列主义、毛泽东思想和邓小平理论、“三个代表” 重要思想和科学发展观，努力提高自身思想政治觉悟、道德情操和个人素养；并通过积极宣传、组织学生活动等 作为学院学生会主席，他切实遵循和贯彻党的教育方针，践行社会', 'http://redrock.u.qiniudn.com/2015-09-25_56056b4bad9a7.JPG-tinyq30', '0', '重庆工贸职业技术学院学生会主席'), ('223', '任国文', '44', '任国文，男，共青团员，重庆工贸职业技术学院道路桥梁工程技术专业2014级专科生，现任重庆工贸职业技术学院学生会副主席。曾代表参加“重庆市红岩菁英学校第九期大学生骨干培训”，与全市各高校优秀学生干部一同接受知识的洗礼和能力的考验，使其具有更加坚定的政治立场和较高的政治素质、思想觉悟。思想上积极进步，认真学习马列主义、毛泽东思想和邓小平理论、“三个代表” 重要思想和科学发展观，努力提高自身思想政治觉悟、道德情操和个人素养；并通过积极宣传、组织学生活动等。 作为学院学生会副主席，他切实遵循和贯彻党的教育方针，践', 'http://redrock.u.qiniudn.com/2015-09-25_56056b8dcf385.JPG-tinyq30', '0', '重庆工贸职业技术学院学生会副主席'), ('224', '任国文', '44', '任国文，男，共青团员，重庆工贸职业技术学院道路桥梁工程技术专业2014级专科生，现任重庆工贸职业技术学院学生会副主席。曾代表参加“重庆市红岩菁英学校第九期大学生骨干培训”，与全市各高校优秀学生干部一同接受知识的洗礼和能力的考验，使其具有更加坚定的政治立场和较高的政治素质、思想觉悟。思想上积极进步，认真学习马列主义、毛泽东思想和邓小平理论、“三个代表” 重要思想和科学发展观，努力提高自身思想政治觉悟、道德情操和个人素养；并通过积极宣传、组织学生活动等。 作为学院学生会副主席，他切实遵循和贯彻党的教育方针，践', 'http://redrock.u.qiniudn.com/2015-09-25_56056be78e0c1.JPG-tinyq30', '0', '重庆工贸职业技术学院学生会副主席'), ('225', '任国文', '44', '任国文，男，共青团员，重庆工贸职业技术学院道路桥梁工程技术专业2014级专科生，现任重庆工贸职业技术学院学生会副主席。曾代表参加“重庆市红岩菁英学校第九期大学生骨干培训”，与全市各高校优秀学生干部一同接受知识的洗礼和能力的考验，使其具有更加坚定的政治立场和较高的政治素质、思想觉悟。思想上积极进步，认真学习马列主义、毛泽东思想和邓小平理论、“三个代表” 重要思想和科学发展观，努力提高自身思想政治觉悟、道德情操和个人素养；并通过积极宣传、组织学生活动等。 作为学院学生会副主席，他切实遵循和贯彻党的教育方针，践', 'http://redrock.u.qiniudn.com/2015-09-25_56056beaba0bb.JPG-tinyq30', '0', '重庆工贸职业技术学院学生会副主席'), ('226', '王朝标', '44', '王朝标，共青团员，重庆工贸职业技术学院，汽车与电子工程系2013级应用电子技术专业，现任重庆工贸职业技术学院院学生会副主席，汽车与电子工程系学生分会副主席。曾被评为重庆市“三下乡”社会实践先进个人，体育先进个人，文明个人，优秀学生干部。曾参加重庆市市级征文比赛，感恩类：作品“心语”获得重庆市三等奖，重庆市市级职业生涯规划类：作品“我追逐我的梦”获得重庆市三等奖。并在学校多次举办演讲、朗诵，体育、书法计算机编程，电子装配大赛等：获得一等奖二等奖三等奖等荣誉。    曾参与学生会秘书部、学习部、纪检部、生活部', '-tinyq30', '0', '重庆工贸职业技术学院院学生会副主席，汽车与电子工程系学生分会副主席'), ('227', '吴霞', '44', '吴霞，女，中共预备党员，重庆工贸职业技术学院财经贸易系2013级会计电算化4班学生。现任重庆工贸职业技术学院学生会专职副主席、财经贸易系团总支副书记，2013级会计化4班班长。思想上积极进取，认真学习马列主义、毛泽东思想、邓小平理论和三个代表重要思想；学习上刻苦努力，不耻下问，曾获得学院“国家励志奖学金”；工作中以身作则，拥有细心、耐心、恒心“三颗心”；生活中严格要求自己，倡导勤俭节约，不铺张浪费的精神。在大学里我不断的锻炼自己全面提高自己的综合素质，曾任院学生会系团总支秘书部干事主要负责照相、收集资料、', 'http://redrock.u.qiniudn.com/2015-09-25_56056c983723f.jpg-tinyq30', '0', '重庆工贸职业技术学院学生会专职副主席、财经贸易系团总支副书记'), ('228', '袁方', '44', '袁方，女，共青团员，重庆工贸职业技术学院鞋类设计与工艺专业2013专科生，现任重庆工贸职业技术学院学生会秘书长，作为学生会秘书长她不断拓宽工作领域，创新工作模式，改进工作方法，促进同学德、智、体全面发展。做到学生会是为同学服务的窗口，是老师与同学沟通.交流的纽带。同时，她也积极参与学院组织的“青马工程”培训中，认真学习马列主义，毛泽东思想，邓小平理论，“三个代表”，“科学发展观”，“八荣八耻”等重要的党的指导理论和思想。并且将这些理论理解与平日的实践结合，在思想上、生活上和行动上严格要求自己。积极向党组织', 'http://redrock.u.qiniudn.com/2015-09-25_56056cd591067.png-tinyq30', '0', '重庆工贸职业技术学院学生会秘书长'), ('229', '曾盼', '44', '曾盼，男，共青团员，重庆工贸职业技术学院机电工程系2014级专科生。现任重庆工贸职业技术学院学生会副主席，曾在2014-2015学年被评为重庆工贸职业技术学院学生会“优秀学生干部”，在12.9红歌比赛中荣获“优秀奖”。      本人性格开朗，责任心强，踏实真诚，积极进取。拥有较强的策划能力，组织能力，应变能力。大局意识较好，具有吃苦耐劳的精神，甘于奉献的品德。同时努力维护学生会的荣誉，能为学生会贡献出自己的力量，多次参与学院大型活动的组织丶协调工作，能高质量丶高标准完成上级领导交给的任务，也得到了上级领', 'http://redrock.u.qiniudn.com/2015-09-25_56056d04aaeca.jpg-tinyq30', '0', '重庆工贸职业技术学院学生会副主席'), ('230', '张恒', '44', '张恒，男，共青团员，重庆工贸职业技术学院道路与桥梁专业2014级专科生，现任重庆工贸职业技术学院学生会副主席。本人性格开朗，责任心强，踏实真诚，积极进取。拥有较强的策划能力，组织能力，应变能力。大局意识较好，具有吃苦耐劳的精神，甘于奉献的品德。同时努力维护学生会的荣誉，能为学生会贡献出自己的力量，多次参与学院大型活动的组织丶协调工作，能高质量丶高标准完成上级领导交给的任务，也得到了上级领导的一致肯定。同时不断的给自己充电，参加红歌比赛，建筑工程系的青马工程培训等，使自己更加积极的向党靠拢！        ', 'http://redrock.u.qiniudn.com/2015-09-25_56056d34e3e90.png-tinyq30', '0', '重庆工贸职业技术学院学生会副主席'), ('231', '赵雪娇', '44', '赵雪娇，男，中共预备党员，重庆工贸职业技术学院金融管理与实务专业2013级专科生，现任重庆工贸职业技术学院学生会副主席、财经贸易系学生会主席。曾被评为2013年度院级“优秀共青团员”、2013年秋期系“优秀学生干部”、2014年度获得社会实践“三下乡先进个人” “优秀学生干部”、2014年春期获得院“精神文明先进个人”、2013-2014年荣获“国家励志奖学金”2015年春期获得“文娱活动先进个人”两届低年级金融专业的“代理班主任”。是一个性格外向、处事沉稳，有着较好的管理及团队协作能力，一直践行品行端正', 'http://redrock.u.qiniudn.com/2015-09-25_56056d6c0b238.png-tinyq30', '0', '重庆工贸职业技术学院学生会副主席、财经贸易系学生会主席');
COMMIT;

-- ----------------------------
--  Table structure for `president_praise`
-- ----------------------------
DROP TABLE IF EXISTS `president_praise`;
CREATE TABLE `president_praise` (
  `id` int(11) NOT NULL AUTO_INCREMENT,
  `user_id` int(11) DEFAULT NULL,
  `time` date DEFAULT NULL,
  `president_id` int(11) DEFAULT NULL,
  PRIMARY KEY (`id`)
) ENGINE=InnoDB AUTO_INCREMENT=3 DEFAULT CHARSET=utf8mb4;

-- ----------------------------
--  Table structure for `role`
-- ----------------------------
DROP TABLE IF EXISTS `role`;
CREATE TABLE `role` (
  `id` int(11) NOT NULL AUTO_INCREMENT,
  `role` varchar(255) DEFAULT NULL,
  PRIMARY KEY (`id`)
) ENGINE=InnoDB AUTO_INCREMENT=3 DEFAULT CHARSET=utf8mb4;

-- ----------------------------
--  Records of `role`
-- ----------------------------
BEGIN;
INSERT INTO `role` VALUES ('1', 'common'), ('2', 'chairman');
COMMIT;

-- ----------------------------
--  Table structure for `school`
-- ----------------------------
DROP TABLE IF EXISTS `school`;
CREATE TABLE `school` (
  `id` int(11) NOT NULL AUTO_INCREMENT,
  `school_name` varchar(10) DEFAULT NULL,
  `school_introduce` varchar(1000) DEFAULT NULL,
  `praise` int(11) NOT NULL DEFAULT '0',
  `school_pic` varchar(255) DEFAULT NULL,
  `status` int(11) NOT NULL DEFAULT '1',
  PRIMARY KEY (`id`)
) ENGINE=InnoDB AUTO_INCREMENT=45 DEFAULT CHARSET=utf8mb4;

-- ----------------------------
--  Records of `school`
-- ----------------------------
BEGIN;
INSERT INTO `school` VALUES ('1', '重庆邮电大学', '重庆邮电大学学生会是由校党委、市学联领导，由校团委具体指导的群众性组织。本着“全心全意为同学服务”的宗旨扎根学生群体，坚持服务同学个性成长，以自我教育、自我管理、自我服务的 “三自作用”激发学生主体精神。以“四个一”素质提升活动（培养一类文艺爱好、养成一个运动习惯、坚持一项志愿服务、提升一项表达能力）推动学校学生活动开展。举办 “信科杯”辩论赛、“十大歌手”“重邮梦想秀”、 “运动吉尼斯”、“主持人大赛”等校园活动不断加强青年学生思想政治教育，努力促进和谐校园文化建设。竭诚服务同学，解决同学实际困难。反映同学诉求，提升学生参与学校民主管理能力。同时学生会加强了学院党政、职能部门和各学院与同学间的沟通与联系。 目前共设13个部门：办公室、学习部、宣传部/新媒体运营部、人力发展部、提案部/自律权益部、生活服务部、文娱部、体育部、女生部、外联部、文化创意部、项目管理部、主持部。 办公室电话：023-62461488 微博：重庆邮电大学学生会 微信公众号：重庆邮电大学学生会', '0', 'http://redrock.u.qiniudn.com/2015-09-25_560555f360cdf.jpg?imageView2/0/w/1400', '1'), ('2', '西南大学', '西南大学学生会是在校党委领导，校团委的指导下的学生组织，是联系学生和学校的重要纽带。这里有一批经过严格筛选的品学兼优、工作能力较强、作风优良的学生干部。他们本着&quot;服务同学、锻炼自我&quot;的宗旨，有机地组成学校的整体，为繁荣师生文化、丰富学生生活、促进校园建设做出自己的努力，并卓有成效的做了大量工作，成为校园工作、生活的中坚力量。我校学生会主动适应形势要求、时刻把握时代脉搏，在实践中研究新问题、探索新思路、拓展新途径，提高新层次、打造新品牌。树立牢固的工作意识，以改革为动力，以载体促活跃，以创新求发展，培养青年学生的创新精神、创业意识和实践能力；并全面加强学生会自身建设，团结、引导、带领广大同学，有效的服务于西南大学青年学生的成长成才。', '0', 'http://redrock.u.qiniudn.com/2015-09-25_56054a73be34f.png?imageView2/0/w/1400', '1'), ('3', '重庆大学', null, '0', null, '1'), ('4', '西南政法大学', '西南政法大学学生会成立于1953年，在西南政法大学党委的领导下和校团委指导下，经过一代代干部们的兢兢业业、自强不息地辛劳耕耘，如今的校学生会已经发展成中国西部乃至全国高校最优秀的学生组织之一。 学生会始终本着“一切为了同学，求索完善自我”的宗旨，坚持自我服务、自我教育、自我管理、自我完善，从而更好地引导同学、发展同学、代表同学、服务同学，并将我党的大政方针、会议精神以及我校校训同学生会的具体实践相结合，创办了“感动校园——西政学子年度人物”颁奖典礼、“践行先锋”、毓秀议苑、3V3篮球嘉年华系列活动、十大歌手等精品活动。 作为伟大的党的后备军，校会必将不断进取，以校园文化建设为使命，开拓创新，积极开展丰富多彩、意义深厚的活动和服务，引领学生思想，充分践行社会主义核心价值观。', '0', 'http://redrock.u.qiniudn.com/2015-09-25_56054ca03de72.jpg?imageView2/0/w/1400', '1'), ('5', '重庆医科大学', '重庆医科大学学生会是在校党委领导、团委指导下的全校性学生组织，是学校联系学生的重要桥梁和纽带。重庆医科大学学生会坚持以“服务同学，成就自我”为宗旨，自成立以来创新和打造了医学专业志愿者活动、医学专业辩论赛、社团文化节、星空音乐节等一系列校园精品文化活动，并形成了独具特色的学生权利维护体系，曾多次获得重庆市优秀学生会等表彰。    重庆医科大学学生会包含青年志愿者联盟、学生社团联合会、学生自律委员会等8个学生组织，设有办公室、财资部、学习部、心理健康部等8个部门，各组织部门昂扬进取，紧密合作，构建起有活力、有能力、负责任的学生会。重庆医科大学学生会为维护学生的合法权益、引导学生发展、推动校园文化建设做出了积极贡献。', '0', 'http://redrock.u.qiniudn.com/2015-09-25_56054d0f8c5e2.png?imageView2/0/w/1400', '1'), ('6', '重庆师范大学', '重庆师范大学学生委员会是在校党委和市学联领导下、校团委指导下的以服务同学为根本宗旨的学生组织。它既是广大学生利益的忠实代表，也是学校和同学之间的桥梁和纽带。秉承着“自我管理，自我教育，自我服务”的指导方针。我们结合师范院校专业特色，在服务全校师生的同时，打造了一些精品项目，并向着“团结同学、塑造同学、带领同学”努力建设学生会的灵魂，以科学合理的管理模式更好地服务于全校。 重庆师范大学学生委员会由主席团及其下设的11个部门和志工总队所构成。它们分别是办公室、自律委、学习部、生活部、宣传部、体育部、权益部、女生部、外联部、心理部和文娱部。主席团设主席1名、副主席5名，各部门设部长1名、副部长3到4名。主席团对整个学生会负责，主席对主席团负责，各副主席对所分管部门负责，各部部长分别对各部门负责。学生会的一切重大决议需由主席团讨论通过后方能公布并实施。', '0', 'http://redrock.u.qiniudn.com/2015-09-25_56054df924b28.png?imageView2/0/w/1400', '1'), ('7', '重庆交通大学', '重庆交通大学学生会是在学校党委和市学联领导下，在校团委的指导下，自我教育，自我管理，自我服务的学生群众组织，是引领学生先进思想的主力军，是推进校园文化建设的生力军，是维护全校学生合法权益的重要声音和力量，是学校和学生进行联系和交流的纽带。 重庆交通大学学生会参加中华全国学生联合会和重庆市学生联合会，为其团体会员，并为重庆市学生联合会副主席单位。自成立数十年来，重庆交通大学学生会通过在思想引领、社会实践、科技创新、校园文化、维护权益等五大平台上的辛勤工作，带领和团结全校三万多名青年学生以主人翁的姿态，为重庆交通大学的改革、发展、稳定和一代又一代学子的成长做出了不懈的努力。', '0', '?imageView2/0/w/1400', '1'), ('8', '重庆工商大学', '重庆工商大学学生会是在重庆工商大学党委领导、校团委具体指导下，代表学校广大学生权益的学生群众组织。自2003年成立以来，始终坚持以“全心全意为学生的成长成才服务，团结带领广大学生为学校的改革发展贡献力量”为中心工作，按照校团委提出的“指导思想明确、工作思路要清晰、工作品牌要形成、工作重点要突出、工作机制要创新、工作方法要科学”等六点要求，遵循“自我教育、自我管理、自我服务”的原则，秉承“以服务谋生存，以创新求发展”的工作理念，以实际行动践行“凝聚学生”、“引领学生”、“服务学生”、“保护学生”，努力把学生会建设成“同学之家、师生之桥、干部之校”。', '0', '?imageView2/0/w/1400', '1'), ('9', '重庆理工大学', '重庆理工大学学生会是在重庆理工大学校党委领导，校团委具体指导下，组织在校本科生和专科生进行自我教育、自我服务、自我管理的群众性学生组织，是我校规模最大、机制最为健全、影响最深的学生组织，也是学校学生自我管理的最高机构，代表和维护了广大学生的根本利益。 学生会实行主席团负责制，下设九个职能部门，包括办公室、权益维护中心、勤工助学中心、学调部、文娱部、体育部、生活纪检部、女生礼仪部和外联部。学生会自成立于来就以“一切为了同学、为了一切同学、为了同学一切”为宗旨，通过各类活动引领大学生思想潮流、维护广大同学在校权益、活跃校园文化氛围，健全校园文化制度。坚持四项基本原则，坚持与时俱进，遵循和贯彻党的教育方针，团结和引导广大同学刻苦学习科学文化知识，促进同学德、智、体、美、劳、技全面发展。其中学生会的维权服务也逐渐成为校园一道靓丽的风景线，权益维护中心架起了一道沟通学校和同学的桥梁。而诸如“我身边的十大学霸寻访活动”、理工杯篮球赛，青春杯足球赛、校园十佳歌手等品牌活动也早已在同学们心中形成广泛的认同度和影响力。', '0', '?imageView2/0/w/1400', '1'), ('10', '四川外国语大学', '四川外国语大学学生委员会是在市学联、校党委领导下，在校团委指导下开展学生工作的学生自治组织。我校学生会下设主席团、秘书处、文体部、公关部、信宣部、生活部、学习部。我校学生会以“关注同学、走近同学，了解同学、服务同学”为宗旨，组织承办各种校园文化活动，丰富同学们的第二课堂，服务学生的学习与生活，维护学生正当权益，引领校园先进风尚，培养具有青年领导力、社会责任感、全面高素质的新一代大学生。', '0', 'http://redrock.u.qiniudn.com/2015-09-25_560559c848724.jpg?imageView2/0/w/1400', '1'), ('11', '四川美术学院', '四川美术学院校学生会是校团委直接领导下的，独立自主开展各种学生工作以及各种丰富学生课余生活的活动。作为代表学校最官方的学生组织，校学生会一直致力于引导学生进行自我管理，自我提高。校学生会在主席团的领导下现共设有：团委组织部，团委宣传部，办公室，文体部，学习部，女生部，新媒体部，社会实践部，青年志愿者协会和川流不息杂志社。同时拥有新浪认证官方微博“四川美术学院学生会”以及微信订阅号“乐活川美”两大网络宣传平台互动更新学校最新动向。', '0', '?imageView2/0/w/1400', '1'), ('12', '重庆三峡学院', '重庆三峡学院学生会是校党委、市学联领导下全校学生的群众性组织。在校团委的指导下开展工作,是广大同学利益的忠实代表；是联系学校党政与广大同学的桥梁纽带。校学生会坚持“团结、奋进、务实、创新”的原则，以“全心全意为同学服务”为根本宗旨，紧紧围绕学校的工作重心，全面提高同学综合素质，开展各种丰富多彩的校园活动，团结和带领广大同学在学习和实践中成长、成才。校学生会下设主席团、办公室、组织部、团委宣传部（新媒体建设中心、大学生通讯社）、社会实践与对外联络部、文体活动部、大学生自律委员会（学习部、生活部、纪检部）7个部门。各部门互相协调，互相合作，在个团体的成员素质不断提高。校学生会也在工作过程中得到不断发展、壮大。', '0', 'http://redrock.u.qiniudn.com/2015-09-25_56055a0cd913d.JPG?imageView2/0/w/1400', '1'), ('13', '重庆文理学院', '重庆文理学院学生会是在重庆文理学院党委领导，团委指导下的学生组织，与团委会、学生社团联合会一同构成重庆文理学院“三委会”。成立至今，我校学生会在“进德修业 博文达理”校训的指引下，秉着服务师生、维护广大同学利益的理念，充分发挥联系老师与同学的纽带作用，为广大同学提供了展示自身风采的广阔舞台。校学生会是全校人才荟萃的地方，也是培养优秀人才的摇篮，为了更好地发挥其自我服务、自我教育、自我管理的职能，校学生会根据其工作性质分为办公室、学习部、外联部等8个部门。今日的校学生会生机勃勃，勇于进取，形成了自己的优良传统和工作特色，致力于为我校广大学生创造良好的学习环境和生活环境。', '0', '?imageView2/0/w/1400', '1'), ('14', '长江师范学院', '长江师范学院学生会是在长江师范学院党委领导下、团委具体指导帮助下的全校性学生自治组织。共设19个部门（含团委直属部门），分别为：主席团、办公室，团委社会实践与外联部、组织部、学术科技部、文艺部、网络部、礼仪部和国旗班；学习部、体育部、宿管部、生活部、纪检部、社会工作部、女工部、通讯社、权益维护中心、心理发展部和新媒体中心。 长江师范学院学生会坚持“引导同学、发展同学、代表同学、服务同学”的工作理念，以“明使命、勇担当、重奉献、求卓越”的精神为宗旨，紧跟时代砥砺前行，担当责任奋发有为，做同学的青春引航人、知心人和圆梦人。校会始终坚定党的政治领导、思想领导、组织领导，将在校团委的指导帮助下，为把长江师范学院学生会建设成同学向往、老师称赞、同行知名的精神家园而努力奋斗。', '0', 'http://redrock.u.qiniudn.com/2015-09-25_56055aa9b6c43.jpg?imageView2/0/w/1400', '1'), ('15', '重庆第二师范学院', '重庆第二师范学院学生会是在重庆第二师范学院党委领导，团委指导下进行自我教育、自我管理、自我服务的群众性学生组织，旨在服务青年、影响青年，是学生和学校各部门间联系的桥梁和纽带，是培养大学生全面成才的重要载体。   重庆第二师范学院学生会由主席团负责日常事务，并在主席团下设有十个职能部门：办公室、生活部、文体部、外联部、礼仪部、宣设部、学风建设部、宿舍管理中心、就业创业部、校友自愿者工作部。在主席团的带领下，各部门努力向着服务型、公益型、活动型、维权型等的学生会发展。在各项工作中，各部门本着“分工不分家”的原则，相互协调、相互合作、全面服务学生。', '0', 'http://redrock.u.qiniudn.com/2015-09-25_5605619420e97.jpg?imageView2/0/w/1400', '1'), ('16', '重庆警察学院', '重庆警察学院学生会是校党委领导、校团委指导下的代表广大同学基本利益的学生自治组织，是联系学生与学校的桥梁和纽带。学生会以“自我教育、自我管理、自我服务”为工作理念，紧密围绕学校建设西部一流公安院校宏伟目标，大力开展相关工作，同时结合学院实际，积极配合团市委、市学联开展各项工作，有力助推我院学子成长成才， 校学生会主席团共5人，包括主席1名、副主席4名，秘书长由校团委老师担任，共设有办公室、警务化管理委员会、编辑部、学习部、体育部、文娱部、生活部、女生部、礼宾礼仪部9个职能部门，每部门均设部长1名，副部长2名，干事4-6人。同时下设侦查大队、治安大队、刑技大队、交管大队、战术大队共5个二级学生会。', '0', 'http://redrock.u.qiniudn.com/2015-09-25_56056332259d0.JPG?imageView2/0/w/1400', '1'), ('17', '重庆电力高等专科学校', '重庆电力高等专科学生会是在重庆电力高等专科学校党委领导、团委指导下以党的教育方针为方向，促进同学德智体全面发展，团结和引导同学成为现代化建设事业要求的合格人才，并发挥作为学校和老师联系同学的桥梁和纽带作用。倡导和组织同学们自我服务、自我管理、自我教育，开展健康有益，丰富多彩的课外活动，努力为同学服务。校学生会作为最庞大的组织，设有最全面的部门：办公室、实践部、学习部、体育部、文娱部、生活部、就业部。以在服务中成长，在耕耘中收获为主旨，建成了广受学校和师生信任，富有生机而温馨的大家庭。', '0', 'http://redrock.u.qiniudn.com/2015-09-25_5605636505424.png?imageView2/0/w/1400', '1'), ('18', '重庆医药高等专科学校', null, '0', null, '1'), ('19', '重庆三峡医药高等专科', '重庆三峡医药高等专科学校团委学生会是在重庆三峡医药高等专科学校党委领导和校团委指导下的大学生群众性自治组织，宗旨是：贯彻执行党的教育方针，发挥“自我管理、自我教育、自我服务”的职能，团结带领广大同学努力学习，开拓进取，成为素质全面、适应社会主义现代化建设需要的优秀人才。学生会来自于同学、服务于同学。它以思想引领为先导、以服务同学为重要内容，以提升同学综合素质为主线，以维护同学权益为突破，是联系学生与学校的桥梁和纽带，是发展与繁荣校园文化的舞台和基地，是服务大学生全面成才的重要载体。这里也是让每一位同学发挥聪明才智、展示自我、释放青春活力的炫色舞台；是不断磨砺能力、完善自我、完成升华的大课堂；是同学们共叙友谊、共谋发展、共创辉煌的大家庭。', '0', 'http://redrock.u.qiniudn.com/2015-09-25_560563f25b950.jpg?imageView2/0/w/1400', '1'), ('20', '重庆航天职业技术学院', '重庆航天职业技术学院团委学生会是在重庆航天职业技术学院党委领导和校团委指导下的大学生群众性自治组织，遵守校训“严慎细实，诚勇勤和“。深入贯彻航天精神：自力更生，艰苦奋斗，大力协同，无私奉献，严谨务实，勇于攀登”。团结带领广大同学努力学习，开拓进取，成为素质全面、适应社会主义现代化建设需要的优秀人才。重庆航天职业技术团委学生会下设：主席团、办公室、宿管部、宣传部、文娱部、外联部、设备部、体育部、素拓部、新闻部、广播站、组织部、社团部、纪检部。学生会来自于同学、服务于同学。它以思想引领为先导、以服务同学为重要内容，以提升同学综合素质为主线，以维护同学权益为突破，是联系学生与学校的桥梁和纽带，是发展与繁荣校园文化的舞台和基地，是服务大学生全面成才的重要载体。这里也是让每一位同学发挥聪明才智、展示自我、释放青春活力的炫色舞台；是同学们共叙友谊、共谋发展、共创辉煌的大家庭。', '0', 'http://redrock.u.qiniudn.com/2015-09-25_560564f94bb08.png?imageView2/0/w/1400', '1'), ('21', '重庆电子工程职业学校', '重庆电子工程职业学院学生委员会是由校党委、市学联领导，在校团委具体指导下，组织在校大学生进行自我服务、自我管理、自我教育的学生组织，是我校学生代表大会闭会期间的执行机构，是第二十六届全国学联主席团单位。校学生委员会实行主席团负责制。学生委员会下设办公室、宣传部、组织部、社会实践部、体育部、学习部、信息工作部、文艺部、心理工作部、生活部、学管部、国旗护卫队;同时，配合校团委联系指导校大学生艺术团、二级学院学生委员会等学生组织的日常工作。 一直以来，重庆电子工程职业学院学生委员会秉承“厚德强能，求实创新”的校训，以“自我教育、自我管理、自我服务”为宗旨，发扬“招之能来，来之能战，战之能胜”精神，积极参与学生自主管理和校园建设管理，通过各类活动引领大学生思想潮流、提升大学生综合素质，发挥联系学生和学校的桥梁纽带作用，为大学生提供便捷的服务。积极探索具有我校自身特色的各类校园文化活动，为繁荣师生文化、丰富学生生活、促进校园建设做出自己的努力，打造了如“校园科技文化艺术节”、“才艺之星挑战赛”、“校园十佳歌手赛”、“校园舞蹈大赛”等一系列品牌活动，此外，还卓有成效的做了大量工作，成为校园学习、工作、生活的中坚力量。 校学生委员会主动适应形势要求、紧跟时代脉搏，在实践中探索新思路、拓展新途径、打造新品牌。树立牢固的工作意识、服务意识，以创新求发展，带领青年学生树立创新精神，培育创业意识和实践能力。全面加强学生委员会自身建设，团结、引导、带领广大同学，有效地服务青年学生的成长成才。', '0', 'http://redrock.u.qiniudn.com/2015-09-25_560565828504b.png?imageView2/0/w/1400', '1'), ('22', '重庆工业职业技术学院', '重庆工业职业技术学院校团委•学生会是在校党委的指导下，在校团委的直接领导下进行自我教育、自我管理、自我服务的群众性学生组织，是广大同学利益的忠实代表和维护者，是学生和学校各部门间联系的桥梁和纽带，是发展与繁荣校园文化的舞台和基地，是培养大学生全面成才的重要载体。校团委•学生会现设十一个部门，其中包含：办公室、组织部、学习部、监察部、生活部、广播站、记者团、外联部、文体部、社实部、宣编部，共有38名学生干部。在各项工作中，各部门间本着“分工不分家”的原则，相互协调、相互合作，全面服务学生学习﹑生活﹑成才的方方面面。重庆职业技术学院校团委学生会是一个具有青春与活力的团学组织，共聚学生会，青春更有味！', '0', 'http://redrock.u.qiniudn.com/2015-09-25_560565aa8d997.png?imageView2/0/w/1400', '1'), ('23', '重庆城市管理职业学院', '', '0', 'http://redrock.u.qiniudn.com/2015-09-25_560565dec5545.png?imageView2/0/w/1400', '1'), ('24', '重庆工程职业技术学院', '重庆工程职业技术学院学生会是院党委领导下、受院团委直接指导的学生群众组织，它代表学生利益，负责沟通广大同学与学院的关系，遵循和贯彻党和国家的教育方针，倡导良好的校风、学风，促进学生德、智、体全面发展，实现学生“自我管理、自我约束、自我教育、自我发展。', '0', '?imageView2/0/w/1400', '1'), ('25', '重庆机电职业技术学院', '共青团重庆机电职业技术学院委员会是在中国共产党重庆机电职业技术学院委员会和上级团委的直接领导下，联系学生与学校的桥梁和纽带。担负着不断巩固和扩大党执政的青年群众基础，结合学院实际，积极配合团市委、市学联开展各项工作。', '0', 'http://redrock.u.qiniudn.com/2015-09-25_56056c958e2bb.png?imageView2/0/w/1400', '1'), ('26', '重庆水利电力职业技术', null, '0', null, '1'), ('27', '重庆工商职业学院', null, '0', null, '1'), ('28', '重庆财经职业学院', null, '0', null, '1'), ('29', '重庆建筑工程职业学院', null, '0', null, '1'), ('30', '重庆师范大学涉外商贸', null, '0', null, '1'), ('31', '重庆工商大学融智学院', null, '0', null, '1'), ('32', '重庆邮电大学移通学院', null, '0', null, '1'), ('33', '重庆工程学院', null, '0', null, '1'), ('34', '重庆信息技术职业学院', null, '0', null, '1'), ('35', '重庆传媒职业学院', null, '0', null, '1'), ('36', '重庆交通职业学院', null, '0', null, '1'), ('37', '重庆旅游职业学院', null, '0', null, '1'), ('38', '重庆公共运输职业学院', null, '0', null, '1'), ('39', '重庆轻工职业学院', null, '0', null, '1'), ('40', '重庆幼儿师范高等专科', null, '0', null, '1'), ('41', '重庆商务职业学院', null, '0', null, '1'), ('42', '重庆工贸职业技术学院', null, '0', null, '1'), ('43', '重庆商务职业学院', null, '0', null, '1'), ('44', '重庆工贸职业技术学院', '重庆工贸职业技术学院学生会是重庆工贸职业技术学院党委、学生处、团委领导下的学生组织。秉承“厚德、博学、强技、创新”的校训，坚持“服务同学、服务学院；脚踏实地、无私奉献；发扬不怕苦、不怕累精神”的目的和宗旨，服务于全院同学成长成才。倡导和组织“自我服务、自我管理、自我教育”,充分发挥师生间桥梁纽带作用，在维护国家和学院整体利益同时，表达和维护同学的具体利益。团结和引导同学成为热爱祖国、热爱人民，适应有中国特色社会主义现代化建设事业要求的合格人才。 重庆工贸职业技术学院学生会是重庆工贸职业技术学院学生代表大会执行机构，在学生代表大会闭会期间行使部分职责。下设秘书部、学习部、生活部、纪检部、外联部、文体部、女生部、宣传部、伙食管理委员会等九个职能部门，并督促指导二级学生分会工作。', '0', 'http://redrock.u.qiniudn.com/2015-09-25_560566d37e7fa.JPG?imageView2/0/w/1400', '1');
COMMIT;

-- ----------------------------
--  Table structure for `user_praise`
-- ----------------------------
DROP TABLE IF EXISTS `user_praise`;
CREATE TABLE `user_praise` (
  `id` int(11) NOT NULL AUTO_INCREMENT,
  `user_id` int(11) DEFAULT NULL,
  `time` date DEFAULT NULL,
  `school_id` int(11) DEFAULT NULL,
  PRIMARY KEY (`id`)
) ENGINE=InnoDB DEFAULT CHARSET=utf8mb4;

-- ----------------------------
--  Table structure for `user_president`
-- ----------------------------
DROP TABLE IF EXISTS `user_president`;
CREATE TABLE `user_president` (
  `id` int(11) NOT NULL AUTO_INCREMENT,
  `user_id` int(11) DEFAULT NULL,
  `content` varchar(300) DEFAULT NULL,
  `time` date DEFAULT NULL,
  `president_id` int(11) DEFAULT NULL,
  `father_id` int(11) DEFAULT NULL,
  `status` int(11) DEFAULT '0',
  `school_id` int(11) DEFAULT NULL,
  PRIMARY KEY (`id`)
) ENGINE=InnoDB AUTO_INCREMENT=3 DEFAULT CHARSET=utf8mb4;

-- ----------------------------
--  Records of `user_president`
-- ----------------------------
BEGIN;
INSERT INTO `user_president` VALUES ('1', '1', 'dd', '2015-09-26', '1', '0', '0', '1');
COMMIT;

-- ----------------------------
--  Table structure for `users`
-- ----------------------------
DROP TABLE IF EXISTS `users`;
CREATE TABLE `users` (
  `id` int(11) NOT NULL AUTO_INCREMENT,
  `openid` varchar(255) DEFAULT NULL,
  `nickname` varchar(255) DEFAULT NULL,
  `avatar` varchar(255) DEFAULT NULL,
  `role_id` int(11) NOT NULL DEFAULT '1',
  `password` varchar(255) NOT NULL,
  `school_id` int(11) NOT NULL DEFAULT '0',
  PRIMARY KEY (`id`)
) ENGINE=InnoDB AUTO_INCREMENT=46 DEFAULT CHARSET=utf8mb4;

-- ----------------------------
--  Records of `users`
-- ----------------------------
BEGIN;
INSERT INTO `users` VALUES ('1', '重庆邮电大学', '重庆邮电大学', 'http://wx.qlogo.cn/mmopen/qoeLU7RsoOs6h9JNp6tvE600pdiaI80hB2ka9eTvlrTy0hYhI5Kd5ib4pdA1abf8nbRI3prcISD9GxanqRQ7nFrXcicibtYiavMQC/0', '2', 'b929983ca0665d72458298d68ed10cf7', '1'), ('2', '西南大学', '西南大学', null, '2', '83b89966b96b472fb0aaf4175b0a02a3', '2'), ('3', '重庆大学', '重庆大学', null, '2', '024b5f9bda9ac459002cfa7e50ac6694', '3'), ('4', '西南政法大学', '西南政法大学', null, '2', '3dac52833e7336aa41a1e0e04a9d80f0', '4'), ('5', '重庆医科大学', '重庆医科大学', null, '2', '22d48b7e163eac90028828256723bc22', '5'), ('6', '重庆师范大学', '重庆师范大学', null, '2', '4bba4768bac492bacd8d996627a889bd', '6'), ('7', '重庆交通大学', '重庆交通大学', null, '2', 'f445f247cd5b94dd1ce0b8cbaa4accd8', '7'), ('8', '重庆工商大学', '重庆工商大学', null, '2', 'd3582cd287a874d23e0f38e02fb1b7f1', '8'), ('9', '重庆理工大学', '重庆理工大学', null, '2', '1f1a1beaf47988dc681ab4c9c05a6feb', '9'), ('10', '四川外国语大学', '四川外国语大学', null, '2', 'c3e0191b58c2ec5e93508db1b26314fa', '10'), ('11', '四川美术学院', '四川美术学院', null, '2', '17075025196e64826267ce41d415b61a', '11'), ('12', '重庆三峡学院', '重庆三峡学院', null, '2', '007c8bf3dc319f65ec2a06d2d214e5e5', '12'), ('13', '重庆文理学院', '重庆文理学院', null, '2', 'b6e6b3a1cb5e6eebfee52069ab7be5d9', '13'), ('14', '长江师范学院', '长江师范学院', null, '2', 'b7231281155081e653289936833c4625', '14'), ('15', '重庆第二师范学院', '重庆第二师范学院', null, '2', 'ec814aabcb1e4fb25dce287d90796493', '15'), ('16', '重庆警察学院', '重庆警察学院', null, '2', 'f09a940f801b47631db8bfa85cb0ed3f', '16'), ('17', '重庆电力高等专科学校', '重庆电力高等专科学校', null, '2', '376166a111ad227fb38e1312f420f5cf', '17'), ('18', '重庆医药高等专科学校', '重庆医药高等专科学校', null, '2', 'bdf819db3d9e1ab6cb1cf563b179e2aa', '18'), ('19', '重庆三峡医药高等专科', '重庆三峡医药高等专科', null, '2', '512977fc893c9d1080c3ba29021f871f', '19'), ('20', '重庆航天职业技术学院', '重庆航天职业技术学院', null, '2', 'ebe8a76ae5c37ef4e224bbcacb8dd444', '20'), ('21', '重庆电子工程职业学校', '重庆电子工程职业学校', null, '2', '00520f97b54e9c0c662bcbf645a4ec98', '21'), ('22', '重庆工业职业技术学院', '重庆工业职业技术学院', null, '2', 'e88b9ef7ba0476a0707dcb5251b184cd', '22'), ('23', '重庆城市管理职业学院', '重庆城市管理职业学院', null, '2', 'bc16e7412c1b8fd2254c3c7711f279fe', '23'), ('24', '重庆工程职业技术学院', '重庆工程职业技术学院', null, '2', 'ce72ac64c0fdb3da709575f741f2fa95', '24'), ('25', '重庆机电职业技术学院', '重庆机电职业技术学院', null, '2', '31298ab502c0e8a1284f4bbd0c7a64cd', '25'), ('26', '重庆水利电力职业技术', '重庆水利电力职业技术', null, '2', '00301f3086f812ad56aedffed3b596e8', '26'), ('27', '重庆工商职业学院', '重庆工商职业学院', null, '2', '1195f35c551830edce4e96182cd2468c', '27'), ('28', '重庆财经职业学院', '重庆财经职业学院', null, '2', '6a63e946946d4d51ae6daac08c7359de', '28'), ('29', '重庆建筑工程职业学院', '重庆建筑工程职业学院', null, '2', '956dc4c3f8691319c1430c8ca5e37daa', '29'), ('30', '重庆师范大学涉外商贸', '重庆师范大学涉外商贸', null, '2', 'e94b7b3ea002840095a11379ecc64b4a', '30'), ('31', '重庆工商大学融智学院', '重庆工商大学融智学院', null, '2', '8e3a24c018f596d8a33245ae5f61814a', '31'), ('32', '重庆邮电大学移通学院', '重庆邮电大学移通学院', null, '2', 'a881b9806300caeb1b31f9b81ac9de6d', '32'), ('33', '重庆工程学院', '重庆工程学院', null, '2', 'c284d10d74ee58880ae013410e86c2c3', '33'), ('34', '重庆信息技术职业学院', '重庆信息技术职业学院', null, '2', 'd841b8de2e059613e874f72aa94fb3e0', '34'), ('35', '重庆传媒职业学院', '重庆传媒职业学院', null, '2', 'e090b840c95d1359bb6f3a36bedf3018', '35'), ('36', '重庆交通职业学院', '重庆交通职业学院', null, '2', 'fc496dbbf0f7e5620a51f115d8b9d07c', '36'), ('37', '重庆旅游职业学院', '重庆旅游职业学院', null, '2', 'bfff65f757239b697dae15421881f8aa', '37'), ('38', '重庆公共运输职业学院', '重庆公共运输职业学院', null, '2', '85b7b1d6eb4cb5259e043c6e4923dffa', '38'), ('39', '重庆轻工职业学院', '重庆轻工职业学院', null, '2', '990161b009efc9516b29f7ce569e568a', '39'), ('40', '重庆幼儿师范高等专科', '重庆幼儿师范高等专科', null, '2', '81e0f336245b0dcdb78193c2670c2691', '40'), ('41', '重庆商务职业学院', '重庆商务职业学院', null, '2', 'daa46045933f6ab7439657d2d01451fc', '41'), ('42', '重庆工贸职业技术学院', '重庆工贸职业技术学院', null, '2', 'c5a9b55fbcbf1c103b87e8386db98b92', '42'), ('43', '重庆商务职业学院', '重庆商务职业学院', null, '2', '5fb0a8a87fa5ae59aa3d216c7bcba81c', '43'), ('44', '重庆工贸职业技术学院', '重庆工贸职业技术学院', null, '2', 'b04fefaaa6c9d57f0e2966c498e25165', '44'), ('45', 'test', 'test', null, '2', 'b929983ca0665d72458298d68ed10cf7', '1');
COMMIT;

SET FOREIGN_KEY_CHECKS = 1;
