-- phpMyAdmin SQL Dump
-- version 4.1.12
-- http://www.phpmyadmin.net
--
-- Host: localhost
-- Generation Time: 2015-10-10 11:36:03
-- 服务器版本： 5.5.37-0ubuntu0.12.04.1
-- PHP Version: 5.5.15RC1

SET SQL_MODE = "NO_AUTO_VALUE_ON_ZERO";
SET time_zone = "+00:00";


/*!40101 SET @OLD_CHARACTER_SET_CLIENT=@@CHARACTER_SET_CLIENT */;
/*!40101 SET @OLD_CHARACTER_SET_RESULTS=@@CHARACTER_SET_RESULTS */;
/*!40101 SET @OLD_COLLATION_CONNECTION=@@COLLATION_CONNECTION */;
/*!40101 SET NAMES utf8 */;

--
-- Database: `wssgcg1213_chairman`
--

-- --------------------------------------------------------

--
-- 表的结构 `comment`
--

CREATE TABLE IF NOT EXISTS `comment` (
  `id` int(11) NOT NULL AUTO_INCREMENT,
  `content` varchar(1000) DEFAULT NULL,
  `user_id` int(11) NOT NULL DEFAULT '0',
  `school_id` int(11) DEFAULT NULL,
  `status` int(11) DEFAULT '0',
  `time` date DEFAULT NULL,
  `father_id` int(11) DEFAULT NULL,
  PRIMARY KEY (`id`)
) ENGINE=InnoDB  DEFAULT CHARSET=utf8mb4 AUTO_INCREMENT=423 ;

--
-- 转存表中的数据 `comment`
--

INSERT INTO `comment` (`id`, `content`, `user_id`, `school_id`, `status`, `time`, `father_id`) VALUES
(1, '作为西大万千学子中的一名，希望学生会带领着所有西大人一起，发扬西大“含弘光大，继往开来”的传统，走到梦想的彼岸，筑建独属于我们的辉煌。\\^O^/', 166, 2, 1, '2015-10-03', 0),
(3, '西南大学是青春的起航，而学生会给我们长大锻炼的机会，在学生会里成长，未来不会遗憾，加油吧，明天会更好！', 169, 2, 1, '2015-10-03', 0),
(4, '作为校级组织的领头羊，希望学生会永远充满活力，充满朝气，让西政的学子们以你们为荣！', 166, 3, 1, '2015-10-03', 0),
(6, '人前的辉煌，人后的辛酸，你们辛苦了', 170, 2, 1, '2015-10-03', 0),
(7, '萌萌哒学姐，帅帅哒学长，辛苦啦！为同学们服务，提供同学们发展的平台，你们付出了时间，精力，还有汗水，加油吧，美好的明天在向你们招手！', 169, 3, 1, '2015-10-03', 0),
(8, '定不负你，不负大家', 2, 2, 1, '2015-10-03', 1),
(9, '作为学生会的一员，我希望我们重医的学生会永远青春活力，积极向上，让重医所有人都以此为荣\\^O^/', 166, 3, 0, '2015-10-03', 0),
(10, '作为学生会的一员，我希望我们重医的学生会永远青春活力，积极向上，让重医所有人都以此为荣\\^O^/', 166, 4, 1, '2015-10-03', 0),
(11, '希望这里能给你想要的机会', 2, 2, 1, '2015-10-03', 3),
(12, '为学生提供自由发展的平台，你们辛苦了，奉上真诚的感谢，原你们的未来更加辉煌，事业蒸蒸日上！', 169, 3, 0, '2015-10-03', 0),
(13, '为学生提供自由发展的平台，你们辛苦了，奉上真诚的感谢，原你们的未来更加辉煌，事业蒸蒸日上！', 169, 4, 1, '2015-10-03', 0),
(14, '不辛苦，我们只是希望能做好本职工作', 2, 2, 1, '2015-10-03', 6),
(15, '定不负君之望！', 2, 2, 1, '2015-10-03', 2),
(16, '西南政法大学因为有你们变得越来越好', 170, 3, 1, '2015-10-03', 0),
(17, '学生会是学校所有组织的标杆，主席团是学生会的灵魂，只要有你们在，重师从不停止骄傲。', 166, 3, 0, '2015-10-03', 0),
(18, '学生会是学校所有组织的标杆，主席团是学生会的灵魂，只要有你们在，重师从不停止骄傲。', 166, 4, 0, '2015-10-03', 0),
(19, '学生会是学校所有组织的标杆，主席团是学生会的灵魂，只要有你们在，重师从不停止骄傲。', 166, 5, 1, '2015-10-03', 0),
(20, '作为学生会的一员，我一直以加入学生会为荣，一直以遇见你们为幸，我期待着与你们共处的未来，各位主席大大，我们一起加油吧\\^O^/', 166, 3, 0, '2015-10-03', 0),
(21, '作为学生会的一员，我一直以加入学生会为荣，一直以遇见你们为幸，我期待着与你们共处的未来，各位主席大大，我们一起加油吧\\^O^/', 166, 4, 0, '2015-10-03', 0),
(22, '作为学生会的一员，我一直以加入学生会为荣，一直以遇见你们为幸，我期待着与你们共处的未来，各位主席大大，我们一起加油吧\\^O^/', 166, 5, 1, '2015-10-03', 0),
(23, '作为学生会的一员，我一直以加入学生会为荣，一直以遇见你们为幸，我期待着与你们共处的未来，各位主席大大，我们一起加油吧\\^O^/', 166, 6, 1, '2015-10-03', 0),
(24, '学生能够在学生会锻炼增长才干，离不开各位成员的付出，你们是最棒的，加油，梦想在这里起航！', 169, 5, 1, '2015-10-03', 0),
(25, '学生会有如此成就，主席大大们功不可没，以后也要继续加油哦\\^O^/', 166, 3, 0, '2015-10-03', 0),
(26, '学生会有如此成就，主席大大们功不可没，以后也要继续加油哦\\^O^/', 166, 7, 1, '2015-10-03', 0),
(27, '学生会有如此成就，主席大大们功不可没，以后也要继续加油哦\\^O^/', 166, 4, 0, '2015-10-03', 0),
(28, '学生会有如此成就，主席大大们功不可没，以后也要继续加油哦\\^O^/', 166, 6, 1, '2015-10-03', 0),
(29, '学生会有如此成就，主席大大们功不可没，以后也要继续加油哦\\^O^/', 166, 5, 0, '2015-10-03', 0),
(31, '在这里，同学们能够得到无上的关爱，结交真诚的朋友，增强自我能力，感谢所有学生会人员，你们是最棒的！', 169, 6, 1, '2015-10-03', 0),
(32, '都说西大是一个孕育爱情的地方，其实在我看来并不然，在缙云嘉陵千百年的滋养下，西大也成为了人才的聚集地，更难得可贵的是涌现了学生会这么一批冲在时代的前沿 敢于并乐于帮助同学的人…西大应该为你们感到自豪…我作为西大的一份子对你们也是抱着尊重敬仰和佩服…因为你们付出的是我们难以想象的…所以希望你们继续努力…将西大壮大', 171, 2, 1, '2015-10-03', 0),
(36, '为了医科大，加油吧', 170, 4, 1, '2015-10-03', 0),
(37, '所有的努力都是为了明天更好', 170, 5, 1, '2015-10-03', 0),
(38, '看来亲是一个很浪漫的人啊，谢谢你的夸奖！我们会谨记你们的期望并将之作为我们努力的动力！', 2, 2, 1, '2015-10-03', 32),
(39, '繁忙工作中收获乐趣', 170, 6, 1, '2015-10-03', 0),
(40, '西南大学学生会是一个团结有爱，共同进步，青春有活力的温暖大家庭，希望我校学生会能勇攀高峰，共铸辉煌', 173, 2, 1, '2015-10-03', 0),
(42, '重庆交通大学因为有你们而自豪', 170, 7, 1, '2015-10-03', 0),
(43, '谢谢你对我们的期待，我们会加油的！', 3, 3, 1, '2015-10-03', 4),
(44, '美好的明天也会向你招手的哟！', 3, 3, 1, '2015-10-03', 7),
(45, '谢谢，也因为你们的期待，我们会越来越好', 3, 3, 1, '2015-10-03', 16),
(46, '学校是个大家，你们是家里的顶梁柱', 170, 8, 1, '2015-10-03', 0),
(49, '前方困难未知，加油吧', 170, 9, 1, '2015-10-03', 0),
(50, '我一直都相信，身在校学生会主席团的每一位主席大大，都是大神一般的存在，所以大神们，请务必带领着重庆工商大学学生会，屹立于整个重庆市！', 166, 8, 1, '2015-10-03', 0),
(51, '即使委屈，也要坚持，还有很多人相信你们', 170, 10, 1, '2015-10-03', 0),
(52, '同学们能有今天奋发向上的精神离不开学生会提供的广阔发展的平台，感谢所有辛苦工作的学生会成员！', 169, 7, 1, '2015-10-03', 0),
(53, '即使委屈，也要坚持，还有很多人相信你们', 170, 11, 1, '2015-10-03', 0),
(55, '同学们能有今天奋发向上的精神离不开学生会提供的广阔发展的平台，感谢所有辛苦工作的学生会成员！', 169, 8, 1, '2015-10-03', 0),
(57, '主席大大们，学生会是我们大理工的骄傲，你们是学生会的骄傲，加油！我们这群学弟学妹会一直支持你们\\^O^/', 166, 9, 1, '2015-10-03', 0),
(58, '如此高的评价，倍感鸭梨山大呀。。。但是，动力也是极大的！', 5, 5, 1, '2015-10-03', 19),
(59, '好的，我们一起加油！', 5, 5, 1, '2015-10-03', 22),
(60, '委屈背后也有很多快乐的，干巴爹', 170, 13, 1, '2015-10-03', 0),
(61, '是的，学生会是大家的，我们一起努力！', 5, 5, 1, '2015-10-03', 24),
(62, '我们一起让明天更美好吧！', 5, 5, 1, '2015-10-03', 37),
(63, '理工学生会为同学们提供了广阔的平台展现自己，提升自己，得到了大家的认可，希望再接再厉，再创辉煌！', 169, 9, 1, '2015-10-03', 0),
(64, '理工学生会为同学们提供了广阔的平台展现自己，提升自己，得到了大家的认可，希望再接再厉，再创辉煌！', 169, 7, 0, '2015-10-03', 0),
(65, '理工学生会为同学们提供了广阔的平台展现自己，提升自己，得到了大家的认可，希望再接再厉，再创辉煌！', 169, 8, 0, '2015-10-03', 0),
(66, '我以你们为榜样', 170, 12, 1, '2015-10-03', 0),
(67, '我们以你的加入为幸！', 6, 6, 1, '2015-10-03', 23),
(68, '我们会一直努力的！', 6, 6, 1, '2015-10-03', 28),
(72, '理工学生会为同学们提供了广阔的平台展现自己，提升自己，得到了大家的认可，希望再接再厉，再创辉煌！', 169, 10, 0, '2015-10-03', 0),
(73, '谢谢！也期待你能加入我们学生会的大家庭！', 6, 6, 1, '2015-10-03', 31),
(74, '是的，学生会是一个团结友爱的大家庭！不会让大家因繁忙的工作而失去生活的乐趣！', 6, 6, 1, '2015-10-03', 39),
(75, '谢谢！我们会继续加油的！', 7, 7, 1, '2015-10-03', 26),
(76, '交大也因你们而骄傲！', 7, 7, 1, '2015-10-03', 42),
(77, '学生会正式为服务大家而存在！希望我们的努力不会让大家失望！', 7, 7, 1, '2015-10-03', 52),
(78, '同学们在学生会得到很大锻炼，感谢所有学姐学长，以及新成员们，为了明天奋斗吧！', 169, 11, 1, '2015-10-03', 0),
(79, '同学的比喻很形象哟！你赋予我们顶梁柱的重任，希望我们不会让你失望！', 8, 8, 1, '2015-10-03', 46),
(80, '你们团结有爱，积极进取，是学生们的好学长学姐，更是知心朋友，同学们为你们自豪，加油！', 169, 11, 0, '2015-10-03', 0),
(81, '你们团结有爱，积极进取，是学生们的好学长学姐，更是知心朋友，同学们为你们自豪，加油！', 169, 12, 1, '2015-10-03', 0),
(82, '我们不是大神，只不过是和大家一样的普通人，尽力做好自己工作的普通人！', 8, 8, 1, '2015-10-03', 50),
(83, '谢谢！我们会继续加油的！', 8, 8, 1, '2015-10-03', 55),
(85, '你们团结有爱，积极进取，是学生们的好学长学姐，更是知心朋友，同学们为你们自豪，加油！', 169, 13, 1, '2015-10-03', 0),
(87, '共勉！', 9, 9, 1, '2015-10-03', 49),
(88, '谢谢你的支持，我们会继续努力的！', 9, 9, 1, '2015-10-03', 57),
(89, '谢谢！定不负君之望！', 9, 9, 1, '2015-10-03', 63),
(94, '将青春安放在学生会，这是我做过的最正确的选择，学生会带着我们褪去稚嫩和懵懂，逐渐走向成熟，希望各位主席能够继续带领着下一代，让他们绽放出属于他们的光彩。', 166, 10, 1, '2015-10-03', 0),
(96, '恩，我们会的！而且服务大家是我们的宗旨，不辛苦的！', 10, 10, 1, '2015-10-03', 51),
(97, '谢谢亲这么相信学生会，并且陪我们一起努力！', 10, 10, 1, '2015-10-03', 94),
(98, '学生会，加油！新的一年，创造新的奇迹和辉煌！', 166, 10, 0, '2015-10-03', 0),
(99, '学生会，加油！新的一年，创造新的奇迹和辉煌！', 166, 11, 1, '2015-10-03', 0),
(100, '为你们服务是我们的荣幸！', 11, 11, 1, '2015-10-03', 53),
(101, '也希望你能在这里成长！', 11, 11, 1, '2015-10-03', 78),
(102, '你的期待是我们最大的动力！', 11, 11, 1, '2015-10-03', 99),
(103, '我们有泪水有喜悦，但泪水并不是因为委屈！一起加油！', 13, 13, 1, '2015-10-03', 60),
(104, '嗯嗯，一起加油！', 13, 13, 1, '2015-10-03', 85),
(105, '我们以你以我们为榜样而喜悦并骄傲！', 12, 12, 1, '2015-10-03', 66),
(106, '谢谢！期待能与学生会一起变得更好！', 12, 12, 1, '2015-10-03', 81),
(107, '期待你与我们一起共创辉煌！', 2, 2, 1, '2015-10-03', 40),
(108, '三峡学院是万州的骄傲哦，各位主席一定要让骄傲延续下去哦\\^O^/', 166, 12, 1, '2015-10-03', 0),
(109, '我们一起加油！', 4, 4, 1, '2015-10-03', 36),
(110, '作为政法大学里的翘楚，已经不止一次听说了这个大学的美名，然而作为一名理科生只能看看听听，却始终不能成为其中一份子。看了各位学长的照片，只恨自己文科功底不行，颜值也略微不够，终有一日，我要去逛逛！', 172, 3, 1, '2015-10-03', 0),
(111, '主席大大们，你们的辛苦我们看在眼里，唯一的回报就是和你们一起把学生会发扬光大\\^O^/', 166, 13, 1, '2015-10-03', 0),
(112, '庞大的主席团并不能让人震惊，照片里的笑容却着实让人开心。有这么一群美丽可爱的人儿，那我当然相信白衣的都是天使', 172, 3, 1, '2015-10-03', 0),
(113, '庞大的主席团并不能让人震惊，照片里的笑容却着实让人开心。有这么一群美丽可爱的人儿，那我当然相信白衣的都是天使', 172, 4, 1, '2015-10-03', 0),
(114, '师范类的高校总让人有一种敬畏，照片里的人儿恰好有一种威严，那是作为老师的威严，又恰有一种亲切，如同父母的亲切！地处西南腹地，一方美丽的水土定能培养一批美丽的园丁！', 172, 4, 0, '2015-10-03', 0),
(115, '师范类的高校总让人有一种敬畏，照片里的人儿恰好有一种威严，那是作为老师的威严，又恰有一种亲切，如同父母的亲切！地处西南腹地，一方美丽的水土定能培养一批美丽的园丁！', 172, 3, 0, '2015-10-03', 0),
(116, '师范类的高校总让人有一种敬畏，照片里的人儿恰好有一种威严，那是作为老师的威严，又恰有一种亲切，如同父母的亲切！地处西南腹地，一方美丽的水土定能培养一批美丽的园丁！', 172, 5, 1, '2015-10-03', 0),
(117, '感谢学长学姐的付出，辛苦啦，为你们自豪哦，加油！', 169, 2, 0, '2015-10-03', 0),
(118, '感谢学长学姐的付出，辛苦啦，为你们自豪哦，加油！', 169, 3, 0, '2015-10-03', 0),
(119, '感谢学长学姐的付出，辛苦啦，为你们自豪哦，加油！', 169, 4, 1, '2015-10-03', 0),
(120, '因为爱，所以存在，么么哒，爱你们，爱学生会！', 169, 9, 0, '2015-10-03', 0),
(121, '因为爱，所以存在，么么哒，爱你们，爱学生会！', 169, 6, 1, '2015-10-03', 0),
(122, '因为爱，所以存在，么么哒，爱你们，爱学生会！', 169, 7, 0, '2015-10-03', 0),
(124, '因为爱，所以存在，么么哒，爱你们，爱学生会！', 169, 10, 0, '2015-10-03', 0),
(125, '重交大学生会一直以来都是团结奋进的优秀集体，愿重庆交大学生会勇攀高峰，再创佳绩！', 173, 6, 1, '2015-10-03', 0),
(126, '重交大学生会一直以来都是团结奋进的优秀集体，愿重庆交大学生会勇攀高峰，再创佳绩！', 173, 5, 0, '2015-10-03', 0),
(127, '重交大学生会一直以来都是团结奋进的优秀集体，愿重庆交大学生会勇攀高峰，再创佳绩！', 173, 7, 0, '2015-10-03', 0),
(128, '政法欢迎你！如果需要导游就告诉我哟，学生会乐意当米的导游！', 3, 3, 1, '2015-10-03', 110),
(129, '谢谢你！', 3, 3, 1, '2015-10-03', 112),
(130, '谢谢亲的赞扬！我们会一直努力的！', 6, 6, 1, '2015-10-03', 125),
(131, '希望你的“爱”永存哦！', 6, 6, 1, '2015-10-03', 121),
(132, '嗯嗯，这也是我们奋斗的目标！', 4, 4, 1, '2015-10-03', 10),
(133, '感谢主席团兄弟姐妹们的倾心奉献，在你们的带领下，未来会更好！', 169, 2, 0, '2015-10-03', 0),
(134, '感谢主席团兄弟姐妹们的倾心奉献，在你们的带领下，未来会更好！', 169, 3, 0, '2015-10-03', 0),
(136, '感谢主席团兄弟姐妹们的倾心奉献，在你们的带领下，未来会更好！', 169, 4, 0, '2015-10-03', 0),
(139, '也很感谢你们对我们活动的支持！', 4, 4, 1, '2015-10-03', 13),
(140, '能成为你们的天使是我们的荣幸！', 4, 4, 1, '2015-10-03', 113),
(141, '愿重医学生会在未来创造更灿烂的辉煌！', 173, 3, 0, '2015-10-03', 0),
(142, '愿重医学生会在未来创造更灿烂的辉煌！', 173, 4, 1, '2015-10-03', 0),
(143, '学生会因爱而存在，我们因爱相聚在此，让我们携手共进，谱写灿烂的明天！', 169, 5, 0, '2015-10-03', 0),
(144, '学生会因爱而存在，我们因爱相聚在此，让我们携手共进，谱写灿烂的明天！', 169, 10, 0, '2015-10-03', 0),
(145, '学生会因爱而存在，我们因爱相聚在此，让我们携手共进，谱写灿烂的明天！', 169, 7, 0, '2015-10-03', 0),
(146, '学生会因爱而存在，我们因爱相聚在此，让我们携手共进，谱写灿烂的明天！', 169, 9, 0, '2015-10-03', 0),
(147, '学生会因爱而存在，我们因爱相聚在此，让我们携手共进，谱写灿烂的明天！', 169, 8, 0, '2015-10-03', 0),
(148, '学生会因爱而存在，我们因爱相聚在此，让我们携手共进，谱写灿烂的明天！', 169, 6, 0, '2015-10-03', 0),
(149, '重师学生会干部和干事的共同努力创造了今日学校的异彩纷呈，院学生会再创佳绩', 173, 5, 1, '2015-10-03', 0),
(150, '我只能说我并不爱你！因为你们学校足够优秀所以分足够高，而我的哥们没考上！于是我只能一个人在重庆！', 172, 6, 1, '2015-10-03', 0),
(151, '愿学生会的干部干事们通力合作，共铸辉煌，学校因你们的付出而精彩！', 173, 8, 0, '2015-10-03', 0),
(152, '愿学生会的干部干事们通力合作，共铸辉煌，学校因你们的付出而精彩！', 173, 5, 1, '2015-10-03', 0),
(153, '愿学生会的干部干事们通力合作，共铸辉煌，学校因你们的付出而精彩！', 173, 6, 1, '2015-10-03', 0),
(154, '交大呀，总有一种崇拜吧，毕竟我们西安交大是我们陕西人眼里的梦一般的存在，重庆交大也能有一天变成超级厉害的学校', 172, 7, 1, '2015-10-03', 0),
(155, '西大真的好美丽，我爱这里，学生会是一个成长的地方，相约西大，一起成长', 174, 2, 1, '2015-10-03', 0),
(157, '你们的辛勤付出铸就了学校今日的辉煌，祝福你们拥有最灿烂的青春！', 173, 9, 1, '2015-10-03', 0),
(158, '川外学生会是学校的中坚力量，是你们的辛勤付出换来了川外如今的精彩，加油吧！', 173, 10, 1, '2015-10-03', 0),
(159, '西南大学是我们梦想的启航地，西南大学学生会更是带领我们的梦想起飞的旗帜。我们会在西大学生会的守护下过好在校的每一天。谢谢你们的关爱和守护！我们会一直支持你们！', 177, 2, 1, '2015-10-03', 0),
(161, '昨天虽然下雨但我还是去逛了逛西南政法大学，出乎我意料的是，它没有我想象中的那么严肃，反而其中的人是那么自由自在，相比如此环境下培养出的你们一定是兼备智慧与能力的…加油…政法需要你们来变得更加强大', 171, 2, 0, '2015-10-04', 0),
(162, '昨天虽然下雨但我还是去逛了逛西南政法大学，出乎我意料的是，它没有我想象中的那么严肃，反而其中的人是那么自由自在，相比如此环境下培养出的你们一定是兼备智慧与能力的…加油…政法需要你们来变得更加强大', 171, 3, 1, '2015-10-04', 0),
(163, '医科大的学生会，我相信一定会秉着一颗济世之心服务大家', 171, 4, 1, '2015-10-04', 0),
(164, '师魂，在重庆师范的要摇篮里相信你们的灵魂会受到洗涤，加油', 171, 4, 0, '2015-10-04', 0),
(165, '师魂，在重庆师范的要摇篮里相信你们的灵魂会受到洗涤，加油', 171, 5, 1, '2015-10-04', 0),
(166, '邮电大学的学生会成员们祝你们再创佳绩', 171, 4, 0, '2015-10-04', 0),
(167, '邮电大学的学生会成员们祝你们再创佳绩', 171, 5, 0, '2015-10-04', 0),
(168, '邮电大学的学生会成员们祝你们再创佳绩', 171, 6, 1, '2015-10-04', 0),
(169, '交大的学生会成员们祝你们再创佳绩', 171, 4, 0, '2015-10-04', 0),
(173, '昨天去了川外，发现这才是我想要的大学…美女如云小吃遍地…生活在其中的你们一定特别幸福…所以你们要加倍努力', 171, 5, 0, '2015-10-04', 0),
(174, '昨天去了川外，发现这才是我想要的大学…美女如云小吃遍地…生活在其中的你们一定特别幸福…所以你们要加倍努力', 171, 4, 0, '2015-10-04', 0),
(175, '昨天去了川外，发现这才是我想要的大学…美女如云小吃遍地…生活在其中的你们一定特别幸福…所以你们要加倍努力', 171, 10, 1, '2015-10-04', 0),
(176, '昨天去了川外，发现这才是我想要的大学…美女如云小吃遍地…生活在其中的你们一定特别幸福…所以你们要加倍努力', 171, 7, 0, '2015-10-04', 0),
(177, '昨天去了川外，发现这才是我想要的大学…美女如云小吃遍地…生活在其中的你们一定特别幸福…所以你们要加倍努力', 171, 6, 0, '2015-10-04', 0),
(178, '好的，相约西大，一起成长', 2, 2, 1, '2015-10-04', 155),
(179, '希望我们的努力能对得起你的期望！', 2, 2, 1, '2015-10-04', 159),
(180, '外校的小盆友，欢迎你来西政。。。这里是一个会让你爱上的地方', 3, 3, 1, '2015-10-04', 162),
(181, '相信你的灵魂应该是的到了洗涤的，重师的魔力！哈哈……', 5, 5, 1, '2015-10-04', 165),
(182, '谢谢！我们会继续加油的！', 5, 5, 1, '2015-10-04', 149),
(183, '看来同学是个善良的人……', 4, 4, 1, '2015-10-04', 163),
(184, '谢谢你的信任，这也是我们继续努力的动力！', 4, 4, 1, '2015-10-04', 142),
(185, '谢谢！我们会继续努力的！', 6, 6, 1, '2015-10-04', 168),
(186, '挺遗憾的。。。。欢迎你同学来这里玩！', 6, 6, 1, '2015-10-04', 150),
(187, '愿理工的所有学生都有一个灿烂的青春', 9, 9, 1, '2015-10-04', 157),
(188, '我们一定会继续加油的！', 9, 9, 1, '2015-10-04', 71),
(189, '恩，我们会的！也希望同学能尽快爱上你的学校！', 10, 10, 1, '2015-10-04', 175),
(190, '是川外的所有学生共铸了它的美好！', 10, 10, 1, '2015-10-04', 158),
(191, '谢谢亲对我们有如此高的评价，我们会继续加油的！', 12, 12, 1, '2015-10-04', 108),
(192, '谢谢！那同学以后有问题时尽管来找我们哟', 12, 12, 1, '2015-10-04', 86),
(193, '谢谢你的支持！我们一起加油吧', 13, 13, 1, '2015-10-04', 111),
(195, '重庆交大雄起', 171, 7, 0, '2015-10-04', 0),
(197, '工商大学以有你们这样优秀的人为荣，加油！', 171, 8, 1, '2015-10-04', 0),
(198, '重庆理工有你们是幸福，因为你们是最优秀的团体…加油', 171, 9, 1, '2015-10-04', 0),
(199, '三峡大学有你们是幸福，因为你们是最优秀的团体…加油', 171, 9, 0, '2015-10-04', 0),
(200, '三峡大学有你们是幸福，因为你们是最优秀的团体…加油', 171, 12, 1, '2015-10-04', 0),
(202, '也希望你们能积极配合学生会的工作哦', 5, 5, 1, '2015-10-05', 152),
(203, '希望你们也能同我们共铸美好重邮！', 6, 6, 1, '2015-10-05', 153),
(204, '谢谢！这也是我们努力的目标！', 7, 7, 1, '2015-10-05', 196),
(205, '嗯嗯，我们会记住你的鼓励的，并将之化为我们前进的动力', 7, 7, 1, '2015-10-05', 154),
(206, '学校以你我为荣！', 8, 8, 1, '2015-10-05', 197),
(207, '也因为有你们', 9, 9, 1, '2015-10-05', 198),
(208, '也希望优秀的你在以后的时间里多向我们提提建议！', 12, 12, 1, '2015-10-05', 200),
(209, '看来同学对我们学校爱得深沉呀。。。那就与我们学生会一起携手为他添美丽的画笔吧', 5, 5, 1, '2015-10-05', 116),
(210, '学校的美景和美人着实让人目不暇接，剥去喧嚣的华丽外衣，只有你们依旧在滋润着学校的娇土。美好的学校需要你们这般美好却努力的人儿，川外也当然变得更好', 172, 10, 1, '2015-10-05', 0),
(212, '不断壮大的是组织，强大的却是你们的精神。学校在你们的努力变得更加美好，你们也在这里成就了青春！', 172, 12, 1, '2015-10-05', 0),
(213, '四个人便是天，是自己的今天，是学生组织的明天，为了学校的环境你们在奋斗，为了学校的优秀你们在努力，终有一日你们成了更好的自己', 172, 13, 1, '2015-10-05', 0),
(214, '我们都在为学校而努力，我们也都会有一个美好的明天！', 13, 13, 1, '2015-10-06', 213),
(215, '希望你也能在三峡成就你的青春！', 12, 12, 1, '2015-10-06', 212),
(216, '我们都是美好而努力的人儿，一起加油吧！', 10, 10, 1, '2015-10-06', 210),
(217, '我们都是学校的过客，而你们却在大学的扉页上留下浓墨的一笔。理工的学院里少了些木讷，多了活泼，多了青春的味道。你们在大学里为了同学们努力着，为了学校的明天努力着，你们也在不经意间成了更好的自己。', 172, 9, 1, '2015-10-06', 0),
(218, '在充满艺术气息的大学里有那么一群活泼的人儿每天都在忙碌着，没有利益趋驶，只为了同学们更团结和开心，为了师生关系的融洽，他们不辞辛苦拖着着疲倦的身体奋斗着。有这般努力的人儿，学校又怎会不美好？！', 172, 11, 1, '2015-10-06', 0),
(219, '我们都只是在这里进行一段为期四年的旅行，时间虽短，但但愿我们都能成长！', 9, 9, 1, '2015-10-06', 217),
(220, '学校的美好是我们每个人为之奉献自我的缘故，学校美，这里面的你们更美！', 11, 11, 1, '2015-10-06', 218),
(221, '哇，今天才知道，原来主席这么帅！！！！！', 207, 45, 0, '2015-10-09', 0),
(222, '尹女神我要给你生猴子！！', 220, 6, 0, '2015-10-09', 0),
(223, '什么都可以吗？？？', 270, 30, 0, '2015-10-09', 0),
(224, '主席好美好帅，可以认识你们嘛😃', 278, 6, 0, '2015-10-09', 0),
(225, '招之能来，来之能战，战之能胜-重电校学生会团结奋进，砥砺前行～加油！！！', 294, 4, 0, '2015-10-09', 0),
(226, '招之能来，来之能战，战之能胜-重电校学生会团结奋进，砥砺前行～加油！！！', 294, 24, 1, '2015-10-09', 0),
(227, '招之能来，来之能战，战之能胜-重电校学生会团结奋进，砥砺前行～加油！！！', 294, 2, 0, '2015-10-09', 0),
(228, '招之能来，来之能战，战之能胜-重电校学生会团结奋进，砥砺前行～加油！！！', 294, 3, 0, '2015-10-09', 0),
(229, '一起努力！', 24, 24, 1, '2015-10-09', 226),
(230, '大机电的主席棒棒哒', 311, 30, 1, '2015-10-09', 0),
(231, '财经学校的主席男的帅气，女的美腻。棒棒哒', 311, 30, 0, '2015-10-09', 0),
(232, '财经学校的主席男的帅气，女的美腻。棒棒哒', 311, 35, 1, '2015-10-09', 0),
(233, '谢谢，你也很棒', 35, 35, 1, '2015-10-09', 232),
(234, '主席团颜值很高啊😏', 373, 2, 0, '2015-10-09', 0),
(235, '常煜童，第二届第四任，我会在学生会得到我想要的👍👍🎉🎉👏👏😏😏', 372, 43, 0, '2015-10-09', 0),
(236, '常煜童，第二届第四任，我会在学生会得到我想要的👍👍🎉🎉👏👏😏😏', 372, 43, 0, '2015-10-09', 0),
(237, '希望重庆公共运输职业学院的学生会 能在今后的日子里越来越辉煌', 392, 61, 0, '2015-10-09', 0),
(238, '汪洋叔叔我爱你！你快给我生猴子', 413, 2, 1, '2015-10-09', 0),
(239, '真帅😃真美😃', 381, 2, 0, '2015-10-09', 0),
(240, '真帅😃真美😃', 381, 2, 0, '2015-10-09', 0),
(241, '重电学生会，棒棒哒！', 450, 24, 1, '2015-10-09', 0),
(242, '重电学生会，棒棒哒！', 450, 24, 0, '2015-10-09', 0),
(243, '主席，请问你你进入学生会你后悔吗？', 456, 29, 1, '2015-10-09', 0),
(244, '学生会友爱才会有爱！大家庭好好努力，为同学们办实事，加油！', 474, 25, 0, '2015-10-09', 0),
(245, '学生会加油！主席大大们加油！还要说一句，杨主席好漂亮的诶～', 494, 13, 1, '2015-10-09', 0),
(246, '主席 马上去实习啰...', 499, 17, 1, '2015-10-09', 0),
(247, '加油加油爱你哦小强😘😘', 13, 13, 1, '2015-10-09', 245),
(248, '', 24, 24, 1, '2015-10-09', 241),
(249, '老大加油~\\(≧▽≦)/~老大最棒~\\(≧▽≦)/~呜啦啦~', 513, 13, 1, '2015-10-09', 0),
(250, '老大加油~\\(≧▽≦)/~老大最棒~\\(≧▽≦)/~呜啦啦~', 513, 13, 1, '2015-10-09', 0),
(251, '老大加油~\\(≧▽≦)/~老大最棒~\\(≧▽≦)/~呜啦啦~', 513, 13, 1, '2015-10-09', 0),
(252, '老大加油~\\(≧▽≦)/~老大最棒~\\(≧▽≦)/~呜啦啦~', 513, 13, 1, '2015-10-09', 0),
(253, '老大加油~\\(≧▽≦)/~老大最棒~\\(≧▽≦)/~呜啦啦~', 513, 13, 1, '2015-10-09', 0),
(254, '老大加油~\\(≧▽≦)/~老大最棒~\\(≧▽≦)/~呜啦啦~', 513, 13, 1, '2015-10-09', 0),
(255, '傻璐璐', 13, 13, 1, '2015-10-09', 249),
(256, '傻璐璐', 13, 13, 1, '2015-10-09', 250),
(257, '傻璐璐', 13, 13, 1, '2015-10-09', 251),
(258, '傻璐璐', 13, 13, 1, '2015-10-09', 252),
(259, '傻璐璐', 13, 13, 1, '2015-10-09', 253),
(260, '傻璐璐', 13, 13, 1, '2015-10-09', 254),
(261, '祝重庆文理学院学生会越办越好', 526, 13, 1, '2015-10-09', 0),
(262, '重庆警察学院，学生会棒棒哒，主席们棒棒哒', 527, 17, 1, '2015-10-09', 0),
(263, '重医学生会，一直都是最贴心的朋友。愿你们和它一起成长～', 528, 4, 0, '2015-10-09', 0),
(264, '齐心协力，一定更好❤️', 13, 13, 1, '2015-10-09', 261),
(265, '无论走到哪里，一起奋斗的点点滴滴，总能激起最美好的回忆！', 17, 17, 1, '2015-10-09', 246),
(266, '赞赞赞！', 543, 13, 0, '2015-10-09', 0),
(267, '赞赞赞！', 543, 13, 0, '2015-10-09', 0),
(268, '赞赞赞！', 543, 13, 0, '2015-10-09', 0),
(269, '赞赞赞！', 543, 13, 0, '2015-10-09', 0),
(270, '赞赞赞！', 543, 13, 0, '2015-10-09', 0),
(271, '坚信在主席带领下，大家共同努力下，学生会会越来越好，学生工作明天会更加辉煌。', 342, 17, 1, '2015-10-09', 0),
(272, '坚信在主席带领下，大家共同努力下，学生会会越来越好，学生工作明天会更加辉煌。', 342, 17, 1, '2015-10-09', 0),
(273, '主席好帅', 548, 17, 1, '2015-10-09', 0),
(274, '主席，棒棒哒', 559, 17, 1, '2015-10-09', 0),
(275, '😘😘😘', 565, 17, 1, '2015-10-09', 0),
(276, '主席团颜值好高😍', 572, 17, 1, '2015-10-09', 0),
(277, '主席，你真棒，感谢!', 573, 17, 1, '2015-10-09', 0),
(278, '大家一起加油哦', 4, 4, 1, '2015-10-09', 119),
(279, '我校英明威武的何主席 文能提笔安天下，武能上马定乾坤。', 581, 17, 1, '2015-10-09', 0),
(280, '主席，我饿了。', 603, 13, 0, '2015-10-09', 0),
(281, '祝学校越来越好', 610, 13, 0, '2015-10-09', 0),
(282, '各位主席颜值为什么这么高！', 611, 2, 0, '2015-10-09', 0),
(283, '棒棒哒', 613, 13, 0, '2015-10-09', 0),
(284, '﹋o﹋帅帅！！', 616, 13, 0, '2015-10-09', 0),
(285, '﹋o﹋帅帅！！', 616, 13, 0, '2015-10-09', 0),
(286, '哇哇哇。。都是美女帅哥。。祝学校共青团越来越好。。谢谢学长学姐的付出', 617, 13, 0, '2015-10-09', 0),
(287, '支持', 623, 17, 1, '2015-10-09', 0),
(288, '中间那个主席，长得挺漂亮啊，看好你哦，，，，，', 629, 64, 0, '2015-10-09', 0),
(289, '中间那个主席，长得挺漂亮啊，看好你哦，，，，，', 629, 27, 0, '2015-10-09', 0),
(290, '能进入文理学院的学生会，是我的荣幸，希望学生会会越来越好', 638, 13, 0, '2015-10-09', 0),
(291, '继续努力！！', 637, 13, 0, '2015-10-09', 0),
(292, '继续努力！！', 637, 13, 0, '2015-10-09', 0),
(293, '好帅', 643, 17, 1, '2015-10-09', 0),
(294, '能进入文理学院的学生会，是我的荣幸，希望学生会会越来越好', 638, 13, 0, '2015-10-09', 0),
(295, '主席，怎么我登录进来查看不了图片呢？', 651, 53, 1, '2015-10-09', 0),
(296, '于工作中追求快乐，于工作中追求收获！', 17, 17, 1, '2015-10-09', 262),
(297, '希望重庆文理学校的学生会越办越好，学姐学长们加油，狠赞一个！！！！！！', 1001, 13, 0, '2015-10-09', 0),
(298, '哈哈，谬赞！', 17, 17, 1, '2015-10-09', 279),
(299, '哈哈，谢谢！', 17, 17, 1, '2015-10-09', 293),
(300, '66666', 1010, 17, 1, '2015-10-09', 0),
(301, '', 17, 17, 1, '2015-10-09', 275),
(302, '大家帅，才是真的帅！', 17, 17, 1, '2015-10-09', 273),
(303, '还好。。。', 17, 17, 1, '2015-10-09', 276),
(304, '因为有你', 17, 17, 1, '2015-10-09', 277),
(305, '感谢！', 17, 17, 1, '2015-10-09', 287),
(306, '坚持！', 17, 17, 1, '2015-10-09', 271),
(307, '加油！', 17, 17, 1, '2015-10-09', 272),
(308, '嘿嘿', 17, 17, 1, '2015-10-09', 274),
(309, '点个赞，为各位主席', 1015, 17, 1, '2015-10-09', 0),
(310, '侦查神勇', 1015, 17, 1, '2015-10-09', 0),
(311, '愿我们红尘作伴 活得潇潇洒洒', 664, 2, 0, '2015-10-09', 0),
(312, '愿我们红尘作伴 活得潇潇洒洒', 664, 6, 0, '2015-10-09', 0),
(313, '愿我们红尘作伴 活得潇潇洒洒', 664, 21, 0, '2015-10-09', 0),
(314, '……我也看不到图片', 53, 53, 1, '2015-10-09', 295),
(315, '好棒！', 1028, 17, 1, '2015-10-09', 0),
(316, '希望你们能把我们的校园生活变得更加多姿多彩，更加充满阳光与活力，看好你们，加油！', 1034, 53, 1, '2015-10-09', 0),
(317, '希望你们能把我们的校园生活变得更加多姿多彩，更加充满阳光与活力，看好你们，加油！', 1034, 53, 1, '2015-10-09', 0),
(318, '谢谢', 17, 17, 1, '2015-10-09', 309),
(319, '沈俊良，加油！', 1041, 17, 1, '2015-10-09', 0),
(320, '加油加油！！！一定会越来越好！！！', 1040, 13, 0, '2015-10-09', 0),
(321, '加油加油！！！一定会越来越好！！！', 1040, 13, 0, '2015-10-09', 0),
(322, 'we are 伐木累！我们一起加油', 264, 30, 0, '2015-10-09', 0),
(323, '没照片啊？', 665, 53, 1, '2015-10-09', 0),
(324, '好样的，今后做个为民好警察。', 1064, 17, 1, '2015-10-09', 0),
(325, '为沈良俊点赞', 1099, 17, 0, '2015-10-09', 0),
(326, '为沈良俊点赞', 1099, 17, 0, '2015-10-09', 0),
(327, '为什么没有照片', 1103, 2, 0, '2015-10-09', 0),
(328, '为什么没有照片', 1103, 11, 0, '2015-10-09', 0),
(329, '加油！我们会更加努力的', 53, 53, 1, '2015-10-09', 316),
(330, '一生难忘的回忆', 1111, 5, 0, '2015-10-09', 0),
(331, '一生难忘的回忆', 1111, 5, 0, '2015-10-09', 0),
(332, '加油噢！', 53, 53, 1, '2015-10-09', 317),
(333, '有啊', 53, 53, 1, '2015-10-09', 323),
(334, '哪里有图片嘛', 1114, 53, 0, '2015-10-09', 0),
(335, '哪里有图片嘛', 1114, 53, 0, '2015-10-09', 0),
(336, '主席们好，我是来看热闹的', 1130, 2, 0, '2015-10-09', 0),
(337, '赞！', 1158, 21, 0, '2015-10-09', 0),
(338, '赞！', 1158, 17, 1, '2015-10-09', 0),
(339, '爱西大，爱主席', 1161, 2, 0, '2015-10-09', 0),
(340, '赞！', 1158, 17, 0, '2015-10-09', 0),
(341, '赞！', 1158, 21, 0, '2015-10-09', 0),
(342, '我就想让汪晋北请我吃饭', 1173, 2, 0, '2015-10-09', 0),
(343, '顶起！', 1158, 17, 1, '2015-10-09', 0),
(344, '顶起！', 1158, 17, 1, '2015-10-09', 0),
(345, '加油', 1190, 2, 0, '2015-10-09', 0),
(346, '聚是一团火，散是满天星。', 1191, 2, 0, '2015-10-09', 0),
(347, '棒棒哒', 1195, 35, 1, '2015-10-09', 0),
(348, '加油', 1203, 53, 0, '2015-10-09', 0),
(349, '没有社联😂', 1208, 7, 0, '2015-10-09', 0),
(350, '没有社联😂', 1208, 7, 0, '2015-10-09', 0),
(351, '主席，辛苦了。', 587, 27, 0, '2015-10-09', 0),
(352, '主席，辛苦了。', 587, 12, 0, '2015-10-09', 0),
(353, '我喜欢西南大学的主席！帅！美！', 1224, 2, 0, '2015-10-09', 0),
(354, '加油', 35, 35, 1, '2015-10-09', 347),
(355, '希望，学习部能把学校的读书氛围变得活跃起来。哈哈~', 1243, 53, 0, '2015-10-09', 0),
(356, '谢谢！', 17, 17, 1, '2015-10-09', 319),
(357, '看好你们的，加油↖(^ω^)↗！', 1266, 30, 1, '2015-10-09', 0),
(358, '第十一届西南大学学生会主席团是颜值最高的！！！', 1257, 2, 0, '2015-10-09', 0),
(359, '机电校的主席好帅呀', 1007, 30, 1, '2015-10-09', 0),
(360, '机电校的主席好帅呀', 1007, 30, 0, '2015-10-09', 0),
(361, '帅得不要不要的！', 1278, 17, 1, '2015-10-09', 0),
(362, '哈哈', 17, 17, 1, '2015-10-09', 300),
(363, '都是警院人，哈哈', 17, 17, 1, '2015-10-09', 310),
(364, '谢谢！', 17, 17, 1, '2015-10-09', 315),
(365, '西南大学是异乡人的大家，校会是异乡人的小家。校会带我们逛校园吧！', 1259, 2, 0, '2015-10-09', 0),
(366, '那必须滴！fighting！', 17, 17, 1, '2015-10-09', 324),
(367, '谢谢！', 17, 17, 1, '2015-10-09', 338),
(368, '顶起哟！', 17, 17, 1, '2015-10-09', 343),
(369, '哈哈', 17, 17, 1, '2015-10-09', 361),
(370, '哈哈', 17, 17, 1, '2015-10-09', 361),
(371, '王酱，好帅', 1281, 17, 1, '2015-10-09', 0),
(372, '师兄师姐加油…！', 1282, 13, 0, '2015-10-09', 0),
(373, '祝重庆文理学院越来越好！', 1300, 13, 0, '2015-10-09', 0),
(374, '666666', 1329, 53, 0, '2015-10-09', 0),
(375, '服务同学，锻炼自我。在实践中的成长，丰满了青春画卷。', 1331, 2, 0, '2015-10-09', 0),
(376, '嗯嗯，我们会努力的', 30, 30, 1, '2015-10-09', 357),
(377, '他们都帅，我是拉低颜值底线的', 30, 30, 1, '2015-10-09', 359),
(378, '嘻嘻', 30, 30, 1, '2015-10-09', 230),
(379, '加油了！很多的是付出！', 1337, 30, 0, '2015-10-09', 0),
(380, '我想去当老师', 1345, 17, 1, '2015-10-10', 0),
(381, '我想去当老师', 1345, 17, 1, '2015-10-10', 0),
(382, '😄', 657, 36, 0, '2015-10-10', 0),
(383, '为同学服务努力做到更好院学生会棒棒哒', 490, 36, 0, '2015-10-10', 0),
(384, '为同学服务努力做到更好院学生会棒棒哒', 490, 36, 0, '2015-10-10', 0),
(385, '……还真是哪儿都能被你找到', 2, 2, 1, '2015-10-10', 238),
(386, '不后悔，反倒很感谢学生会，学生会的经历是我这辈子都忘不了的美好故事！', 29, 29, 1, '2015-10-10', 243),
(387, '好！', 1398, 17, 1, '2015-10-10', 0),
(388, '号好', 1399, 17, 1, '2015-10-10', 0),
(389, '好', 1399, 17, 1, '2015-10-10', 0),
(390, '你们很棒哒', 1401, 17, 1, '2015-10-10', 0),
(391, '加油', 1404, 17, 1, '2015-10-10', 0),
(392, '希望主席反应一下学校食堂问题。我代表全体同学感谢你！', 1410, 17, 1, '2015-10-10', 0),
(393, '学院的。', 1408, 17, 1, '2015-10-10', 0),
(394, '学院的。', 1408, 17, 1, '2015-10-10', 0),
(395, '帅的人做帅的事', 1403, 17, 1, '2015-10-10', 0),
(396, '😄', 1416, 17, 1, '2015-10-10', 0),
(397, '赞赞赞', 1432, 17, 1, '2015-10-10', 0),
(398, '赞赞赞', 1432, 17, 1, '2015-10-10', 0),
(399, '没图片？', 1440, 53, 0, '2015-10-10', 0),
(400, '没图片？', 1440, 53, 0, '2015-10-10', 0),
(401, '帮帮哒', 1447, 17, 1, '2015-10-10', 0),
(402, '谢谢鼓励！', 17, 17, 1, '2015-10-10', 390),
(403, '好的，我们一直在努力和食堂进行沟通，大家有什么意见和建议及时反馈给学生会生活部。', 17, 17, 1, '2015-10-10', 392),
(404, '帅的事帅的人来做', 17, 17, 1, '2015-10-10', 395),
(405, '谢谢哟', 17, 17, 1, '2015-10-10', 397),
(406, '嘿嘿', 17, 17, 1, '2015-10-10', 396),
(407, '哈哈', 17, 17, 1, '2015-10-10', 380),
(408, 'nice！', 17, 17, 1, '2015-10-10', 387),
(409, 'thankyou！', 17, 17, 1, '2015-10-10', 389),
(410, '加油！', 17, 17, 1, '2015-10-10', 391),
(411, '未来是你们的！', 17, 17, 1, '2015-10-10', 393),
(412, '谢谢', 17, 17, 1, '2015-10-10', 398),
(413, '火星文可读不懂哦', 17, 17, 1, '2015-10-10', 388),
(414, '警院的', 17, 17, 1, '2015-10-10', 394),
(415, '谢谢', 17, 17, 1, '2015-10-10', 401),
(416, '有梦想，要坚持', 17, 17, 1, '2015-10-10', 381),
(417, '加油！', 17, 17, 1, '2015-10-10', 344),
(418, '谢谢！', 17, 17, 1, '2015-10-10', 371),
(419, '希望西大学生会各方能够放下偏见，加强沟通，达成共识，同心戮力，培养政治方向思维，踏实肯干，服从统一领导，我们才能成为一个高速运转的组织。', 1450, 2, 0, '2015-10-10', 0),
(420, '希望西大学生会各方能够放下偏见，加强沟通，达成共识，同心戮力，培养政治方向思维，踏实肯干，服从统一领导，我们才能成为一个高速运转的组织。', 1450, 2, 0, '2015-10-10', 0),
(421, '没看到照片', 1476, 53, 0, '2015-10-10', 0),
(422, '啦啦啦啦，蓓莉亲，么么哒', 1475, 13, 0, '2015-10-10', 0);

-- --------------------------------------------------------

--
-- 表的结构 `president`
--

CREATE TABLE IF NOT EXISTS `president` (
  `id` int(11) NOT NULL AUTO_INCREMENT,
  `president` varchar(255) DEFAULT NULL,
  `school_id` int(11) DEFAULT NULL,
  `introduce` varchar(255) DEFAULT NULL,
  `pic` varchar(255) DEFAULT NULL,
  `praise` varchar(255) DEFAULT NULL,
  `posization` varchar(255) DEFAULT NULL,
  PRIMARY KEY (`id`)
) ENGINE=InnoDB  DEFAULT CHARSET=utf8mb4 AUTO_INCREMENT=352 ;

--
-- 转存表中的数据 `president`
--

INSERT INTO `president` (`id`, `president`, `school_id`, `introduce`, `pic`, `praise`, `posization`) VALUES
(2, '胡蕊', 36, '胡蕊，女，2013年进入校学生会。在学生会培训月中，获得“优秀辩手”的称号。独自策划并总负责学院及市民学校“讲故事大赛”。全程参与了“校园歌手大赛”策划，以及整个活动的上下沟通。能够熟练操作常用办公软件word、excel、ppt等，对网络管理有一定了解。有较好的文字写作功底，口头表达能力较强。我喜欢创新，更敢于迎接新挑战。参加重庆市大骨班班培训期间获得“优秀学员”称号”，并参加井冈山第204期社会主义核心价值观培训班。 获得2014年重庆市优秀共青团员和重庆市学生会工作先进个人。做为一名传统的中国大学生', 'http://redrock.u.qiniudn.com/2015-09-28_5608a71121ca5.jpg-tinyq30', '3', '院学生会主席'),
(3, '周广霜', 36, '重要的工作即为完成主席团与各部门的上传下达工作，及时与指导老师沟通，协助主席完成领导安排下来的任务。秘书长的工作就是为了保障整个学生会的顺利运转。同时，秘书长是学生会财务及各类资料的总管。学生会的活动经费及物品多由秘书长备案管理和整理学生会的各类档案。', 'http://redrock.u.qiniudn.com/2015-09-28_5608a7cf434de.jpg-tinyq30', '1', '院学生会秘书长'),
(4, '杜美裁', 36, '我非常热爱在学生会的工作，从第一天走进学生会这一个大家庭，我就时刻以“从同学中来，到同学中去”为自己的奋斗目标，时刻提醒为同学服务才是自己的理念。每一次出去和商家谈赞助，心里都是忐忑的，但一想到为同学们更好的举办活动，咬着牙也冲上去。每次成功的拉回赞助，心里的高兴无法用言语来形容！我为自己是名学生的一员而感到骄傲！为同学付出过的自豪，只有自己体验过才明白！', 'http://redrock.u.qiniudn.com/2015-09-28_5608a7fd0cbd3.jpg-tinyq30', '2', '院学生会副主席'),
(5, '穆承阳', 36, '本人在重庆建筑工程职业学院学生会工作一年，是一个积极向上，有责任，有担当，有上进心，有能力的学生干部，对工作认真负责，兢兢业业，善于沟通，有较强的组织和协调能力。现正在院学生会主席团任职，回忆起学生会，是学生会让我从一个迷茫的大学生转变为一个富有担当与责任心的大学生。回忆起学生会的活动，本人也参与并组织学校各类大型活动如：校园歌手大赛 元旦晚会等。在系上，我是老师的左膀右臂，在班级里，我是同学们的榜样。我积极参加学院各类活动，带领同学们积极参加如：校园篮球赛、拔河比赛跳绳 辩论大赛等活动，都取得了佳绩，得', 'http://redrock.u.qiniudn.com/2015-09-28_5608a83715d1e.png-tinyq30', '3', '院学生会主席团助理'),
(6, '段明婷', 36, '我加入院学生会这个大家庭已经一年，从办公室干事到办公室助理再到主席团助理，，获得优秀学生会干部称号，从最开始的懵懵懂懂到现在的理解热爱，学生会工作让我体会到了团结协作的力量，感受到集体的温暖，在学生会工作中，我提升自己，从胆小不敢说话变得从容大方，变得做事条理清晰，我想为学生会做的更多，把自己变得更好，学生会也将建立得完善，更好的为同学服务', 'http://redrock.u.qiniudn.com/2015-09-28_5608a8b45870d.jpg-tinyq30', '5', '院学生会主席团助理'),
(7, '杨忠谕', 39, '杨忠谕，男，中共预备党员，重庆师范大学涉外商贸学院英语（师范）专业2013级本科生，现任重庆师范大学涉外商贸学院学生会书记。曾被评为重庆市校园之春职场青春一等奖，重庆市合川区优秀志愿工作个人，“挑战杯”全国大学生课外学术科技作品竞赛重庆三等奖等。', '', '0', '重庆师范大学涉外商贸学院学生会书记'),
(8, '王静煊', 39, '王静煊，女，共青团员，重庆师范大学涉外商贸学院表表演（播音与主持艺术）专业2013级本科生，现任重庆师范大学涉外商贸学院学生会主席。曾被评为校级优秀共青团干部 。', '', '0', '重庆师范大学涉外商贸学院学生会主席'),
(9, '吕庚青', 39, '吕庚青，女，共青团员，重庆师范大学涉外商贸学院新闻学专业2013级本科生，现任重庆师范大学涉外商贸学院学生会副书记。曾被评为校优秀共青团干部。', '', '0', '重庆师范大学涉外商贸学院学生会副书记'),
(10, '鲁诗蕾', 39, '鲁诗蕾，女，共青团员，重庆师范大学涉外商贸学院物联网工程（智能交通与车联网）专业2013级本科生，现任重庆师范大学涉外商贸学院学生会副主席。曾被评为校优秀学生干部，校优秀共青团干部。', '', '0', '重庆师范大学涉外商贸学院学生会副主席'),
(11, '汪梅', 39, '汪梅，女，共青团员，重庆师范大学涉外商贸学院汉语言文学（师范）专业2013级本科生，现任重庆师范大学涉外商贸学院副主席兼任志愿者工作部部长。曾被评为校级优秀学生干部、优秀共青团员，精神文明先进个人。', '', '0', '重庆师范大学涉外商贸学院副主席兼任志愿者工作部部长'),
(12, '陈凯', 39, '陈凯，男，共青团员，重庆师范大学涉外商贸学院商务英语（国际经贸）专业2013级本科生，现任重庆师范大学涉外商贸学院学生会副主席兼勤工助学部部长。曾被评为校优秀学生干部。', '', '0', '重庆师范大学涉外商贸学院学生会副主席兼勤工助学部部长'),
(13, '罗洋', 39, '罗洋，男，共青团员，重庆师范大学涉外商贸学院表演（戏剧影视表演）专业2013级本科生，现任重庆师范大学涉外商贸学院学生会副主席兼任社团部部长。曾被评为校优秀学生干部。', '', '0', '重庆师范大学涉外商贸学院学生会副主席兼任社团部部长'),
(14, '王鑫', 40, '王鑫，女，共青团员，重庆工商大学融智学院金融学专业2012级本科生，现任重庆工商大学融智学院学生会副书记。曾被评为重庆市“三下乡”社会实践先进个人，学院2014-2015学年“三等奖学金”，两次获得“优秀团干”的荣誉称号。', 'http://redrock.u.qiniudn.com/2015-09-28_5608abc813efb.jpg-tinyq30', '0', '重庆工商大学融智学院学生会副书记'),
(15, '李可馨', 40, '李可馨，女，共青团员，重庆工商大学融智学院会计学专业2012级本科生，现任重庆工商大学融智学院学生会主席。曾被评为重庆工商大学融智学院“三下乡”社会实践先进个人、2012-2013学年综合三等奖学金、院级活动“英语歌曲大赛”一等奖、“电影配音大赛”二等奖、“思在杯”辩论赛最佳辩题、并两次获得“优秀团干”的荣誉称号。', 'http://redrock.u.qiniudn.com/2015-09-28_5608abf946a64.jpg-tinyq30', '0', '重庆工商大学融智学院学生会主席'),
(16, '潘璐敏', 40, '潘璐敏，女，共青团员，重庆工商大学融智学院保险学专业2012级本科生，现任重庆工商大学融智学院院学生会副主席。曾带领团队参加中国人民财产保险公司的比赛获得重庆市优秀奖、获校三下乡优秀社会实践报告“一等奖”、挑战杯全国大学生创业大赛校内竞赛中获得二等奖、获得“优秀团员”、“优秀团干”、“优秀学生干部”等荣誉称号、校运动会中获得优秀裁判称号、个人考取了保险从业资格证书、普通话等级考试二甲、补休心理学与教育学证书，通过AFP金融理财规划师考试获得相应证书。', 'http://redrock.u.qiniudn.com/2015-09-28_5608acfe76f27.jpg-tinyq30', '0', '重庆工商大学融智学院院学生会副主席'),
(17, '张颖辉', 40, '张颖辉，男，共青团员，重庆工商大学融智学院房地产开发与管理专业2012级本科生，现任重庆工商大学融智学院学生会副主席。曾被评为重庆市“三下乡”社会实践先进个人、院级活动“电影配音大赛”二等奖、校运动会中获得优秀裁判称号。', 'http://redrock.u.qiniudn.com/2015-09-28_5608ad3265ff2.png-tinyq30', '0', '重庆工商大学融智学院学生会副主席'),
(18, '张晓琳', 40, '张晓琳，女，共青团员，重庆工商大学融智学院信用管理专业2012级本科生，现任重庆工商大学融智学院学生会秘书长。曾在中国日报网、中国青年网、中国基层党建网、金羊网、中宣网等网站发表文章；获得重庆市大学生艺术展演征文类三等奖、重庆工商大学融智学院“三下乡”社会实践先进个人、院级活动“微博达人秀”一等奖、“电影配音大赛”二等奖、“融智之星—文学之星”、并两次获得院级“优秀团干”的荣誉称号。', 'http://redrock.u.qiniudn.com/2015-09-28_5608ad654a7a6.jpg-tinyq30', '0', '重庆工商大学融智学院学生会秘书长'),
(19, '于富强', 43, '于富强，男，预备党员，重庆邮电大学移通学院通信工程专业2013级本科生，现任重庆邮电大学移通学院校学生会主席。曾被获“重庆邮电大学移通学院第二届第二任校级学生组织优秀干事”、“重庆邮电大学移通学院第二届第三任校级学生组织优秀干部”等称号。', 'http://redrock.u.qiniudn.com/2015-09-28_5608ae364e25c.JPG-tinyq30', '0', '重庆邮电大学移通学院校学生会主席'),
(20, '曹梦媛', 43, '曹梦媛，女，共青团员，重庆邮电大学移通学院工商管理专业2013级本科生，现任重庆邮电大学移通学院校学生会副主席。曾被评为第二届第二任校级学生组织优秀干事、第二届第三任校级学生组织优秀干部等称号。', 'http://redrock.u.qiniudn.com/2015-09-28_5608ae5e45b14.jpg-tinyq30', '0', '重庆邮电大学移通学院校学生会副主席'),
(21, '安聪', 43, '安聪，女，共青团员，重庆邮电大学移通学院物联网工程专业2013级本科生，现任重庆邮电大学移通学院校学生会副主席。曾被评为第二届第三任校级学生组织优秀干部、学习进步先进个人，多次被评为团学工作先进个人。', 'http://redrock.u.qiniudn.com/2015-09-28_5608ae86c393a.jpg-tinyq30', '0', '重庆邮电大学移通学院校学生会副主席'),
(22, '徐涛辰', 45, '徐涛辰，男，共青团员，重庆工程学院软件工程专业2014级本科生，现任校学生会副主席。曾被评为校级“优秀团员”，校级“优秀团干部”，获得首届“文化艺术节、文明修身节”杰出贡献奖，首届“体育健身节”杰出贡献奖。', 'http://redrock.u.qiniudn.com/2015-09-28_5608af05e4187.jpg-tinyq30', '0', '重庆工程学院学生会副主席'),
(23, '蒋昊', 45, '蒋昊，男，共青团员，重庆工程学院物联网工程专业2014级本科生，现任校学生会副主席。曾被评为校级“优秀团员”，校级“优秀团干部”，获得首届“文化艺术节、文明修身节”杰出贡献奖，首届“体育健身节”杰出贡献奖。', 'http://redrock.u.qiniudn.com/2015-09-28_5608af30128ae.jpg-tinyq30', '0', '重庆工程学院院学生会副主席'),
(24, '陈云华', 46, '陈云华，男，中共预备党员，重庆信息技术职业学院装潢艺术设计专业2013级专科生，现任重庆信息技术职业学院校团委副书记。曾被评为重庆市“三下乡”社会实践先进个人、、重庆信息技术职业学院“优秀青年志愿者”、“优秀学生干部”、奉节县青少年“书信大赛”一等奖、奉节县中小学生暑期社会实践“先进个人”等荣誉。', 'http://redrock.u.qiniudn.com/2015-09-28_5608aff07a9ae.jpg-tinyq30', '0', '重庆信息技术职业学院校团委副书记'),
(25, '谭有涛', 46, '谭有涛，男，共青团员，重庆信息技术职业学院电子专业2013级大专生，现任重庆信息技术职业学院学生会主席。曾被评为重庆信息技术职业学院2013—2014年度三好学生、2014—2015年度三好学生。', 'http://redrock.u.qiniudn.com/2015-09-28_5608b05fd837e.JPG-tinyq30', '0', '重庆信息技术职业学院学生会主席'),
(26, '胡海燕', 46, '胡海燕，女，共青团员，重庆信息技术职业学院计算机辅助设计与制造专业2014级专科生，现任重庆信息技术职业学院校团委副书记助理兼新闻中心主任。曾被评为重庆信息技术职业学院校团委2014-2015年度优秀干事、《新点子策划大赛》第三名、重庆信息技术职业学院自立自强先进个人。', 'http://redrock.u.qiniudn.com/2015-09-28_5608b09e0f6cc.JPG-tinyq30', '0', '重庆信息技术职业学院校团委副书记助理兼新闻中心主任'),
(28, '李炀', 46, '李炀，男，共青团员，重庆信息技术职业学院移动通信技术专业2014级专科生，现任重庆信息技术职业学院学生会副主席兼社团活动中心主任。曾被评为重庆信息技术职业学院校团委2014-2015年度三好学生、优秀青年志愿者。', 'http://redrock.u.qiniudn.com/2015-09-28_5608b14031f1e.JPG-tinyq30', '0', '重庆信息技术职业学院学生会副主席兼社团活动中心主任'),
(29, '淳丽琨', 46, '淳丽琨，女，共青团员，重庆信息技术职业学院广告设计与制作专业2014级专科生，现任重庆信息技术职业学院学生会副主席兼外联部部长。曾被评为重庆信息技术职业学院校团委2014-2015学年度被评为“优秀干事”、“优秀社长”。', 'http://redrock.u.qiniudn.com/2015-09-28_5608b16f288cc.JPG-tinyq30', '0', '重庆信息技术职业学院学生会副主席兼外联部部长'),
(30, '邬代明', 46, '邬代明，男，共青团员，重庆信息技术职业学院计算机辅助设计与制造专业2014级专科生，现任重庆信息技术职业学院校团委办公室主任。曾被评为重庆信息技术职业学院校团委2014-2015年度优秀干事、优秀共青团员。', 'http://redrock.u.qiniudn.com/2015-09-28_5608b1d10dd0b.JPG-tinyq30', '0', '重庆信息技术职业学院校团委办公室主任'),
(31, '朱琳', 50, '朱琳，女，共青团员，重庆传媒职业学院新闻系传媒策划与管理专业2013级专科生，现任重庆传媒学院学生会主席。曾在2013年被评校优秀学生干事、三好学生，2014年被评三好学生、优秀学生干部，2015年被评技能大赛优秀奖等。在学生会这两年里参加了校外实践活动有：自愿者敬老院活动、三下乡活动、牡丹园开园活动等。在校内参加和组织的活动有：迎新晚会、五四红歌比赛、运动会、校园之春歌手大赛等各大大小小活动。', '', '1', '重庆传媒学院学生会主席'),
(32, '王艺多', 50, '王艺多，女，共青团员，重庆传媒职业学院影视系电视节目制作专业2014级专科生，现任重庆传媒学院学生会副主席。曾获得2010年西昌美术节优秀奖、2011年荣获三等奖学金、2013三好学生、优秀学生干部、2014年九月获学院“军训标兵”、2014年加入学生会成为干事、2015年获优秀学生干事。在实践活动中参与西昌火把节成为荣誉志愿者、参与成都舞蹈大赛、参与牡丹园活动成为志愿者和参与学校大大小小各项活动。', '', '0', '重庆传媒学院学生会副主席'),
(33, '伍丹丹', 50, '伍丹丹，女，共青团员，重庆传媒职业学院新闻系传媒策划与管理专业2014级专科生，现任重庆传媒学院学生会副。曾获得2012曾被评为优秀班干、优秀社团干部、2013曾被评为优秀社团联合会干部、2014年九月获学院“军训标兵”。在实践活动中参加了学校各大小型活动。', '', '0', '重庆传媒学院学生会副主席'),
(34, '周健', 50, '周健，男，共青团员，重庆传媒职业学院艺术系室内设计专业2014级专科生，现任重庆传媒学院学生会副主席。曾获得2012年获铜梁县第十六届艺术暨比赛一等奖、2013年第五届春季运动会获男子跳远第一名、2014年九月获学院“军训标兵”、4014年获重庆市第四届大学生艺术展演活动一等奖、2014年加入学生会成为体育部干事。在实践活动中参与重庆市大学生艺术展活动、参与重庆市大学生创业培训、参与牡丹园活动成为志愿者和学校各大大小小活动。', '', '0', '重庆传媒学院学生会副主席'),
(35, '罗洪生', 53, '罗洪生  男，共青团员，重庆交通职业学院建筑工程技术2014级学生。现任重庆交通职业学院学生会主席，曾获得2014年度优秀共青团干部荣誉称号、获得“优秀干事”荣誉称号、在2014年学院技能大赛混凝土强度大赛中获得第一名、两次代表学校外出参加市级比赛（重庆市2015大学生田径运动会、重庆市黑山谷大学生越野赛）、校运动会中获得男子800米第二名、在2014年读书月活动中获得优秀奖、在校冬季长跑活动中获得第五名、在第六届”迎新杯“篮球赛中获得团体第三名。', 'http://redrock.u.qiniudn.com/2015-09-28_5608b354a6f34.jpg-tinyq30', '15', '重庆交通职业学院学生会主席'),
(36, '秦朗', 53, '秦朗、男、共青团员、重庆交通职业学院建筑工程技术专业2014级。现任重庆交通职业学院学生会副主席，在班级中担任班长及辅导员助理。曾多次参加志愿者活动及社会实践活动。', 'http://redrock.u.qiniudn.com/2015-09-28_5608b37d4da0f.jpg-tinyq30', '9', '重庆交通职业学院学生会副主席'),
(37, '郑博文', 53, '郑博文，男，共青团员，重庆交通职业学院道路桥梁工程造价2014级学生，现任重庆交通职业学院学生会副主席。曾获得2014级新生军训“标兵”称号、曾多次参与志愿者活动，在班级担任团支部书记。', 'http://redrock.u.qiniudn.com/2015-09-28_5608b3a584210.jpg-tinyq30', '8', '重庆交通职业学院学生会副主席'),
(38, '杨恩', 53, '杨恩，男，共青团员，现任重庆交通职业学院学生第二副书记。曾被评为优秀团员干部、军训优秀学员标兵、学生会优秀工作者，曾获重庆交通职业学院车辆工程系第四届模拟招聘会第二名、第一届诚信考试演讲比赛第一名。曾参加中共沿河土家族自治县共产主义青年团第18届代表大会，并获中共沿河土家族自治县共青团委员会候选人（草案）提名。', 'http://redrock.u.qiniudn.com/2015-09-28_5608b3d9bdd2c.jpg-tinyq30', '10', '重庆交通职业学院学生第二副书记'),
(39, '罗中军', 53, '罗中军  男，共青团员，重庆交通职业学院建筑工程技术专业2014级学生，现任重庆交通职业学院学生第一副书记。 曾获得学院第六届校园文化艺术节“青春梦想汇”个人风采大赛建筑系“第一名”学院“优秀奖”荣誉称号；获得2014-2015学年第一期学院“优秀学生” 荣誉称号；获得2014-2015学年系部“优秀团干部”荣誉称号。', 'http://redrock.u.qiniudn.com/2015-09-28_5608b40214679.jpg-tinyq30', '5', '重庆交通职业学院学生第一副书记'),
(40, '李爽', 53, '李爽，女，共青团员，重庆交通职业学院城市交通运输专业2014级学生，现任重庆交通职业学院学生会副主席，曾被评为城市交通运输协会先进个人，学院第六届阳光杯足球赛迎新杯篮球赛优秀组织工作者，学院第八届技能大赛第二名，学院春季田径运动会400米跳远第二名。', 'http://redrock.u.qiniudn.com/2015-09-28_5608b4387cd58.jpg-tinyq30', '11', '重庆交通职业学院学生会副主席'),
(41, '王昕梓', 53, '王昕梓、男、共青团员，重庆交通职业学院建筑工程造价2014学生。现任重庆交通职业学院学生会副主席。曾获得；贵州第27届科技创新大赛，市二等奖、省三等奖。', 'http://redrock.u.qiniudn.com/2015-09-28_5608b45a8b1c7.jpg-tinyq30', '11', '重庆交通职业学院学生会副主席'),
(42, '罗琳', 60, '罗琳，女，共青团员，重庆旅游职业学院2014级旅游管理系导游专业学生，现任重庆旅游职业学院学生会主席。曾荣获濯水古镇主题演讲比赛优秀奖、第二届大学生职场模拟招聘大赛三等奖、学生会每月之星。', 'http://redrock.u.qiniudn.com/2015-09-28_5608b6392c524.png-tinyq30', '0', '重庆旅游职业学院学生会主席'),
(43, '谭遥尧', 60, '谭遥尧，男，共青团员，重庆旅游职业学院2014级旅游装备系汽车检测与维修专业学生，现任重庆旅游职业学院学生会副主席，兼音乐社社长。多次负责学校的活动，组织、策划，喜爱音乐并精通多门乐器，曾获学院歌手大赛三等奖。', 'http://redrock.u.qiniudn.com/2015-09-28_5608b664b6326.jpg-tinyq30', '0', '重庆旅游职业学院学生会副主席，兼音乐社社长'),
(44, '廖珊', 60, '廖珊，女，共青团员，重庆旅游职业学院2014级旅游管理系导游专业学生，现任重庆旅游职业学院学生会副主席。曾被评选为“军训优秀学员”、曾荣获学校导游大赛二等奖。', 'http://redrock.u.qiniudn.com/2015-09-28_5608b687eec71.jpg-tinyq30', '0', '重庆旅游职业学院学生会副主席'),
(45, '钟明静', 61, '钟明静，女，共青团员，重庆公共运输职业学院城市交通运输专业2014级专科生，现任重庆公共运输职业学院学生会主席。曾被评为2014年“优秀共青团员”，2014年“大学生预防艾滋病”演讲比赛二等奖，“第二届中华经典诵读”比赛三等奖等等。身为主席团的一员，我一直秉承没有拖沓繁复的规划，并且所有的计划都会从实际着手。认真做好每一期的工作，办好每一次的活动，树立好每一回引领的旗帜，上传下达好每一份总结。积极和他系做好交际，取长补短，带领这一届学院学生会尽自己最大所能向着辉煌的道路前进。', 'http://redrock.u.qiniudn.com/2015-09-28_5608bcc3dc624.jpg-tinyq30', '2', '重庆公共运输职业学院学生会主席'),
(46, '邓帅', 61, '邓帅，男，共青团员，重庆公共运输职业学院轨道控制专业2014级专科生，现任重庆公共运输职业学院学生会副主席。曾被评为2014—2015学期“优秀学生”，在新生军训中被评为“优秀学员”，在诵读比赛中被评为 优秀组织者。在大一这一年中担任班长和院广播站播音员等职务。参加学院党校学习成为入党积极分子。不论在学习中还是工作上，我始终让自己保持着积极向上的态度，让自己都能时刻准备着迎接新的挑战。并且自己拥有着强大的组织能力和团队协调能力能够很好的调动团队积极性提高团队工作效率。我也相信成功永远属于一直在跑的人，我们', 'http://redrock.u.qiniudn.com/2015-09-28_5608bcf17b141.JPG-tinyq30', '0', '重庆公共运输职业学院学生会副主席'),
(47, '段佳丽', 61, '段佳丽，女，共青团员，重庆公共运输职业学院轨道电气控制专业2014级专科生，现任公共运输职业学院学生会副主席。曾被评为“优秀学生干部”军训优秀学员” ，大一这一年我在班上担任“学习委员”一职，在学生会里担任“学习部干事”。活泼开朗、乐观向上的我在工作上脚踏实地、认真负责，勇于迎接新挑战。我有较强的组织能力和活动策划能力，有较强的语言表达能力，还有较强的团队精神。不曾经历风雨怎能见彩虹，没有人能够随随便便成功。学习工作都需要付出，付出有苦，也有乐，没有终点，只有起点，没有最好，只更好。因为我始终奉持着一种信', 'http://redrock.u.qiniudn.com/2015-09-28_5608bd2987aef.jpg-tinyq30', '0', '重庆公共运输职业学院学生会副主席'),
(48, '胡军安', 63, '胡军安，女，共青团员，重庆轻工职业学院会展策划与管理专业2014级专科生，现任重庆轻工职业学院院学生会主席团成员。', 'http://redrock.u.qiniudn.com/2015-09-28_5608bd9656f83.jpg-tinyq30', '0', '重庆轻工职业学院院学生会主席团成员'),
(49, '谭抒琴', 63, '谭抒琴，女，共青团员，重庆轻工职业学院营养与食品卫生专业，2014级专科生，现任重庆轻工职业学院院学生会主席团成员。', 'http://redrock.u.qiniudn.com/2015-09-28_5608bddf5685b.jpg-tinyq30', '0', '重庆轻工职业学院院学生会主席团成员'),
(50, '陈曦', 64, '陈曦，女，共青团员，重庆幼儿师范高等专科学校学前教育2013级专科生，现任重庆幼儿师范高等专科学校校学生会主席，曾被评为2014——2015学年度共青团优秀团干部；“党的十八大四中全会精神”宣传PPT制作、讲解大赛中，荣获一等奖；“让青春构建和谐校园”演讲比赛一等奖；2014年全区“中华魂”（放飞梦想）青少年读书活动征文比赛（青年组）二等；“我的学前梦”演讲比赛中，荣获一等奖；5.25心理手抄报三等奖。', 'http://redrock.u.qiniudn.com/2015-09-28_5608be2d2cd8e.jpg-tinyq30', '0', '重庆幼儿师范高等专科学校校学生会主席'),
(51, '田兰', 64, '田兰，女，共青团员，重庆幼儿师范高等专科学校2014级专科生，现任重庆幼儿师范高等专科学校学生会副主席。在学校第二届运动会中荣获“优秀裁判员”。首届校园之星“书法之星”选拔大赛中荣获“三等奖”“微课之星”荣获“三等奖”。曾获得“优秀团干部”光荣称号。', 'http://redrock.u.qiniudn.com/2015-09-28_5608be558ba03.jpg-tinyq30', '0', '重庆幼儿师范高等专科学校学生会副主席'),
(52, '唐道珍', 64, '唐道珍，女，共青团员，重庆幼儿师范高等专科学校2014级专科生，现任重庆幼儿师范高等专科学校学生会副主席。大学军训期间刻苦训练获得“优秀学员”的称号。在学校第二届运动会中荣获“优秀裁判员”。首届校园之星之“微课之星”选拔大赛中获得“优秀奖”。学校举办的第三届大学生成长论坛“青春微课堂”比赛获得“一等奖”，并代表学校参加万州区片区比赛获得三等奖。从事学生工作获得“优秀团干部”称号。参加系部“我的学前梦”演讲比赛荣获“第一名”。学校举行的“践行核心价值观，凝聚中华正能量”主题演讲比赛获得“三等奖”。在学校举办', 'http://redrock.u.qiniudn.com/2015-09-28_5608be829f956.jpg-tinyq30', '5', '重庆幼儿师范高等专科学校学生会副主席'),
(53, '张一帆', 2, '张一帆，男，共青团员，西南大学含弘学院袁隆平班专业，现任西南大学学生会主席。曾被评为西南大学三好学生，荣获国家励志奖学金等。', 'http://redrock.u.qiniudn.com/2015-09-28_5608c6c28e438.jpg-tinyq30', '16', '西南大学学生会主席'),
(54, '孙瑞杰', 2, '孙瑞杰，男，预备党员，西南大学音乐表演专业2013级本科生，现任西南大学学生会副主席。曾获维也纳金色大厅青少年文艺晚会“金奖”、西南大学一等奖学金、西南大学科技创新先进个人、大学生暑期“三下乡”社会实践活动先进个人、优秀共青团员、优秀共青团干部、优秀学生会干事、优秀学生会部长、“国学季风”中华传统才艺竞赛优秀展演奖、西南大学第一届模拟面试大赛优秀奖等。', 'http://redrock.u.qiniudn.com/2015-09-28_5608c73f57314.png-tinyq30', '8', '西南大学学生会副主席'),
(55, '陈鹏', 2, '陈鹏，男，中共党员，西南大学2013级人文地理与城乡规划本科生，现任西南大学大学学生会副主席。曾被评为四川省优秀共青团员、西南大学优秀共青团员、西南大学优秀共青团干部、西南大学优秀学生会干事、西南大学地理科学学院优秀共青团干部等。主持建设西南大学学生会网站、微信公众平台等，曾获教育部全国高校百佳网站等荣誉。', 'http://redrock.u.qiniudn.com/2015-09-28_5608c7caf177b.jpg-tinyq30', '10', '西南大学大学学生会副主席'),
(57, '邹竞慧', 2, '邹竞慧，女，共青团员，西南大学法学2013级本科生，现任西南大学学生会副主席，曾被评为第十二届中国-新加坡优秀本科生交流项目中国代表、西南大学优秀共青团员、西南大学团校培训优秀学员、西南大学学生会优秀部长等，曾获校园之春“说写行”学生干部风采大赛市二等奖。', 'http://redrock.u.qiniudn.com/2015-09-28_5608c926df571.JPG-tinyq30', '11', '西南大学学生会副主席'),
(58, '汪晋北', 2, '汪晋北，男，共青团员，西南大学广播电视编导专业2013级本科生，现任西南大学学生会副主席。曾获得第二届“麦芒杯”创新创业大赛一等奖。西南大学创业者，校园020水果微信公众号“零跃生活”创始人。凭此微信，曾发起过“要送就送一整栋”的投票活动，此活动参与人数过2万，转发过千。获得腾讯大渝网、重庆晨报、重庆华龙网的报道。湖北零跃科技有限公司创始人', 'http://redrock.u.qiniudn.com/2015-09-28_5608c98700e91.JPG-tinyq30', '10', '西南大学学生会副主席'),
(59, '高铭泽', 2, '高铭泽，男，中共党员，西南大学体育学院2013级本科生，现任西南大学学生会副主席，曾被评为西南大学优秀共青团员，西南大学体育先进个人。', 'http://redrock.u.qiniudn.com/2015-09-28_5608c9a95b114.jpg-tinyq30', '4', '西南大学学生会副主席'),
(60, '李晋泽', 3, '李晋泽，男，共青团员，西南政法大学会计学专业2012级本科生，现任西南政法大学学生会主席。曾被评为西南政法大学“优秀共青团干部”，西南政法大学学生会“优秀干部”、西南政法大学2012级本科学生军训优秀学员。任职期间带领学生会成员完成了“毓秀议苑”、“校园十大歌手大赛”和“感动校园—西政学子年度人物评选”等活动的筹备和执行工作。', 'http://redrock.u.qiniudn.com/2015-09-28_5608ccffda71d.jpg-tinyq30', '0', '西南政法大学学生会主席'),
(61, '郑思思', 3, '郑思思，女，共青团员，西南政法大学经济法学院2012级本科，现任西南政法大学学生会副主席。曾被评为“西南政法大学三下乡先进个人”、“西南政法大学学生会优秀干事”、“西南政法大学学生会优秀干部”等，系共青团西南政法大学委员会第十二次代表大会代表。', 'http://redrock.u.qiniudn.com/2015-09-28_5608cd5536c35.jpg-tinyq30', '0', '西南政法大学学生会副主席'),
(62, '吴鉴雨', 3, '吴鉴雨，男，中共党员，西南政法大学外语学院英语专业2012级学生，现任西南政法大学学生会副主席。曾被评为校三下乡先进个人、优秀学生干部、三好学生，多次获得学校综合奖学金。', 'http://redrock.u.qiniudn.com/2015-09-28_5608cd817b92f.jpg-tinyq30', '0', '西南政法大学学生会副主席'),
(65, '付雪玲', 3, '付雪玲，女，汉族，西南政法大学应用法学院2012级本科生，现任西南政法大学学生会副主席。多次组织参与校级、市级大型艺术类活动，如大学生艺术展演、高雅艺术进校园、重庆市2014“校园之春”体育舞蹈大赛总决赛等。曾获校学生会“优秀干事”、“社会实践先进个人”等称号。', 'http://redrock.u.qiniudn.com/2015-09-28_5608cde9b2122.jpg-tinyq30', '0', '西南政法大学学生会副主席'),
(66, '向恒', 5, '向恒，男，共青团员，文学院2013级汉语言文学（师范）本科生，现任重庆师范大学学生委员会主席。曾获得校级“精神文明先进个人”，“优秀学生干部”等荣誉。在平时工作中认真严谨，原则性强，有较强的守时意识，注重团队协作的作用，使各个部门既能够各司其职又能够互相沟通了解，在自己的岗位上发挥出最大的能量。', 'http://redrock.u.qiniudn.com/2015-09-28_5608cec6c415d.png-tinyq30', '3', '重庆师范大学学生委员会主席'),
(67, '冯滟钦', 5, '冯滟钦，女，共青团员，教育科学学院2013级学前教育本科生，现任重庆师范大学学生委员会副主席。曾在校庆60周年活动中获得先进个人称号，也曾多次举办校级活动。我的性格偏于外向，为人坦率、热情、讲求原则，具有良好的管理、组织、沟通能力。最大的满足感在于接手的事情顺利完成，希望在以后的工作中对于没有秩序感的人多一点耐心。', 'http://redrock.u.qiniudn.com/2015-09-28_5608cee636db4.png-tinyq30', '0', '重庆师范大学学生委员会副主席'),
(68, '陈晓', 5, '陈晓，男，共青团员。重庆师范大学数学科学学院统计学专业2013级本科生，现任重庆师范大学学生委员会副主席。曾被评为重庆师范大学“优秀学生干部”，策划组织过校级活动“校园十佳歌手”、“女生节晚会”。我很强的事业心和责任感使我能够面对任何困难和挑战。现在可以把服务同学作为一项跟自己息息相关的事业来做，会积极努力地为全校师生提供更好的服务。', 'http://redrock.u.qiniudn.com/2015-09-28_5608cf0489ae1.png-tinyq30', '0', '重庆师范大学学生委员会副主席'),
(70, '李思豪', 4, '李思豪，男，共青团员，重庆医科大学临床医学专业2012级本科生，现任重庆医科大学校团委学生副书记。曾被评为校级优秀共青团干部、校级社会实践先进个人、优秀共青团员、获得2015年重庆医科大学第十四届“挑战杯”一等奖，2014年国家卫计委“关爱女孩志愿者行动”调研报告评选活动国家级团体一等奖，2015年“校园之春”书评影评大赛校级、市级二等奖等。', 'http://redrock.u.qiniudn.com/2015-09-28_5608f3e4d42ab.png-tinyq30', '1', '重庆医科大学校团委学生副书记'),
(71, '边晓玮', 4, '边晓玮，女，预备党员，重庆医科大学临床医学专业2012级本科生，现任重庆医科大学校团委学生副书记。曾被评为“关爱女孩”志愿行动调研报告全国个人二等奖、“创青春”全国大学生创业大赛三等奖，重庆赛区金奖、重庆市“校园之春”一站到底职场模拟大赛二等奖、重庆市优秀共青团员、重庆医科大学“优秀学生干部”、“优秀共青团员”、“社会实践先进个人”、“青年志愿者先进个人” 。', 'http://redrock.u.qiniudn.com/2015-09-28_5608f41b1bd2d.png-tinyq30', '0', '重庆医科大学校团委学生副书记'),
(72, '刘家秀', 4, '刘家秀，女，中共党员，重庆医科大学预防医学专业2012级本科生，现任重庆医科大学学生会主席。全国学联26大正式代表，中国大学生骨干培养学校第八期学员。曾被评为国家卫计委“关爱女孩”志愿行动调研报告全国一等奖、2014重庆市“三下乡”社会实践先进个人、第34届校园之春高校学生干部风采大赛市级一等奖、2015年挑战杯重庆市二等奖、2015重医学子年度人物、校优干。', 'http://redrock.u.qiniudn.com/2015-09-28_5608f44f1fc57.png-tinyq30', '1', '重庆医科大学学生会主席'),
(73, '许波', 4, '许波，男，预备党员，重庆医科大学信息管理与信息系统（医药卫生方向）专业2012级本科生，现任重庆医科大学学生会常务副主席。曾被评为：国家卫计委关爱女孩调研活动“一等奖”，重庆市学生会工作先进个人，校级优秀共青团员，校级“优干”，校级“三好”等。', 'http://redrock.u.qiniudn.com/2015-09-28_5608f472535a7.png-tinyq30', '0', '重庆医科大学学生会常务副主席'),
(74, '郁华燕', 4, '郁华燕，女，团员，重庆医科大学麻醉专业2013级本科生，现任重庆医科大学学生会副主席兼青年志愿者联盟主席。曾被评为重庆医科大学“优秀共青团员”、“优秀志愿者”、校级“优秀学生干部”、“优秀共青团干”等。', 'http://redrock.u.qiniudn.com/2015-09-28_5608f49bbe1ec.png-tinyq30', '0', '重庆医科大学学生会副主席兼青年志愿者联盟主席'),
(75, '魏峰', 4, '魏峰，男，共青团员，重庆医科大学中医学2012级本科生，现任重庆医科大学学生会副主席兼学生社团联合会主席。', 'http://redrock.u.qiniudn.com/2015-09-28_5608f4bd7fc87.png-tinyq30', '0', '重庆医科大学学生会副主席兼学生社团联合会主席'),
(76, '陈智慧', 4, '陈智慧，女，共青团员，重庆医科大学儿科七年制专业2012级本科生，现任重庆医科大学学生会副主席兼学生自律委员会主席。曾被评为社会实践先进个人，自立自强先进个人，优秀志愿者。', 'http://redrock.u.qiniudn.com/2015-09-28_5608f4dfdb545.png-tinyq30', '0', '重庆医科大学学生会副主席兼学生自律委员会主席'),
(77, '刘灵芷', 4, '刘灵芷，女，共青团员，重庆医科大学检验生物技术专业2012级本科生，现任重庆医科大学学生会副主席兼大学生艺术团团长。曾被评为优秀共青团干部、社会实践先进个人等。', 'http://redrock.u.qiniudn.com/2015-09-28_5608f519b0feb.png-tinyq30', '0', '重庆医科大学学生会副主席兼大学生艺术团团长'),
(78, '朱芮', 4, '朱芮 女 共青团员 重庆医科大学卫生检验专业2012级本科生，现任重庆医科大学学生会副主席兼任学生宣传新闻中心主任，曾被评为系三好，优秀共青团员，优秀共青团干部，三下乡关爱女孩活动优秀志愿者，获国家励志奖学金。', 'http://redrock.u.qiniudn.com/2015-09-28_5608f53fc79c4.png-tinyq30', '0', '重庆医科大学学生会副主席兼任学生宣传新闻中心主任'),
(79, '刘青', 4, '刘青，女，预备党员，重庆医科大学中医学专业2012级本科生，现任重庆医科大学学生会副主席。曾被评为重庆医科大学“精神文明建设先进个人”、“社会实践先进个人”。', 'http://redrock.u.qiniudn.com/2015-09-28_5608f56a819bd.png-tinyq30', '0', '重庆医科大学学生会副主席'),
(81, '杨睿', 5, '杨睿，男，共青团员，重庆师范大学光电信息科学与工程2013级本科生，现任重庆师范大学学生委员会副主席。曾被评为重庆师范大学优秀共青团员、“三下乡”社会实践先进个人、优秀志愿者等。性格开朗、讲究原则、实事求是；具有良好的组织管理及沟通能力；最大的理想是用自己有限的力量做出更多的有意义的事情。', 'http://redrock.u.qiniudn.com/2015-09-28_5608f5eba73fb.png-tinyq30', '0', '重庆师范大学学生委员会副主席'),
(82, '肖侨伟', 6, '肖侨伟，男，预备党员，重庆邮电大学机械设计制造及其自动化专业2013级本科生，现任重庆邮电大学学生会主席。曾参与重庆市市级创新创业项目研发，获重庆邮电大学优秀学生奖学金、第十二届“信科杯”辩论赛冠军及最佳辩手称号、“四个一”微演讲比赛第二名、生存挑战大赛团体三等奖及个人优秀奖、校级数模大赛三等奖；曾被评为优秀共青团员、优秀学生干部、三好学生。', 'http://redrock.u.qiniudn.com/2015-09-28_5608f66b38fd6.jpg-tinyq30', '3', '重庆邮电大学学生会主席'),
(83, '陈浩', 6, '陈浩，男，预备党员，重庆邮电大学IT精英班专业2013级本科生，现任重庆邮电大学学生会副主席。曾获重庆邮电大学优秀学生三等奖学金、IT精英培养资助计划奖学金、“TI杯”重庆市大学生电子设计竞赛优秀奖、重庆邮电大学大学生数学建模三等奖等荣誉。', 'http://redrock.u.qiniudn.com/2015-09-28_5608f69482763.jpg-tinyq30', '2', '重庆邮电大学学生会副主席'),
(84, '章庆', 6, '章庆，男，共青团员，重庆邮电大学知识产权专业2013级本科生，现任重庆邮电大学学生会副主席。管理运营重庆邮电大学学生会微信公众号新媒体平台，平台粉丝数、图文阅读量、平台活跃度在重庆市高校新媒体平台中均位于前列，参与创新创业项目《Gesip—信息安全教育平台》获校级立项。', 'http://redrock.u.qiniudn.com/2015-09-28_5608f6b22e467.jpg-tinyq30', '1', '重庆邮电大学学生会副主席'),
(85, '尹一凡', 6, '尹一凡，女，共青团员，重庆邮电大学软件工程专业2013级本科生，现任重庆邮电大学学生会副主席。曾设计制作大量视频、微电影等校园文化产品，负责活动宣传片等视频的拍摄及海报的设计，策划开展了校园文化创意活动，曾设计的重邮色彩明信片被重庆晨报报道，重邮快访系列街头采访受到广泛关注。', 'http://redrock.u.qiniudn.com/2015-09-28_5608f70f5237a.jpg-tinyq30', '2', '重庆邮电大学学生会副主席'),
(86, '甘林', 6, '甘林，男，共青团员，重庆邮电大学动画专业2013级本科生，现任重庆邮电大学学生会副主席。主持操办学校“草坪音乐会”“十大歌手赛”“重邮梦想秀”等多个大型文体活动，活动质量个效果获得广泛好评，曾获标牌大赛第一名。', 'http://redrock.u.qiniudn.com/2015-09-28_5608f73c6e57a.jpg-tinyq30', '1', '重庆邮电大学学生会副主席'),
(87, '梁佳妮', 6, '梁佳妮，女，共青团员，重庆邮电大学艺术设计专业2013级本科生，现任重庆邮电大学学生会副主席。曾获重庆邮电大学优秀学生二等奖学金；被评为“ 三好学生”、“优秀共青团干部”、第八届涂鸦大赛优秀奖等荣誉。', 'http://redrock.u.qiniudn.com/2015-09-28_5608f75de0723.jpg-tinyq30', '1', '重庆邮电大学学生会副主席'),
(88, '张瑞丰', 7, '张瑞丰，男，山东淄博人，就读于重庆交通大学机电与车辆工程学院2013级工程机械专业。现任校团委组织部干部、重庆交通大学学生会主席，曾任中华全国学生联合会第二十六次代表大会正式代表、重庆市学生联合会驻会干部、重庆市红岩菁英第八期大学生骨干培训班毕业学员、重庆交通大学学生会双福分会主席，大学期间获得多项省部级、校级奖励。', 'http://redrock.u.qiniudn.com/2015-09-28_5608f7fae83a6.png-tinyq30', '1', '重庆交通大学学生会主席'),
(93, '徐艺珊', 8, '徐艺珊，女，共青团员，重庆工商大学金融专业2013级本科生，现任重庆工商大学学生会主席。曾获重庆工商大学优秀团员、&quot;36182&quot;大学生素质拓展工程标兵。', 'http://redrock.u.qiniudn.com/2015-09-28_5608f8bdc87ed.jpg-tinyq30', '1', '重庆工商大学学生会主席'),
(94, '温云麟', 8, '温云麟，男，共青团员，重庆工商大学投资专业2013级本科生，现任重庆工商大学学生会副主席。曾获重庆工商大学优秀团干、文明大学生、英国保诚公司基金投资大赛第一名、重庆大学生艺术团民乐团二等奖、二胡通过十级考试、游泳二级运动员。', 'http://redrock.u.qiniudn.com/2015-09-28_5608f91293e01.jpg-tinyq30', '0', '重庆工商大学学生会副主席'),
(96, '胡治丞', 8, '胡治丞，男，共青团员，重庆工商大学公共事业管理专业2013级本科生，现任重庆工商大学学生会副主席。曾被评为重庆工商大学“优秀团员”、重庆工商大学演讲与口才大赛二等奖、重庆工商大学党校培训“优秀学员”等。', 'http://redrock.u.qiniudn.com/2015-09-28_5608f96ae7d83.jpg-tinyq30', '0', '重庆工商大学学生会副主席'),
(97, '梁艳秋', 8, '梁艳秋，女，共青团员，重庆工商大学信息管理与信息系统2013级本科生，现任重庆工商大学学生会副主席。曾被评为“三下乡”先进个人、优秀团干部、重庆工商大学新儒商商务谈判大赛二等奖等荣誉称号。', 'http://redrock.u.qiniudn.com/2015-09-28_5608f98871a9a.jpg-tinyq30', '1', '重庆工商大学学生会副主席'),
(98, '宁钰茹', 8, '宁钰茹，女，共青团员，重庆工商大学文学与新闻学院2013级本科生，现任重庆工商大学学生会副主席。曾获重庆工商大学优秀综合学生一等奖、社会实践先进个人、优秀学生、优秀团员、团校培训获“优秀学员”等称号。', 'http://redrock.u.qiniudn.com/2015-09-28_5608f9a1816ec.jpg-tinyq30', '0', '重庆工商大学学生会副主席'),
(99, '秦春松', 8, '秦春松，男，共青团员，重庆工商大学市场营销专业2013级本科生，现任重庆工商大学学生会副主席。曾荣获国家奖学金、重庆市“三创”竞赛一等奖、校级一等奖学金、优秀学生干部、优秀团员、文明大学生、36182素拓工程标兵、“六大赛事”一等奖等。', 'http://redrock.u.qiniudn.com/2015-09-28_5608f9bdab7a2.jpg-tinyq30', '0', '重庆工商大学学生会副主席'),
(100, '王炼', 9, '王炼，女，共青团员，重庆理工大学工商管理专业2013级本科生，现任重庆理工大学学生会主席。曾获“三创”比赛市级优胜奖、重庆理工大学“优秀军训学员”、重庆理工大学“共青团工作积极分子”、重庆理工大学综合奖学金等。', '', '0', '重庆理工大学学生会主席'),
(101, '罗喻夫', 9, '罗喻夫，男，共青团员，重庆理工大学会计信息化专业2013级本科生，现任重庆理工大学学生会副主席，校定向越野队队长。曾获重庆理工大学“优秀共青团员”、校综合甲等奖学金、“理工杯”大学生创业大赛校级三等奖等', 'http://redrock.u.qiniudn.com/2015-09-28_5608fa702cb95.jpg-tinyq30', '1', '重庆理工大学学生会副主席'),
(102, '陈彦霖', 9, '陈彦霖，女，共青团员，重庆理工大学财务管理专业2013级本科生，现任重庆理工大学学生会副主席。曾获校综合奖学金、校“优秀共青团员”、国家级“中国舞”5级证书、重庆市“优秀志愿者”、“健美操”大赛校级一等奖等。', 'http://redrock.u.qiniudn.com/2015-09-28_5608fa8f9e718.jpg-tinyq30', '0', '重庆理工大学学生会副主席'),
(103, '蒋吉', 9, '蒋吉，女，中共预备党员，重庆理工大学劳动与社会保障专业2013级本科生，现任重庆理工大学学生会副主席。曾获重庆市“校园之春”高校学生干部“说、写、行”风采大赛一等奖、校学子“百家讲坛”二等奖，校综合甲等奖学金等。', 'http://redrock.u.qiniudn.com/2015-09-28_5608faaa14d78.jpg-tinyq30', '2', '重庆理工大学学生会副主席'),
(104, '王鸣康', 9, '王鸣康，男，中共预备党员，重庆理工大学物联网工程专业2013级本科生，现任重庆理工大学学生会副主席。曾获市级美术奖项两项、羽毛球奖项两项、重庆理工大学校级“优秀学生干部”等荣誉。', 'http://redrock.u.qiniudn.com/2015-09-28_5608fad040797.jpg-tinyq30', '0', '重庆理工大学学生会副主席'),
(105, '杨建民', 9, '杨建民，男，共青团员，重庆理工大学金融学专业2013级本科生，现任重庆理工大学学生会副主席，兼校青年志愿者协会会长。曾获重庆市科技馆“优秀志愿者”、重庆国际马拉松大赛“优秀志愿者”、校“优秀共青团干部”等。', 'http://redrock.u.qiniudn.com/2015-09-28_5608fb063817a.jpg-tinyq30', '0', '重庆理工大学学生会副主席'),
(106, '马士伟', 9, '马士伟，男，共青团员，重庆理工大学材料成型及控制工程专业2013级本科生，现任重庆理工大学学生会副主席，兼任重庆理工大学社团联合会主席。曾获理工杯创业大赛三等奖、校园学子“百家讲坛”三等奖、“优秀社团干部”等。', 'http://redrock.u.qiniudn.com/2015-09-28_5608fb2634909.jpg-tinyq30', '1', '重庆理工大学学生会副主席'),
(107, '陈映儒', 9, '陈映儒，男，共青团员，重庆理工大学应用物理学专业2013级本科生，现任重庆理工大学学生会副主席，兼校团委组织部部长。曾获重庆理工大学学子“百家讲坛”院级三等奖、重庆理工大学青年科技论坛院级二等奖、 “优秀共青团干部”等', 'http://redrock.u.qiniudn.com/2015-09-28_5608fb884a45d.jpg-tinyq30', '0', '重庆理工大学学生会副主席，兼校团委组织部部长'),
(108, '徐淋莉', 9, '徐淋莉，女，中共预备党员，重庆理工大学汉语国际教育专业2013级本科生，现任重庆理工大学学生会副主席，兼校团委传媒中心主任。曾获重庆理工大学校级甲等奖学金、校学子&quot;百家讲坛&quot;一等奖、校“优秀共青团干部”等。', 'http://redrock.u.qiniudn.com/2015-09-28_5608fbafa884c.jpg-tinyq30', '0', '重庆理工大学学生会副主席');
INSERT INTO `president` (`id`, `president`, `school_id`, `introduce`, `pic`, `praise`, `posization`) VALUES
(109, '张雪莹', 10, '张雪莹，女，共青团员，四川外国语大学汉语国际教育专业2013级本科生，现任四川外国语大学学生会代理副主席。曾被评为四川外国语大学2013-2014学年度“三优一佳优秀团员”，重庆市第四届大学生艺术展演活动先进个人；曾任重庆市“校园之春”歌手大赛、流行舞大赛志愿者。', 'http://redrock.u.qiniudn.com/2015-09-28_5608fc6df4015.jpg-tinyq30', '3', '四川外国语大学学生会代理副主席'),
(110, '谢雨薇', 10, '谢雨薇，女，共青团员，四川外国语大学德语专业2013级本科生，现任四川外国语大学学生会代理副主席。曾在四川外国语大学2013-2014学年度“三优一佳”评比活动中被评为优秀团员，多次担任重庆市大学生“校园之春”活动志愿者。', 'http://redrock.u.qiniudn.com/2015-09-28_5608fcbe14e95.jpg-tinyq30', '0', '四川外国语大学学生会代理副主席'),
(111, '蔡珺瑶', 10, '蔡珺瑶，女，共青团员，四川外国语大学国际政治专业2013级本科生，现任四川外国语大学学生会代理副主席。曾被评为四川外国语大学2014-2015学年度“青年志愿者先进个人”，“三优一佳优秀团员”等；曾任重庆市“校园之春”歌手大赛志愿者，亚欧互联互通产业对话会志愿者。', 'http://redrock.u.qiniudn.com/2015-09-28_5608fce0d5efb.jpg-tinyq30', '0', '四川外国语大学学生会代理副主席'),
(112, '陈洪', 10, '陈洪，男，四川外国语大学东方语学院阿拉伯语专业2013级本科生，现任四川外国语大学学生会代理副主席。积极参加学校各个活动以及社会实践活动，工作认真负责，努力向上，拼搏奋进。曾被评为四川外国语大学优秀学生干部。', 'http://redrock.u.qiniudn.com/2015-09-28_5608fcffe5806.jpg-tinyq30', '1', '四川外国语大学学生会代理副主席'),
(113, '刘玉洁', 10, '刘玉洁，女，共青团员，四川外国语大学外交学专业2013级本科生，现任四川外国语大学校学生会代理副主席。曾被评为重庆市“第四届大学生艺术展演活动”先进个人，“自立自强优秀大学生”和“优秀学员”。', 'http://redrock.u.qiniudn.com/2015-09-28_5608fd18b6355.jpg-tinyq30', '0', '四川外国语大学校学生会代理副主席'),
(114, '宋宛融', 10, '宋宛融，女，共青团员，四川外国语大学汉语言文学（中外文化交流方向）专业2013级本科生，现任四川外国语大学学生会代理副主席。曾被评为四川外国语大学2013-2014学年优秀层长。曾获得四川外国语大学校级三等奖学金.', 'http://redrock.u.qiniudn.com/2015-09-28_5608fd38af407.jpg-tinyq30', '1', '四川外国语大学学生会代理副主席'),
(115, '许若漫', 11, '许若漫，女，中共预备党员，四川美术学院中国画系书法专业2013级本科生，现任四川美术学院校学生会主席，曾被评为校“2014-2015优秀学生干部”、“2014-2015优秀共青团员”、并多次荣获先进个人、为学校争取赞助。', 'http://redrock.u.qiniudn.com/2015-09-28_5608fd6b66a0b.png-tinyq30', '0', '四川美术学院校学生会主席'),
(116, '胡冰青', 11, '胡冰青 ，女，共青团员，四川美术学院新媒体艺术系2013届本科生，现任四川美术学院校学生会副主席，曾评获“2014-2015年优秀学生干部”，以及“2014-2015晚会先进个人”', 'http://redrock.u.qiniudn.com/2015-09-28_5608fd85a6884.png-tinyq30', '2', '四川美术学院校学生会副主席'),
(117, '伍姝梅', 11, '伍姝梅，女，中共党员，四川美术学院工艺美术专业2013届本科生，现任四川美术学院学生会副主席。曾评获2014-2015年“争先创优”称号；评为2014-2015优秀学生干部和先进个人。', 'http://redrock.u.qiniudn.com/2015-09-28_5608fdaea3038.png-tinyq30', '0', '四川美术学院学生会副主席'),
(118, '曾婉妮', 11, '曾婉妮，女，共青团员，四川美术学院美术学系艺术策划与管理专业2013届本科生，现任四川美术学院学生会副主席。曾被评为2014-2015优秀学生干部和先进个人，2014-2015精神文明先进个人。', 'http://redrock.u.qiniudn.com/2015-09-28_5608fdc61e766.png-tinyq30', '0', '四川美术学院学生会副主席'),
(119, '韩小雨', 11, '韩小雨，男，共青团员，四川美术学院美术教育系平面设计专业2013届本科生，现任四川美术学院学生会副主席。曾评获曾被评为重庆市“三下乡”社会实践先进个人，评为2014-2015优秀学生干部和先进个人。', 'http://redrock.u.qiniudn.com/2015-09-28_5608fde13b62b.png-tinyq30', '0', '四川美术学院学生会副主席'),
(120, '吴鹏', 12, '吴鹏，男，中共预备党员，重庆三峡学院土木工程专业2012级本科生，现任重庆三峡学院团委学生副书记。曾被评为重庆市“三下乡”社会实践先进个人，重庆市“青年志愿者先进个人”，重庆三峡学院“三好学生”、“优秀共青团干部”等荣誉。', 'http://redrock.u.qiniudn.com/2015-09-28_5608fe14cd560.jpg-tinyq30', '0', '重庆三峡学院团委学生副书记'),
(121, '胡雅雯', 12, '胡雅雯，女，中共预备党员，重庆三峡学院广告学专业2013级本科生，现任重庆三峡学院学生会主席。曾获得重庆市“第34届校园之春职场挑战赛”特等奖，重庆三峡学院“三好学生”、“优秀共青团员”，连续多次获得国家级、校级奖学金。', 'http://redrock.u.qiniudn.com/2015-09-28_5608fe3387199.jpg-tinyq30', '2', '重庆三峡学院学生会主席'),
(123, '董梦影', 12, '董梦影，女，共青团员，重庆三峡学院法学专业2013级本科生，现任重庆三峡学院团委学生会副主席。曾被评为重庆三峡学院“优秀共青团员”“优秀共青团干部”“优秀学生干部”“自立自强先进个人”，多次获得校级奖学金。', 'http://redrock.u.qiniudn.com/2015-09-28_5608fe6c54012.jpg-tinyq30', '0', '重庆三峡学院团委学生会副主席'),
(124, '周干评', 12, '周干评，男，中共预备党员，重庆三峡学院土木工程专业2013级本科生，现任重庆三峡学院学生会副主席。曾被评为重庆三峡学院“三好学生”、“优秀共青团员干部”、“优秀共青团员”、“自立自强先进个人”等荣誉称号。', 'http://redrock.u.qiniudn.com/2015-09-28_5608feba3e0e8.jpg-tinyq30', '0', '重庆三峡学院学生会副主席'),
(125, '李鹏程', 12, '李鹏程，男，中共预备党员，重庆三峡学院机械电子工程专业2013级本科生，现任重庆三峡学院团委学生会副主席。曾被评为重庆三峡学院“优秀共青团员”，重庆三峡学院“优秀共青团干部”，多次国家级、校级奖学金。', 'http://redrock.u.qiniudn.com/2015-09-28_5608feecc25fa.jpg-tinyq30', '0', '重庆三峡学院团委学生会副主席'),
(126, '涂客松', 12, '涂客松，男，共青团员，重庆三峡学院机械电子工程专业2013级本科生，现任重庆三峡学院学生会副主席兼学生团体联合会主席，曾获得重庆三峡学院&quot;优秀共青团员&quot;&quot;优秀共青团干&quot;“三好学生”等荣誉。', 'http://redrock.u.qiniudn.com/2015-09-28_5608ff0a228fa.jpg-tinyq30', '0', '重庆三峡学院学生会副主席兼学生团体联合会主席'),
(127, '杨蓓莉', 13, '杨蓓莉，女，共青团员，重庆文理学院应用心理学专业2013级本科生，现任重庆文理学院学生会主席。曾被评为“军训优秀学员”，“校级优秀共青团干部”，“校级优秀班干部”，第四届重庆市大学生艺术展演活动“校级先进工作者”；先后参加重庆市第五届大学生成长论坛之沙盘竞赛获二等奖，参加第十四届“挑战杯”全国大学生课外学术科技作品竞赛获重庆赛区一等奖；获得重庆文理学院特等奖学金、一等奖学金、二等奖学金各一次；曾在重庆文理学院第十四届“科技文化月”之“挑战杯”竞赛中获特等奖，在校定向越野比赛中获一等奖，在2014年暑期社会', 'http://redrock.u.qiniudn.com/2015-09-28_5608ffa8c0f7a.jpg-tinyq30', '8', '重庆文理学院学生会主席'),
(129, '黄加伟', 13, '黄加伟，男，入党积极分子，重庆文理学院体育教育专业2013级本科生，现任重庆文理学院学生会副主席，曾被评为“军训优秀学员”，在2013年第一学期中获得＂二等奖学金＂，2014年第一学期中获得＂二等奖学金＂，在2014年重庆市大学生舞蹈展演中荣获一等奖。', 'http://redrock.u.qiniudn.com/2015-09-28_5608ffd4a2613.jpg-tinyq30', '5', '重庆文理学院学生会副主席'),
(130, '刘扶太', 13, '刘扶太，男，共青团员，重庆文理学院材料成型及控制工程专业2013级本科生，现任重庆文理学院学生会副主席。曾在学校“五四评优”中被评为“优秀共青团员”；进入大学以来获得重庆文理学院一等奖学金三次；带领的团队在校知识安全竞赛中获得第一名；与同学一起组队并成功申请了科研立项，丰富了课余生活，将课堂上的理论运用到实践中。', 'http://redrock.u.qiniudn.com/2015-09-28_5608fffb06797.jpg-tinyq30', '2', '重庆文理学院学生会副主席'),
(131, '张凡', 13, '张凡，男，共青团员，重庆文理学院园林专业2013级本科生，现任重庆文理学院学生会副主席，曾获得学校特等奖学金和一等奖学金，举办且参与过多次活动，对学校学生组织工作认真负责，待人友好，喜欢与别人交朋友，有能力做好自己的本职工作，也能合理的带领部长完成学校学生组织的工作。', 'http://redrock.u.qiniudn.com/2015-09-28_56090013ca896.jpg-tinyq30', '3', '重庆文理学院学生会副主席'),
(184, '彭俊', 29, '彭俊，男，中共预备党员，重庆工贸职业技术学院机械设计与制造专业2013级专科生，现任重庆工贸职业技术学院学生会主席。曾代表参加“重庆市红岩菁英学校第八期大学生骨干培训”，与全市各高校优秀学生干部一同接受知识的洗礼和能力的考验，使其具有更加坚定的政治立场和较高的政治素质、思想觉悟。思想上积极进步，认真学习马列主义、毛泽东思想和邓小平理论、“三个代表” 重要思想和科学发展观，努力提高自身思想政治觉悟、道德情操和个人素养；并通过积极宣传、组织学生活动等 作为学院学生会主席，他切实遵循和贯彻党的教育方针，践行社会', '', '5', '校学生会主席'),
(186, '谌阳', 29, '谌阳，男，预备党员，重庆工贸职业技术学院建筑工程技术专业2013级专科生，现任重庆工贸职业技术学院学生会副主席。2013-2014学年学生会工作中表现优秀被评为“优秀学生干部”。本人性格活泼，责任心强，有较强的语言表达能力，平时做到宽厚待人，踏实工作，勤奋学习，经常与同学交流沟通，相互了解，并带领同学们共同进步，共同学习；有较强的组织能力、活动策划能力和公关能力，在大学期间曾多次领导组织大型体育赛事、文艺演出，并取得良好效果；有较强的团队精神，能够自觉地维护团队的集体荣誉，自觉地以团队的整体声誉为重来约束', '', '2', '校学生会副主席'),
(187, '吴霞', 29, '吴霞，女，中共预备党员，重庆工贸职业技术学院财经贸易系2013级会计电算化4班学生。现任重庆工贸职业技术学院学生会专职副主席、财经贸易系团总支副书记，2013级会计化4班班长。在大学里我不断的锻炼自己全面提高自己的综合素质，曾任院学生会系团总支秘书部干事主要负责照相、收集资料、整理文档，锻炼了我的细心、耐心，熟练的掌握了办公软件；在任院学生会专职副主席、系团总支副书记、班长期间很好的锻炼了我的组织、协调、领导能力；在青年志愿者服务队时组织大家一起去慰问老人、图书馆义工、市民学校服务等活动，提高了我的自信心', 'http://redrock.u.qiniudn.com/2015-09-30_560ab7bd833e6.jpg-tinyq30', '3', '校学生会副主席'),
(188, '刘妍欣', 29, '刘妍欣，女，共青团员，重庆工贸职业技术学院服装设计专业2013专科生，现任重庆工贸职业技术学院学生会副主席，艺术与文化传播系学生会主席。曾被评为：重庆工贸职业技术学院2013-2014第一学年“文艺活动先进个人”；2013-2014学生会“优秀学生干部”；2014年双五文艺演出“最佳组织奖”；2014年春期“优秀学生干部”。获得：2014年寝室文化艺术节寝室装扮“第三名”；2014年寝室文化艺术节篮球比赛“第二名”； 2014年国庆文艺晚会“二等奖”。', 'http://redrock.u.qiniudn.com/2015-09-30_560ab7f200c37.jpg-tinyq30', '2', '校学生会副主席'),
(189, '李红', 29, '李红，女，中共预备党员，重庆工贸职业技术学院学生会副主席、生物化学工程系学生会主席。思想积极上进，生活勤俭节约，工作认真刻苦，能够严格要求自己，尽职尽责，积极协助老师完成学生会各项工作，不仅是老师的好助手，也是同学的好帮手，在同学间威信高。积极指导各部门工作、合理分工，取得显著成绩。积极参加各项活动，德智体美全方面发展、具有吃苦耐劳的精神。合理利用时间，学习工作两不误。2013年秋期获得“学院一等奖学金”“才艺大比拼二等奖”“迎新杯篮球赛优秀运动员”2014年秋期获得“学院二等奖学金”、“三好学生”、“学', 'http://redrock.u.qiniudn.com/2015-09-30_560ab82b35ec7.jpg-tinyq30', '3', '校学生会副主席'),
(190, '赵雪娇', 29, '赵雪娇，男，中共预备党员，重庆工贸职业技术学院金融管理与实务专业2013级专科生，现任重庆工贸职业技术学院学生会副主席、财经贸易系学生会主席。曾被评为2013年度院级“优秀共青团员”、2013年秋期系“优秀学生干部”、2014年度获得社会实践“三下乡先进个人” “优秀学生干部”、2014年春期获得院“精神文明先进个人”、2013-2014年荣获“国家励志奖学金”2015年春期获得“文娱活动先进个人”两届低年级金融专业的“代理班主任”。是一个性格外向、处事沉稳，有着较好的管理及团队协作能力，一直践行品行端正', 'http://redrock.u.qiniudn.com/2015-09-30_560ab8849c3c1.jpg-tinyq30', '4', '校学生会副主席'),
(191, '任国文', 29, '任国文，男，共青团员，重庆工贸职业技术学院道路桥梁工程技术专业2014级专科生，现任重庆工贸职业技术学院学生会副主席。曾代表参加“重庆市红岩菁英学校第九期大学生骨干培训”，与全市各高校优秀学生干部一同接受知识的洗礼和能力的考验，使其具有更加坚定的政治立场和较高的政治素质、思想觉悟。思想上积极进步，认真学习马列主义、毛泽东思想和邓小平理论、“三个代表” 重要思想和科学发展观，努力提高自身思想政治觉悟、道德情操和个人素养；并通过积极宣传、组织学生活动等。', 'http://redrock.u.qiniudn.com/2015-09-30_560ab979d22db.JPG-tinyq30', '5', '校学生会副主席'),
(192, '张恒', 29, '张恒，男，共青团员，重庆工贸职业技术学院道路与桥梁专业2014级专科生，现任重庆工贸职业技术学院学生会副主席。本人性格开朗，责任心强，踏实真诚，积极进取。拥有较强的策划能力，组织能力，应变能力。大局意识较好，具有吃苦耐劳的精神，甘于奉献的品德。同时努力维护学生会的荣誉，能为学生会贡献出自己的力量，多次参与学院大型活动的组织丶协调工作，能高质量丶高标准完成上级领导交给的任务，也得到了上级领导的一致肯定。同时不断的给自己充电，参加红歌比赛，建筑工程系的青马工程培训等，使自己更加积极的向党靠拢！', 'http://redrock.u.qiniudn.com/2015-09-30_560ab9f369e77.jpg-tinyq30', '2', '校学生会副主席'),
(193, '曾盼', 29, '曾盼，男，共青团员，重庆工贸职业技术学院机电工程系2014级专科生。现任重庆工贸职业技术学院学生会副主席，曾在2014-2015学年被评为重庆工贸职业技术学院学生会“优秀学生干部”，在12.9红歌比赛中荣获“优秀奖”。      本人性格开朗，责任心强，踏实真诚，积极进取。拥有较强的策划能力，组织能力，应变能力。大局意识较好，具有吃苦耐劳的精神，甘于奉献的品德。同时努力维护学生会的荣誉，能为学生会贡献出自己的力量，多次参与学院大型活动的组织丶协调工作，能高质量丶高标准完成上级领导交给的任务，也得到了上级领', 'http://redrock.u.qiniudn.com/2015-09-30_560aba2f31809.jpg-tinyq30', '4', '校学生会副主席'),
(199, '夏靖淞', 24, '夏靖淞，男，共青团员，重庆电子工程职业学院会展设计专业2013级学生，现任重庆电子工程职业学院校团委学生会主席。曾多次获得学校“优秀共青团干部”称号、“三好学生”、“国家励志奖学金”，还曾代表重庆团队前往北京人民大礼堂参加中华全国学联第二十六次代表大会。在会议期间，以全国学联主席团单位的身份受到了国家副主席李源潮同志的亲切接见。     在平时学生会工作中，善于调配人才，狠抓学生会干部干事的思想工作和团结性。使整个集体做到有组织，有纪律，从而达到共同进步和发展。在学习上，时刻要求自己工作学习两不误，常虚心', 'http://redrock.u.qiniudn.com/2015-09-30_560abe31d3a8e.JPG-tinyq30', '0', '校学生会主席'),
(200, '李建', 24, '李建，女，共青团员，重庆电子工程学院嵌入式技术与应用2013级专科生，现任重庆电子工程职业学院校团委副书记。树立正确的人生观，价值观，形成了热情，上进，不屈不挠的性格和诚实。守信，有责任心，有爱心的人生信条，扎实的人生信条，诚实做人。忠实做事是我的人生准则，&quot;天道酬勤&quot;是我的信念，&quot;自强不息&quot;是我的追求。我不求流光溢彩，但求在合适的位置上发挥的淋漓尽致，我不期望有丰富的物质待遇，只希望用我的智慧，热忱和努力来实现我的社会价值和人生价值。', 'http://redrock.u.qiniudn.com/2015-09-30_560abe816b568.jpg-tinyq30', '0', '校团委副书记'),
(202, '江维', 24, '江维，男，共青团员，重庆电子工程职业学院建筑与材料学院工程造价专业2013级学生，现任重庆电子工程职业学院校学生会副主席。在学校的两年里，自己无论是从生活还是学习上都有着极大的收获，而在学生会的两年了却更是我在大学里面成长的根本，与学生会的同学们一起认真的工作和努力是我不可多得的精神财富和食粮。现在自己很乐意在这个合适的平台和空间来把这些精神财富散播出去，分享于他人，享受那种当自己的想法个观点都为大家认可和看见的感觉，想看见别人因为赞同和欣赏而流露出的那份欣慰和喜悦，实现别人因我的存在而感到幸福！我愿意把', 'http://redrock.u.qiniudn.com/2015-09-30_560abf0449d5d.jpg-tinyq30', '0', '校学生会副主席'),
(205, '黄国璨', 24, '黄国璨，男，共青团员，重庆电子工程职业学院物联网学院传感网专业2013级，专科生。现任重庆电子工程职业学院校学生会副主席。 一年学生干部期间，全面负责学生会工作，及时、准确地传达上级指示及精神，定期向团总支及相关部门请示、汇报工作，接受全院学生的监督；全面掌握并协调学生会各部门的工作，组织带领学生会各成员认真履行职责，集思广益，积极引导学生会内部的改革与创新工作；组织制定学院学生会章程，并依照学生会章程推荐学生会干部候选人，制定起草学生会学期、年度工作计划；研究布置工作，听取各部门的工作汇报，监督执行工作', 'http://redrock.u.qiniudn.com/2015-09-30_560abf9fb2666.jpg-tinyq30', '0', '校学生会副主席'),
(214, '高代清', 26, '高代清，女，入党积极分子。来自重庆城市管理职业学院工程管理学院物业管理A1401班。现任校团委学生会主席团成员，曾获2014级新生“优秀学员” 校团委学生会“优秀干事” 在工程管理学院“中国梦、工程情”晚会中获“优秀工作者”工程管理学院心理班会“最佳主持人”工程管理学院心理班会“最佳人气奖”工程管理学院朗诵比赛“优秀奖” 工程管理学院物业专业技能大赛“优秀奖” 工程管理学院“中国梦、工程情”晚会节目“三等奖” 工程管理学院学生会气排球比赛“第二名”在大一上期上交了入党申请书，拿到了放了结业证书，在大二下期', 'http://redrock.u.qiniudn.com/2015-09-30_560ac52c7c3e0.jpg-tinyq30', '0', '校主席团成员'),
(215, '伍勇', 26, '伍勇，男，共青团员，重庆城市管理职业学院文化产业管理学院环境艺术设计A1401，现任校团委学生会主席团成员，社团联合会主席，社联优秀干事。', 'http://redrock.u.qiniudn.com/2015-09-30_560ac567290f4.jpg-tinyq30', '0', '校主席团成员'),
(216, '郭泳良', 26, '郭泳良，共青团员，重庆城市管理职业学院工商管理学院物流管理2014级专科生，现任校学生会主席团。曾获校学生会“优秀干事” 、校园文化建设“文明寝室”、物流管理主题辩论赛“最佳主持人”', 'http://redrock.u.qiniudn.com/2015-09-30_560ac5a26de13.jpg-tinyq30', '1', '校主席团成员'),
(217, '呙欣怡', 26, '呙欣怡，女，共青团员，重庆城市管理职业学院航空服务2014级专科生，现任重庆城市管理职业学院学生会主席团。曾被评为第四十三期“党的基础知识”优秀学员、第五届“飓风杯”优秀干事、2015年春季田径运动会团体赛第一名、第九届校园文化艺术节 “寝室美化”二等奖及优秀奖等。', 'http://redrock.u.qiniudn.com/2015-09-30_560ac5cd27432.jpg-tinyq30', '1', '校主席团成员'),
(218, '刘一明', 26, '刘一明，男，重庆城市管理职业工商管理学院报关与国际货运A1401班。现任校团委主席团成员。2015年荣获工商管理学院“营销王”大赛三等奖 曾组织参与工商管理学院各项活动如：工商管理学院趣味运动会 重庆市沙坪坝区校园之春歌唱大赛海选现场志愿人员及一系列志愿活动。', 'http://redrock.u.qiniudn.com/2015-09-30_560ac5f1020e0.jpg-tinyq30', '0', '校主席团成员'),
(219, '陶何灵', 26, '陶何灵，女，共青团员，重庆城市管理职业学院航空服务专业2014级专科生。现任重庆城市管理职业学院校团委学生会主席团成员，在校三十周年校庆活动担任舞蹈演员、担任校运会现场工作人员、参加2015校春季田径运动会国旗方队、参加重庆市中职升高职技能大赛志愿者服务并接受聘书、担任重庆市高职院校中餐主题宴会摆台技能大赛志愿者、参加校级宣传片拍摄并授为优秀学生演员，我班在旅游文化节中荣获礼仪模范班级第一名，本人编排并代表班级参加旅游文化节闭幕式活动。', 'http://redrock.u.qiniudn.com/2015-09-30_560ac62824af3.jpg-tinyq30', '0', '校主席团成员'),
(220, '伍心洁', 27, '伍心杰 ，女 ，共青团员，重庆工程职业技术学院学生会主席，就读于营销与策划专业。一个热情似火的女汉子，为人老实厚道，做事认真负责。一直以的乐观心态去面对生活、面对学习、面对工作。曾获 “三好学生”等荣誉。', '', '1', '校学生会主席'),
(221, '张麟', 27, '张麟，男，预备党员，重庆工程职业技术学院学生会副主席，在老师悉心指导和同事支持参与下，本着“全心全意为同学服务”的工作宗旨，不断完善运行机制，健全工作职能。曾获“三好学生”等荣誉。', '', '0', '校学生会副主席'),
(222, '周长树', 27, '周长树，男共青团员，重庆工程职业技术学院学生会副主席，就读于地下工程与隧道工程技术专业。组织能力强，善于资源分析,有较强的独立性，工作中能够独当一面。曾获“优秀学生干部”等荣誉', '', '0', '校学生会副主席'),
(223, '周益', 27, '周益，男，预备党员，就读于机电一体化专业，重庆工程职业技术学院学生会副主席。曾被评为 “校级优秀学生会干部”。 在校期间，刻苦认真、吃苦耐劳;注重理论联系实际，培养自学能力以及分析、解决问题的能力。', '', '0', '校学生会副主席'),
(224, '周洪莹', 27, '周洪莹，女，共青团员，就读建筑装饰工程技术专业，重庆工程职业技术学院学生会副主席、公寓管理委员会主席。曾被评为“校级优秀学生干部”。本人做事谨慎细心，具有较高的责任感、为人和睦。 王艺谋，男，共青团员。重庆工程职业技术学院学生会副主席、社团联合会主席。就读于矿井通风与安全专业。在完成上级交予的任务外，能有力地组织同学及调动积极性; 从中也锻炼和提高了组织和领导能力。曾获“优秀学干部”等荣誉。', '', '0', '校学生会副主席'),
(248, '雷茜', 24, '雷茜，女，中共团员，就读于重庆电子工程职业学院通信专业，现任重庆电子工程职业学院校学生会副主席。 任职情况： 2013年9月—2014年9月  重庆电子工程职业学院学生会办公室干事 2014年9月—至今    重庆电子工程职业学院校团委学生会副主席、通信专业1304班班长 获奖情况： 2013年—2014年度优秀学生干部 2013年—2014年度优秀学生标兵 2013年—2014年度迎新工作优秀志愿者 2013年—2014年度获国家励志奖学金 2014年—2015年度优秀共青团员', 'http://redrock.u.qiniudn.com/2015-09-30_560ba209ab041.jpg-tinyq30', '0', '重庆电子工程职业学院校学生会副主席'),
(249, '王朝标', 29, '王朝标，共青团员，重庆工贸职业技术学院，汽车与电子工程系2013级应用电子技术专业，现任重庆工贸职业技术学院院学生会副主席，汽车与电子工程系学生分会副主席。曾被评为重庆市“三下乡”社会实践先进个人，体育先进个人，文明个人，优秀学生干部。曾参加重庆市市级征文比赛，感恩类：作品“心语”获得重庆市三等奖，重庆市市级职业生涯规划类：作品“我追逐我的梦”获得重庆市三等奖。并在学校多次举办演讲、朗诵，体育、书法计算机编程，电子装配大赛等：获得一等奖二等奖三等奖等荣誉。曾参与学生会秘书部、学习部、纪检部、生活部、外交部', '', '2', '重庆工贸职业技术学院院学生会副主席'),
(274, '礼享', 14, '礼享，男，中共预备党员，长江师范学院思想政治教育（师范）专业2013级本科生，现任校团委（学生）副书记、校学生会主席（兼），重庆市学联大学生新媒体中心“学载青春梦”微信编辑部副主编。历任班级班长，校团委办公室干事、主任，大学生科技爱好者协会会长助理。是“青年马克思主义者培养工程”重庆市红岩菁英学校第八期、第九期大学生骨干。参与的“挑战杯”大学生课外学术科技作品竞赛项目获重庆赛区一等奖。曾获校级三等奖学金，获评校级“‘三下乡’先进个人”、“优秀共青团员”、“优秀共青团干部”等荣誉称号。', 'http://redrock.u.qiniudn.com/2015-09-30_560bbcfa0b293.jpg-tinyq30', '1', '校团委（学生）副书记、校学生会主席（兼），重庆市学联大学生新媒体中心“学载青春梦”微信编辑部副主编'),
(275, '唐大鹏', 14, '唐大鹏，男，共青团员，长江师范学院小学教育（全科）专业2013级本科生，现任校学生会常务副主席。历任班级班长，校学生会办公室干事、副主任。曾获“新生军训先进个人”、“优秀共青团员”、“精神文明建设先进个人”等荣誉称号。', 'http://redrock.u.qiniudn.com/2015-09-30_560bbd5a93d90.jpg-tinyq30', '1', '校学生会常务副主席'),
(276, '陈美静', 14, '陈美静，女，共青团员，长江师范学院公共事业管理专业2013级本科生，现任校团委（学生）副书记、校学生会副主席。历任校团委组织部干事、部长，新生代理班主任，学生会宿管部干事，创艺摄影协会技术部干事。曾获“新生军训先进个人”，“优秀共青团干部”、“精神文明建设先进个人”等荣誉称号。', '', '0', '校团委（学生）副书记、校学生会副主席'),
(279, '李晶菡', 14, '李晶菡，女，共青团员，长江师范学院汉语言文学（师范）专业2013级本科生，现任校学生会副主席。曾获评校级“优秀共青团员”、“优秀学生会干部”、“优秀学生干部”等荣誉称号。', '', '0', '校学生会副主席'),
(280, '刘涛', 14, '刘涛，男，共青团员，长江师范学院生物工程专业2013级本科生，现任校学生会副主席。曾被评为我校志愿者组织“优秀志愿者”、“优秀支教老师”，校学生会“优秀干部”。', '', '0', '校学生会副主席'),
(281, '陈正', 14, '陈正，女，中共预备党员，长江师范学院旅游管理专业2013级本科生，现任校学生会副主席。曾获校级一、二等奖学金，获评“优秀学生干部”、“优秀志愿者”、“优秀共青团员”、“精神文明先进个人”等荣誉称号。', '', '0', '校学生会副主席'),
(282, '郑超文', 14, '郑超文，男，共青团员，长江师范学院体育健康专业2013级本科生，现任校学生会副主席。曾获评“优秀学生干部”、“优秀共青团员”、“精神文明先进个人”等荣誉称号。', '', '0', '校学生会副主席'),
(283, '黄潇', 16, '黄潇，女，共青团员，重庆第二师范学院旅游管理专业2013级本科生，现任重庆第二师范学院学生会主席。曾被评为“优秀干部”“优秀志愿者”“最佳辩手”。曾获得重庆共青团—学载青春梦稿件录用证书。', 'http://redrock.u.qiniudn.com/2015-09-30_560bbfa7c9d2c.jpg-tinyq30', '3', '重庆第二师范学院学生会主席'),
(284, '熊黄嘉宸', 16, '熊黄嘉宸，女，预备党员，重庆第二师范学院学前教育学院2013级本科生，现任重庆第二师范学院校学生会副主席，曾获校二等综合奖学金，校辩论赛亚军，“最佳辩手”“校级优秀学生干部”。', 'http://redrock.u.qiniudn.com/2015-09-30_560bc109eb20c.jpg-tinyq30', '1', '重庆第二师范学院校学生会副主席'),
(285, '邵璐瑶', 16, '邵璐瑶，女，重庆第二师范学院2013级汉语言文学专业本科，现任重庆第二师范学院校学生会副主席。', 'http://redrock.u.qiniudn.com/2015-09-30_560bc155783ce.jpg-tinyq30', '1', '重庆第二师范学院校学生会副主席'),
(286, '刘钢', 16, '刘钢，男，共青团员，重庆第二师范学院小学全科教师数学与应用数学专业2013级本科生，现任重庆第二师范学院学生会副主席。曾被评为重庆第二师范学院暑期“社会实践优秀个人”，重庆第二师范学院入党积极分子“优秀学员”。', 'http://redrock.u.qiniudn.com/2015-09-30_560bc1804ceab.jpg-tinyq30', '1', '重庆第二师范学院学生会副主席'),
(287, '周甜', 16, '周甜，男，共青团员，重庆第二师范学院生物与化学工程系食品营养与检测专业2013级专科生，现任重庆第二师范学院学生会副主席，曾被评为“优秀干事”“优秀干部”“创业孵化班优秀团队”等 。', 'http://redrock.u.qiniudn.com/2015-09-30_560bc1a919861.jpg-tinyq30', '1', '重庆第二师范学院学生会副主席'),
(288, '张忠伟', 16, '张忠伟，男，预备党员，重庆第二师范学院视觉传达设计专业2013级本科生，现任重庆第二师范学院学生会副主席。 曾多次获得一等奖学金，国家励志奖学金，获得“优秀团员”“三好学生”等荣誉称号。', 'http://redrock.u.qiniudn.com/2015-09-30_560bc1e4154ba.jpg-tinyq30', '1', '重庆第二师范学院学生会副主席'),
(289, '何馨如', 16, '何馨如，女，入党积极分子，重庆第二师范学院电子商务物流管理专业2013级本科生，现任重庆第二师范学院学生会副主席。', 'http://redrock.u.qiniudn.com/2015-09-30_560bc21c9ca05.jpg-tinyq30', '1', '重庆第二师范学院学生会副主席'),
(290, '何盛', 17, '何盛，男，中共预备党员，重庆警察学院刑事犯罪侦查专业2012级本科生，现任重庆警察学院学生会主席。曾被评为重庆市青年志愿者先进个人、重庆市公安局优秀共青团员，曾荣获第五届“中国警界明日之星论坛”征文比赛全国一等奖、国家励志奖学金、中国扶贫基金协会“善行100.圆梦六一”爱心团队称号，荣获三好学生、优秀共青团干部等校表彰奖励13次。', 'http://redrock.u.qiniudn.com/2015-09-30_560bc2a7465aa.jpg-tinyq30', '6', '重庆警察学院学生会主席'),
(291, '王雨馨', 17, '王雨馨，女，中共预备党员，重庆警察学院交通管理工程专业2012级本科生，现任重庆警察学院学生会副主席。曾荣获重庆市公安局公会杯乐器大赛优秀奖、重庆市公安局元旦晚会《麻辣警花》二等奖，荣获三好学生、优秀大学生干部等校表彰奖励8次。', 'http://redrock.u.qiniudn.com/2015-09-30_560bc2e6487dc.jpg-tinyq30', '5', '重庆警察学院学生会副主席'),
(292, '王军翔', 17, '王军翔，男，共青团员，重庆警察学院刑事科学技术专业2012级本科生，现任重庆警察学院学生会副主席。曾被评为重庆市公安局优秀共青团干部，荣获优秀共青团干部、学院五四表彰暨歌咏比赛组织工作 “突出贡献奖等校表彰奖励6次。', 'http://redrock.u.qiniudn.com/2015-09-30_560bc30cc1c5b.jpg-tinyq30', '4', '重庆警察学院学生会副主席'),
(293, '沈俊良', 17, '沈俊良，男，共青团员，重庆警察学院刑事犯罪侦查专业2012级本科生，现任重庆警察学院学生会副主席。曾荣获渝北区优秀义工称号，荣获优秀大学生干部、优秀小教员、优秀共青团员等校级表彰奖励6次。', 'http://redrock.u.qiniudn.com/2015-09-30_560bc333c05a7.jpg-tinyq30', '46', '重庆警察学院学生会副主席'),
(294, '龚茂', 17, '龚茂，男，共青团员，重庆警察学院刑事犯罪侦查专业2013级本科生，现任重庆警察学院学生会副主席。曾荣获、第33届重庆市“校园之春”大学生模拟招聘大赛优秀奖，荣获三好学生、学院景铮杯演讲比赛二等奖、第三届校园文化艺术节征文比赛二等奖等校级表彰奖励6次。', 'http://redrock.u.qiniudn.com/2015-09-30_560bc363c494e.jpg-tinyq30', '3', '重庆警察学院学生会副主席'),
(295, '赖秋', 22, '赖秋，女，共青团员，重庆医药高等专科学校助产专业2014级在校学生，现任重庆医药高等专科学校学生会主席。同时也担任所在班级班长。曾在军训中被评为“优秀学员”；在我校第六届“炫彩金秋”校园文化艺术节之舞蹈大赛中表现优异荣获“最佳表演奖”；2014年-2015年学年因表现突出被评为“优秀共青团员”。', 'http://redrock.u.qiniudn.com/2015-09-30_560bc4864767e.JPG-tinyq30', '5', '重庆医药高等专科学校学生会主席'),
(296, '江蕊财', 22, '江蕊财，男,共青团员，重庆医药高等专科学校临床学专业2014级学生，现任重庆医药高等专科学校学生会副主席。来自山城重庆，是一位踏实刻苦的男生，生性幽默乐观。所谓年轻就是资本，拥有层出不穷的新想法和巨大的热情，且能力和经验也毫不逊色。进入大学以来：平时注意综合素质的全面发展，积极参加学校组织的各项活动。在学习中，态度端正，刻苦努力；在工作中，在完成个人任务的同时，也能协助主席团完成信息的上传和下达工作，并按实际情况给各部门分配好任务，以保证工作可以保质保量地完成。', 'http://redrock.u.qiniudn.com/2015-09-30_560bc51c5e1e6.jpg-tinyq30', '1', '重庆医药高等专科学校学生会副主席'),
(297, '贺良爽', 22, '贺良爽，男，共青团员，重庆医药专科高等学校药学专业2014级专科生，现任重庆医药高等专科学校社团联合会主席，曾在全校12•9演讲获得二等奖，曾被评为全校“优秀共青团员”，在校运动会男子400米获得冠军，曾被评为药学院“优秀干事”，被评为校毅跆拳道社“优秀学员”，曾被评为医专达人秀“医专达人奖”。', 'http://redrock.u.qiniudn.com/2015-09-30_560bc58d97b15.jpg-tinyq30', '2', '重庆医药高等专科学校社团联合会主席'),
(298, '赵莹', 22, '赵莹，女，共青团员，重庆医药高等专科学校护理专业2014级专科生，现任重庆医药高等专科学校团委学生副书记。在军训期间，因表现突出，被评为“优秀学员”。', 'http://redrock.u.qiniudn.com/2015-09-30_560bc5eb11b1a.JPG-tinyq30', '2', '重庆医药高等专科学校团委学生副书记'),
(304, '秦晓凤', 23, '秦晓凤，女，共青团员，重庆三峡医药高等专科学校护理专业2014级专科生，现任重庆三峡医药高等专科学校团委副书记。曾被评为2014级学生军训活动军训标兵。', 'http://redrock.u.qiniudn.com/2015-09-30_560bc77404c12.png-tinyq30', '3', '重庆三峡医药高等专科学校团委副书记'),
(305, '谭倩霞', 23, '谭倩霞，女，共青团员，重庆三峡医药高等专科学校护理专业2014级专科生，现任重庆三峡医药高等专科学校团委学生会副主席。曾获护理系“校园之春之‘说.写.行’风采大赛”优秀奖。', 'http://redrock.u.qiniudn.com/2015-09-30_560bc80031e4d.png-tinyq30', '0', '重庆三峡医药高等专科学校团委学生会副主席'),
(306, '张笑', 23, '张笑，男，共青团员，重庆三峡医药高等专科学校药学专业2014级专科生，现任重庆三峡医药高等专科学校团委学生会副主席。曾被评为优秀共青团干部，荣获药学系学生干部风采大赛三等奖，校社团黑八台球比赛优秀奖。', 'http://redrock.u.qiniudn.com/2015-09-30_560bc869e9e06.png-tinyq30', '0', '重庆三峡医药高等专科学校团委学生会副主席'),
(307, '宋海平', 23, '宋海平，男，共青团员，重庆三峡医药高等专科学校临床医学专业2014级专科生，现任重庆三峡医药高等专科学校团委学生会副主席。曾被评为临床系文艺先进个人。', 'http://redrock.u.qiniudn.com/2015-09-30_560bc8de4107d.png-tinyq30', '0', '重庆三峡医药高等专科学校团委学生会副主席'),
(308, '杨艺', 23, '杨艺，女，共青团员，重庆三峡医药高等专科学校思政教学专业2014级专科生，现任重庆三峡医药高等专科学校团委学生会副主席。曾被评为2014级学生军训活动军训标兵、造血干细胞优秀组织者，荣获国际秘书节之速录比赛优秀奖。', 'http://redrock.u.qiniudn.com/2015-09-30_560bc90801074.png-tinyq30', '0', '重庆三峡医药高等专科学校团委学生会副主席'),
(309, '郭秋霞', 23, '郭秋霞，女，共青团员，重庆三峡医药高等专科学校药学专业2014级专科生，现任重庆三峡医药高等专科学校团委学生会副主席。曾被评为优秀共青团干部。', 'http://redrock.u.qiniudn.com/2015-09-30_560bc937cc98e.png-tinyq30', '1', '重庆三峡医药高等专科学校团委学生会副主席'),
(310, '胡冰冰', 25, '胡冰冰，女，共青团员，出生于1996年6月，现就读于重庆工业职业技术学院财经学院14营销302班，现担任该校校团委学生会学生副书记。她是一个亦诙亦谐的女孩，落落大方，善于沟通，敢于尝试。她也脚踏实地，追求上进，自入校以来不仅学习成绩优秀，课外生活也非常丰富，积极参加学校、院系的各个活动，其在校期间获奖情况如下： 2014—2015上学年在军事训练中被评为“优秀学员” 2014—2015上学年在菁英学子团干培训中被评为“优秀学员” 2014—2015上学年获财经学院二等奖学金 2014—2015下学年获三月', 'http://redrock.u.qiniudn.com/2015-09-30_560bc9c085e7a.png-tinyq30', '0', '校团委学生会学生副书记'),
(311, '李佳', 25, '李佳，女，共青团员，重庆工业职业技术学院应用化工专业2014级，现任重庆工业职业技术学院校团委•学生会主席一职。曾获得重庆工业职业技术学院2014—2015学年“校团委•学生会”优秀学生干事。重庆工业职业技术学院2014—2015学年第一学期获校内三等奖学金。重庆工业职业技术学院第六期“菁英学子”培训结业证书。 重庆工业职业技术学院首届配音大赛优秀奖。', 'http://redrock.u.qiniudn.com/2015-09-30_560bc9f82f89e.png-tinyq30', '0', '重庆工业职业技术学院校团委•学生会主席'),
(312, '傅得曦', 25, '傅得曦，男，共青团员，重庆工业职业技术学院机械工程学院2014级专科生，现任重庆工业职业技术学院学生会副主席。2014年10月，他在机械学院中参加主持人大赛，经过初赛、复赛、决赛，最终成为系部主持人大赛冠军 2014年11月，他参加了学校举办的“菁英学子”团干培训，并获得“优秀学员”荣誉证书 2014年11月，他参加学校的党课培训，并且顺利获得党课结业证书 2014年11月，经过选拔，他被学校选中去中国物理研究院参观学习 2015年1月，经过选拔，他参加了学校的“赴马来西亚公立大学游学”活动。', 'http://redrock.u.qiniudn.com/2015-09-30_560bca66070c4.png-tinyq30', '0', '重庆工业职业技术学院学生会副主席'),
(313, '廖泽凤', 25, '廖泽凤，女，共青团员，出生于1995年10月，现就读于重庆工业职业技术学院财经学院14酒店301班，现担任该校校团委学生会副主席。乐于助人，善于沟通，敢于尝试，入校来学习成绩优秀，曾荣获得重庆工业职业技术学院2014—2015学年“校团委•学生会”优秀学生干事。重庆工业职业技术学院2014—2015学年第一学期获校内二等奖学金。重庆工业职业技术学院第六期“菁英学子”培训结业证书，重庆工业职业技术学院营销技能大赛优秀奖。', 'http://redrock.u.qiniudn.com/2015-09-30_560bca91a7540.png-tinyq30', '0', '校团委学生会副主席'),
(314, '刘疆', 25, '刘疆，男，共青团员，出生于1994年9月，现就读于重庆工业职业技术学院车辆工程学院14汽整301班，担任班级学习委员，同时也是校团委学生会副主席。自入校以来，严格遵守学校的各项规章制度，做好模范带头作用，平时能够妥善处理好班级与学生会工作之间的关系，在思想、学习、工作等方面取得了较大的进展。 积极参加学生会的每一次活动，认真思考，不断总结提高自身的思想政治水平，并把大学作为了培养、锻炼、发展自我的平台，时刻用高标准来约束自身，一步一步朝着新的目标前进！ 时刻铭记自己是一个光荣的学生会成员，处处严格的要求自', 'http://redrock.u.qiniudn.com/2015-09-30_560bcac9137a9.png-tinyq30', '0', '校团委学生会副主席、班级学习委员'),
(315, '向如意', 30, '向如意，男，共青团员，重庆机电职业技术学院汽车检测与维修技术（运输与管理方向）2014级学生，现任重庆机电职业技术学院学生会主席团候选人。曾在重庆机电职业技术学院2014-2015学年“五四”表彰中评选为“优秀共青团员”、首届学生干部技能大赛三等奖、学院“学生说学”活动优胜奖、第四届田径运动会“先进工作者”荣誉称号等校级表彰6次。', 'http://redrock.u.qiniudn.com/2015-09-30_560bcbacdcf3f.png-tinyq30', '9', '重庆机电职业技术学院学生会主席团候选人'),
(316, '施汶妤', 30, '施汶妤，女，共青团员，重庆机电职业技术学院数控技术专业2014级专科生，现是重庆机电职业技术学院学生会主席团候选人。曾在“正和岛”第二届大学生职场模拟招聘大赛被评为“优秀志愿者”，被学院评为“优秀共青团员”，获得第四届田径运动会“优秀先进工作者”荣誉称号等校级表彰4次。', 'http://redrock.u.qiniudn.com/2015-09-30_560bccb5c5267.jpg-tinyq30', '5', '重庆机电职业技术学院学生会主席团候选人'),
(317, '李鑫', 30, '李鑫，男，共青团员，重庆机电职业技术学院2014级汽车检测与维修技术。现任重庆机电职业技术学院院学生会主席团候选人。曾荣获，学院“大学生职业规划大赛”优胜奖，荣获优秀学生综合素质奖学金一等奖，优秀共青团员，第四届田径运动会“优秀先进工作者”荣誉称号等校级表彰5次。', 'http://redrock.u.qiniudn.com/2015-09-30_560bcd0dede0b.png-tinyq30', '9', '重庆机电职业技术学院院学生会主席团候选人'),
(318, '刘宇', 30, '刘宇，男，共青团员，重庆机电职业技术学院2014级汽车技术服务与营销专业。现任重庆机电职业技术学院院学生会主席团候选人。曾荣获，首届学生干部技能大赛一等奖，学院“学生说学”活动优胜奖，荣获三好学生，优秀共青团员，优秀学生综合素质奖学金等校级表彰6次。', 'http://redrock.u.qiniudn.com/2015-09-30_560bcdd2a4cf7.jpg-tinyq30', '6', '重庆机电职业技术学院院学生会主席团候选人'),
(319, '谭千银', 30, '谭千银，女，共青团员，重庆机电职业技术学院会计与审计专业2014级专科生，现任重庆机电职业技术学院学生会主席团候选人。曾被评为2014-2015学年“五四”表彰中评选为“优秀共青团员”、在2014级新生军训中评为“优秀学员”，在第四届田径运动会中别评为”体育道德风尚先进个人“及“先进工作者”。', 'http://redrock.u.qiniudn.com/2015-09-30_560bcf1108ee9.png-tinyq30', '7', '重庆机电职业技术学院学生会主席团候选人'),
(320, '汪欣', 14, '汪欣，女，中共预备党员，长江师范学院思想政治教育（师范）专业2013级本科生，现任校团委（学生）副书记、校学生会副主席。历任校团委组织部干事、副部长，大学生就业服务中心办公室主任，班级团支部书记。曾获国家励志奖学金，校级一等奖学金，重庆市“正和岛”杯第二届大学生职场模拟招聘大赛三等奖，校学生干部“说、写、行”大赛二等奖等荣誉及校级“自立自强先进个人”、“优秀共青团干部”等荣誉称号。', 'http://redrock.u.qiniudn.com/2015-09-30_560bcfa4c1e91.jpg-tinyq30', '2', '校团委（学生）副书记、校学生会副主席'),
(321, '周金山', 33, '周金山，女，共青团员，重庆工商职业学院旅游与文化学院酒店管理专业2014级学生。现任工商职业学院校团委学生副书记。大学期间我获得过： 1、2014年军训心得体会评比活动中荣获“三等奖” 2、2015年重庆工商职业学院职场模拟招聘大赛“一等奖” 3、学生干部培训辩论赛荣获“优秀辩手” 4、2014年新年晚会中被评为“先进个人”', 'http://redrock.u.qiniudn.com/2015-09-30_560bd18bef141.jpg-tinyq30', '6', '校团委学生副书记'),
(322, '余世华', 33, '余世华，男，共青团员，重庆工商职业学院金融与证券2014级学生，现任重庆工商职业学院学生会主席。大学以来一直遵守学校纪律，严格要求自己、积极上进，通过加入学生会、社团组织，参加党课、学校讲座、活动、竞赛等从而使自己在思想、责任感、能力、知识量等多方面快速提升。自入校以来获得：区优秀志愿者、校军训标兵（优秀学员）、校军训心得征文（二等奖）、校优秀学生干部、院优秀班干部，也斩获校运动会800个人三等奖,4*400二等奖，院合唱比赛一等奖等。', 'http://redrock.u.qiniudn.com/2015-09-30_560bd1ebe11c9.jpg-tinyq30', '5', '重庆工商职业学院学生会主席');
INSERT INTO `president` (`id`, `president`, `school_id`, `introduce`, `pic`, `praise`, `posization`) VALUES
(323, '郑美清', 33, '郑美清，女，共青团员，重庆工商职业学院旅游管理专业2014级学生，现任重庆工商职业学院学生会副主席。自2014年入校以来，严格遵守学校的各项规章制度，做好模范带头作用，在思想、学习、工作等方面取得较大的进展。在班级管理、开展团日活动等各方面取得了一定成绩，赢得了班级同学的一致好评，举办的团日活动获得了院评比“优秀团日活动”的称号。 并积极参加学校举办的运动会、新年晚会、演讲比赛等等活动，并在今年5月参加“校园模特大赛”荣获第一名。', 'http://redrock.u.qiniudn.com/2015-09-30_560bd241b0b0f.jpg-tinyq30', '6', '重庆工商职业学院学生会副主席'),
(324, '王磊', 35, '王磊，男，共青团员，重庆财经职业学院会计专业2014级专科生，现任重庆财经职业学院校学生会主席。曾担任重庆财经职业学院2015暑期三下乡创新创业团团长。曾出演话剧《雷雨》在“市商委2015年共青团表彰大会暨中国梦•青春梦”荣获第一名。', 'http://redrock.u.qiniudn.com/2015-09-30_560bd412bf9c3.jpg-tinyq30', '4', '重庆财经职业学院校学生会主席'),
(325, '邵园', 35, '邵园，共青团员，重庆财经职业学院会计专业2014级专科生，现担任重庆财经职业学院校学生会副主席。曾获重庆财经职业学院2014-2015级优秀团干部，第二十八期业余团校优秀学员。', 'http://redrock.u.qiniudn.com/2015-09-30_560bd4662256e.jpg-tinyq30', '3', '重庆财经职业学院校学生会副主席'),
(326, '肖晓', 35, '肖晓，共青团员，重庆财经职业学院市场营销专业2014级专科生，现任重庆财经职业学院校学生会副主席。曾获第二十八期业余团校优秀学员。', 'http://redrock.u.qiniudn.com/2015-09-30_560bd5ab6aca5.jpg-tinyq30', '3', '重庆财经职业学院校学生会副主席'),
(327, '陈豪', 35, '陈豪，共青团员，重庆财经职业学院财务管理专业2014级专科生，现任重庆财经职业学院校学生会副主席。', 'http://redrock.u.qiniudn.com/2015-09-30_560bd65408e65.jpg-tinyq30', '3', '重庆财经职业学院校学生会副主席'),
(328, '夏小涵', 35, '夏小涵，共青团员，重庆财经职业学院会计专业2014级专科生，现担任重庆财经职业学院校学生会副主席。曾获重庆财经职业学院2014-2015级会计系优秀团干部：2014-2015级共青团优秀团员；第二十八期业余团校优秀学员。', 'http://redrock.u.qiniudn.com/2015-09-30_560bd6fa61f8c.jpg-tinyq30', '5', '重庆财经职业学院校学生会副主席'),
(329, '刘雨龙', 31, '刘雨龙，男，汉族，1995年7月出生，团员，重庆水利电力职业技术学院水利工程水政水管理系13级学生，现担任重庆水利电力职业技术学院学生会主席一职。以下为曾在学院中获得过的殊荣。 2013年： 9月：申请加入院团委青年志愿者联合会，并最终面试成功成为外务部一员。 10月：组织志愿者并亲身参与到阳光尚城市民学校活动中。 11月：组织青年志愿者联合会支队建立及招新仪式。 12月：组织院内志愿者开展“冬日送暖”赠衣活动。 2014年： 3月：组织院内志愿者及众多同学参加“学雷锋，树新风”系列主题志愿者活动。例如：', 'http://redrock.u.qiniudn.com/2015-09-30_560bd92514eb3.jpg-tinyq30', '0', '重庆水利电力职业技术学院学生会主席'),
(330, '庞茜', 31, '庞茜，女，共青团员，重庆水利电力职业技术学院建筑工程技术专业2013级专科生，现任水电学院学生会副主席。曾被评为“三下乡”社会实践先进个人，2013年11月荣获学院“主持人风采大赛”第二名，2014年5月荣获学院“优秀团员”称号，2014年6月荣获学院“建筑模型大赛”二等奖，2014年6月荣获“重庆市第五届大学生成长论坛”青爱微课堂讲课比赛学会三等奖，2014年11月荣获学院“一等奖学金”，2014年12月荣获学院“三好学生”称号，2014年12月荣获国家“励志奖学金”，2015年荣获学院“优秀团干”称号', 'http://redrock.u.qiniudn.com/2015-09-30_560bd9832095c.png-tinyq30', '0', '水电学院学生会副主席'),
(331, '蔡积彬', 31, '蔡积彬，男，中共党员，重庆水利电力职业技术学院水利水电建筑工程专业2013级专科生，现任重庆水利电力职业技术学院学生会副主席，生活权益部部长和班级团支书。曾被评为重庆市“三下乡”社会实践先进个人，“校优秀学生干部”，“校优秀团干部”。1993年4月出生于广东省茂名市电白县，2003—2007年就读于新陂小学，2007—2010年就读于电白县第二中学，2010年—2013年就读于电白县实验中学，曾被评为电白县“志愿服务行动先进个人”、“三好学生”。', 'http://redrock.u.qiniudn.com/2015-09-30_560bd9c67e488.jpg-tinyq30', '0', '重庆水利电力职业技术学院学生会副主席，生活权益部部长和班级团支书'),
(332, '桂湄', 81, '桂湄，女，共青团员，重庆航天职业技术学院会计电算化2014级专科生，现任重庆航天职业技术学院团委副书记。曾获得基础学院“办公室副主任”、“优秀志愿者”等奖项。', 'http://redrock.u.qiniudn.com/2015-09-30_560bda4abaeb6.png-tinyq30', '0', '重庆航天职业技术学院团委副书记'),
(333, '王大鹏', 81, '王大鹏，男，共青团员，重庆航天职业技术学院管理工程系会计电算化二班学生，现任重庆航天职业技术学院学生会主席。曾被评为军训优秀学员，2014-2015学年受聘为重庆航天职业技术学院基础学院副主席。', 'http://redrock.u.qiniudn.com/2015-09-30_560bda77b4ddc.png-tinyq30', '2', '重庆航天职业技术学院学生会主席'),
(334, '池安', 81, '池安，女，入党积极分子，重庆航天职业技术学院管理工程系工程造价2014级学生，现任重庆航天职业技术学院学生会副主席。曾获得军训“优秀学员”、管理系“年度优秀人物”、重庆航天职业技术学院第四届职业生涯规划设计大赛一等奖、重庆航天职业技术学院“三好学生”、国家励志奖学金、曾担任“办公室副主任”一职。', 'http://redrock.u.qiniudn.com/2015-09-30_560bda9f17968.png-tinyq30', '4', '重庆航天职业技术学院学生会副主席'),
(335, '王江银', 81, '王江银，男，共青团员，重庆航天职业技术学院机电工程系2014级专科生，现任重庆航天职业技术学院学生会副主席。曾获得“12.9 赤子心，中华情”演讲比赛二等奖。', 'http://redrock.u.qiniudn.com/2015-09-30_560bdad822b2a.png-tinyq30', '0', '重庆航天职业技术学院学生会副主席'),
(336, '李林', 21, '李林，男，预备党员，重庆电力高等专科学校发电厂及电力系统专业2013级专科生，现任重庆电力高等专科学校学生会主席。曾被评为优秀学生干部，获国家励志奖学金、重庆市第三十四届校园之春“职场挑战杯”一等奖。', 'http://redrock.u.qiniudn.com/2015-09-30_560bdb77bf233.png-tinyq30', '0', '重庆电力高等专科学校学生会主席'),
(337, '伍定越', 21, '我叫伍定越，现就读于电力高等专科学校14级电厂热能动力装置专业。在一年的学习中，我踏实努力，取得了专业第一的优异成绩，荣获“2014-2015学年一等奖学金”，并通过了高等学校英语应用能力三级考试。在工作中，曾任校学生会实践部干事，组织参与一系列志愿服务活动，获得“中国注册志愿者”证书，并凭借优异工作表现荣获“2014-2015学年校学生会工作之星”。', 'http://redrock.u.qiniudn.com/2015-09-30_560bdbf981c2c.png-tinyq30', '0', '校学生会副主席'),
(338, '刘林', 21, '我的名字刘林，我的专业是火电厂集控运行专业，经过半学期的锤炼，在各个方面都有所提高。 在校期间，我曾获得过一等奖学金、优秀学员、部门工作之星。我对所学专业有着极大的兴趣与爱好，掌握了现阶段应具有的基本知识，并努力地将理论知识运用到实践中去。同时顺利地通过了计算机一级的等级考试，对Windows操作系统和Office办公软件的运用十分熟练。', 'http://redrock.u.qiniudn.com/2015-09-30_560bdc6585d10.png-tinyq30', '0', '校学生会副主席'),
(339, '彭增', 21, '彭增，女，共青团员，重庆电力高等专科学校电力工程学院发电厂及电力系统2班在校专科生，现任重庆重庆电力高等专科学校学生会副主席。在入学军训中被评“先进个人“，大一上下学期均荣获”一等奖学金“，在校期间积极参加校运会荣获女子100米第五名，积极参加校组织的羽毛球比赛荣获女子组第三名，荣获电力工程学院”学习之星“。', 'http://redrock.u.qiniudn.com/2015-09-30_560bdd39e418d.png-tinyq30', '0', '重庆电力高等专科学校学生会副主席'),
(340, '汪洋', 2, '汪洋，男，中共党员，西南大学数学与应用数学2013级本科生，现任西南大学学生会副主席、数学与统计学院团委学生会主席。曾获国家奖学金、明德奖学金、第十四届重庆市挑战杯特等奖、西南大学含弘杯一等奖，第九届“重庆新世纪教育”杯数学建模竞赛一等奖，第八届“重庆新世纪教育”杯数学建模竞赛二等奖。先后被评为西南大学2013级本科生军训优秀学员、中共西南大学委员会党校2013学年度第一期入党积极分子培训班优秀学员、2013-2014年度“三好学生”、2014年大学生暑期“三下乡”社会实践活动先进个人、民族团结进步先进个', 'http://redrock.u.qiniudn.com/2015-09-30_560bddd58ffd0.jpg-tinyq30', '12', '西南大学学生会副主席、数学与统计学院团委学生会主席'),
(341, '王立伟', 3, '王立伟，女，共青团员，西南政法大学法学专业2012级本科生，现任西南政法大学学生会副主席。曾被评为西南政法大学社会实践先进个人，西南政法大学“三下乡先进个人”，西南政法大学军训优秀学员，民商法学院社会实践先进个人，曾获“创青春”重庆市铜奖、西南政法大学校级二等奖，完成重庆市级科研项目一项。', 'http://redrock.u.qiniudn.com/2015-09-30_560bde2c2d300.jpg-tinyq30', '0', '西南政法大学学生会副主席'),
(342, '骆晗', 5, '骆晗，女，共青团员。重庆师范大学马克思主义学院思想政治教育专业2013级本科生，现任重庆师范大学学生会副主席。曾被评为重庆师范大学“优秀共青团员”“优秀学生干部”“优秀志愿者”等等。作为一名学生干部，一直秉持着“耐心做事，创新方法，用心对人”的理念，同时积极参加各类活动，提升自身综合素质，坚持学习与学生工作两不误，活出新时代大学生的风采！', 'http://redrock.u.qiniudn.com/2015-09-30_560bdeb6f3c75.png-tinyq30', '0', '重庆师范大学学生会副主席'),
(343, '窦依琳', 5, '窦依琳，女，共青团员。重庆师范大学数学学院数学与应用数学专业2013级本科生，现任重庆师范大学学生会副主席。曾被评委重庆师范大学“优秀团干部”“先进个人”“优秀志愿者”等等。作为一名学生干部，我一直以“在其位，谋其政；任其职，尽其责”为原则，积极参加各种活动，完善自我的同时为学校的发展贡献自己最大的力量。', 'http://redrock.u.qiniudn.com/2015-09-30_560bdef465f06.png-tinyq30', '1', '重庆师范大学学生会副主席'),
(344, '刘悦婷', 7, '刘悦婷，女，河北唐山人，经济与管理学院2013级工程造价专业，现任校团委办公室干部、重庆交通大学学生会副主席。曾获校级社会实践奖项,市级、校级创新创业训练奖项。', 'http://redrock.u.qiniudn.com/2015-09-30_560bdf3f9f7fc.png-tinyq30', '1', '校团委办公室干部、重庆交通大学学生会副主席'),
(345, '赵填椋', 7, '赵填椋，男，云南大理人，重庆交通大学工程管理专业2013级学生，现任校团委办公室干部、重庆交通大学学生会副主席。曾被评委重庆交通大学优秀学生干部、重庆交通大学精神文明先进个人等。', 'http://redrock.u.qiniudn.com/2015-09-30_560bdf667517e.png-tinyq30', '0', '校团委办公室干部、重庆交通大学学生会副主席'),
(346, '简传熠', 7, '简传熠，男，重庆永川人，重庆交通大学理论与用力学专业2013级本科生，现任重庆交通大学校团委组织部干部、重庆交通大学学生会副主席。曾被评为重庆交通大学“优秀学生干部”、“优秀共青团干部”、“青马工程”培训班先进个人等荣誉。', 'http://redrock.u.qiniudn.com/2015-09-30_560bdf8b6483c.png-tinyq30', '0', '重庆交通大学校团委组织部干部、重庆交通大学学生会副主席'),
(347, '程钰杰', 7, '程钰杰，男，重庆万州人，重庆交通大学机械设计制造及其自动化专业2013级本科生，现任重庆交通大学常务副主席。曾任重庆交通大学德园小区团委学生会副主席。', 'http://redrock.u.qiniudn.com/2015-09-30_560bdfea6b916.png-tinyq30', '0', '重庆交通大学常务副主席'),
(348, '轩琳芸', 8, '轩琳芸，女，共青团员，重庆工商大学电子信息工程专业2013级本科生，现任重庆工商大学学生会副主席。曾被评为重庆市第四届大学生艺术展演活动先进个人、重庆工商大学优秀团员、&quot;36182&quot;大学生素质拓展工程标兵。', 'http://redrock.u.qiniudn.com/2015-09-30_560be08e0d851.jpg-tinyq30', '1', '重庆工商大学学生会副主席'),
(349, '肖必娅', 12, '肖必娅，女，中共预备党员，重庆三峡学院信息管理与信息系统专业2013级本科生，现任重庆三峡学院学生会副主席，曾被评为&quot;优秀共青团员&quot;&quot;优秀共青团干部&quot;“三好学生”“自立自强先进个人”。', 'http://redrock.u.qiniudn.com/2015-09-30_560be0ca0701f.jpg-tinyq30', '0', '重庆三峡学院学生会副主席'),
(350, '徐琳', 24, '徐琳，女，共青团员，重庆电子工程职业学院材料工程专业2013级学生，现任重庆电子工程职业学院团委书记助理。曾被评为重庆市大学生骨干培训“优秀学员”、重庆市“文明美德校园行”演讲比赛第二名、重庆电子工程职业学院第十一届田径运动会“优秀志愿者”，重庆电子工程职业学院“优秀共青团干部”、重庆电子工程职业学院“优秀共青团员”、重庆电子工程职业学院“优秀学生干部”、重庆电子工程职业学院系精品团辩论赛“最佳辩手”等。', 'http://redrock.u.qiniudn.com/2015-09-30_560be1db4a8c5.jpg-tinyq30', '1', '重庆电子工程职业学院团委书记助理'),
(351, '袁方', 29, '袁方，女，共青团员，重庆工贸职业技术学院鞋类设计与工艺专业2013专科生，现任重庆工贸职业技术学院学生会秘书长，作为学生会秘书长她不断拓宽工作领域，创新工作模式，改进工作方法，促进同学德、智、体全面发展。做到学生会是为同学服务的窗口，是老师与同学沟通.交流的纽带。同时，她也积极参与学院组织的“青马工程”培训中，认真学习马列主义，毛泽东思想，邓小平理论，“三个代表”，“科学发展观”，“八荣八耻”等重要的党的指导理论和思想。并且将这些理论理解与平日的实践结合，在思想上、生活上和行动上严格要求自己。积极向党组织', 'http://redrock.u.qiniudn.com/2015-09-30_560be25fa1320.png-tinyq30', '2', '重庆工贸职业技术学院学生会秘书长');

-- --------------------------------------------------------

--
-- 表的结构 `president_praise`
--

CREATE TABLE IF NOT EXISTS `president_praise` (
  `id` int(11) NOT NULL AUTO_INCREMENT,
  `user_id` int(11) DEFAULT NULL,
  `time` date DEFAULT NULL,
  `president_id` int(11) DEFAULT NULL,
  PRIMARY KEY (`id`)
) ENGINE=InnoDB  DEFAULT CHARSET=utf8mb4 AUTO_INCREMENT=420 ;

--
-- 转存表中的数据 `president_praise`
--

INSERT INTO `president_praise` (`id`, `user_id`, `time`, `president_id`) VALUES
(1, 171, '2015-10-03', 55),
(2, 239, '2015-10-09', 328),
(3, 244, '2015-10-09', 320),
(4, 220, '2015-10-09', 66),
(5, 220, '2015-10-09', 85),
(6, 247, '2015-10-09', 82),
(7, 247, '2015-10-09', 83),
(8, 247, '2015-10-09', 84),
(9, 247, '2015-10-09', 85),
(10, 247, '2015-10-09', 87),
(11, 247, '2015-10-09', 86),
(12, 265, '2015-10-09', 66),
(13, 264, '2015-10-09', 315),
(14, 264, '2015-10-09', 317),
(15, 264, '2015-10-09', 318),
(16, 264, '2015-10-09', 319),
(17, 265, '2015-10-09', 343),
(18, 273, '2015-10-09', 317),
(19, 273, '2015-10-09', 318),
(20, 273, '2015-10-09', 319),
(21, 273, '2015-10-09', 316),
(22, 264, '2015-10-09', 53),
(23, 264, '2015-10-09', 54),
(24, 264, '2015-10-09', 55),
(25, 264, '2015-10-09', 57),
(26, 264, '2015-10-09', 58),
(27, 264, '2015-10-09', 340),
(28, 264, '2015-10-09', 109),
(29, 264, '2015-10-09', 112),
(30, 264, '2015-10-09', 114),
(31, 264, '2015-10-09', 121),
(32, 273, '2015-10-09', 315),
(33, 277, '2015-10-09', 57),
(34, 287, '2015-10-09', 127),
(35, 184, '2015-10-09', 55),
(36, 288, '2015-10-09', 321),
(37, 288, '2015-10-09', 322),
(38, 288, '2015-10-09', 323),
(39, 287, '2015-10-09', 129),
(40, 287, '2015-10-09', 130),
(41, 287, '2015-10-09', 131),
(42, 291, '2015-10-09', 93),
(43, 295, '2015-10-09', 321),
(44, 295, '2015-10-09', 322),
(45, 292, '2015-10-09', 45),
(46, 295, '2015-10-09', 323),
(47, 295, '2015-10-09', 295),
(48, 300, '2015-10-09', 304),
(49, 305, '2015-10-09', 304),
(50, 307, '2015-10-09', 290),
(51, 298, '2015-10-09', 35),
(52, 304, '2015-10-09', 321),
(53, 298, '2015-10-09', 36),
(54, 298, '2015-10-09', 37),
(55, 298, '2015-10-09', 38),
(56, 298, '2015-10-09', 39),
(57, 293, '2015-10-09', 323),
(58, 298, '2015-10-09', 40),
(59, 293, '2015-10-09', 321),
(60, 304, '2015-10-09', 322),
(61, 304, '2015-10-09', 323),
(62, 309, '2015-10-09', 321),
(63, 309, '2015-10-09', 323),
(64, 309, '2015-10-09', 322),
(65, 301, '2015-10-09', 321),
(66, 318, '2015-10-09', 283),
(67, 301, '2015-10-09', 322),
(68, 324, '2015-10-09', 315),
(69, 301, '2015-10-09', 323),
(70, 318, '2015-10-09', 289),
(71, 318, '2015-10-09', 288),
(72, 318, '2015-10-09', 287),
(73, 318, '2015-10-09', 286),
(74, 318, '2015-10-09', 285),
(75, 318, '2015-10-09', 284),
(76, 328, '2015-10-09', 283),
(77, 318, '2015-10-09', 53),
(78, 318, '2015-10-09', 57),
(79, 215, '2015-10-09', 324),
(80, 342, '2015-10-09', 294),
(81, 342, '2015-10-09', 293),
(82, 342, '2015-10-09', 292),
(83, 342, '2015-10-09', 291),
(84, 342, '2015-10-09', 290),
(85, 350, '2015-10-09', 324),
(86, 350, '2015-10-09', 325),
(87, 350, '2015-10-09', 326),
(88, 350, '2015-10-09', 327),
(89, 350, '2015-10-09', 328),
(90, 364, '2015-10-09', 324),
(91, 338, '2015-10-09', 57),
(92, 364, '2015-10-09', 325),
(93, 364, '2015-10-09', 326),
(94, 364, '2015-10-09', 327),
(95, 364, '2015-10-09', 328),
(96, 380, '2015-10-09', 291),
(97, 386, '2015-10-09', 53),
(98, 281, '2015-10-09', 298),
(99, 386, '2015-10-09', 340),
(100, 383, '2015-10-09', 57),
(101, 405, '2015-10-09', 220),
(102, 406, '2015-10-09', 333),
(103, 332, '2015-10-09', 109),
(104, 406, '2015-10-09', 334),
(105, 406, '2015-10-09', 45),
(106, 399, '2015-10-09', 334),
(107, 396, '2015-10-09', 340),
(108, 459, '2015-10-09', 6),
(109, 459, '2015-10-09', 5),
(110, 459, '2015-10-09', 4),
(111, 468, '2015-10-09', 328),
(112, 441, '2015-10-09', 191),
(113, 456, '2015-10-09', 186),
(114, 456, '2015-10-09', 191),
(115, 456, '2015-10-09', 249),
(116, 456, '2015-10-09', 351),
(117, 297, '2015-10-09', 290),
(118, 485, '2015-10-09', 55),
(119, 496, '2015-10-09', 189),
(120, 494, '2015-10-09', 127),
(121, 501, '2015-10-09', 191),
(122, 498, '2015-10-09', 190),
(123, 506, '2015-10-09', 295),
(124, 490, '2015-10-09', 2),
(125, 490, '2015-10-09', 3),
(126, 490, '2015-10-09', 4),
(127, 490, '2015-10-09', 6),
(128, 511, '2015-10-09', 295),
(129, 496, '2015-10-09', 190),
(130, 506, '2015-10-09', 297),
(131, 498, '2015-10-09', 189),
(132, 498, '2015-10-09', 184),
(133, 498, '2015-10-09', 186),
(134, 498, '2015-10-09', 187),
(135, 498, '2015-10-09', 188),
(136, 498, '2015-10-09', 191),
(137, 498, '2015-10-09', 192),
(138, 498, '2015-10-09', 193),
(139, 498, '2015-10-09', 249),
(140, 498, '2015-10-09', 351),
(141, 517, '2015-10-09', 187),
(142, 517, '2015-10-09', 193),
(143, 479, '2015-10-09', 295),
(144, 479, '2015-10-09', 296),
(145, 479, '2015-10-09', 297),
(146, 503, '2015-10-09', 53),
(147, 528, '2015-10-09', 72),
(148, 535, '2015-10-09', 5),
(149, 548, '2015-10-09', 292),
(150, 508, '2015-10-09', 293),
(151, 580, '2015-10-09', 52),
(152, 578, '2015-10-09', 293),
(153, 589, '2015-10-09', 2),
(154, 589, '2015-10-09', 5),
(155, 574, '2015-10-09', 52),
(156, 589, '2015-10-09', 6),
(157, 597, '2015-10-09', 52),
(158, 621, '2015-10-09', 292),
(159, 620, '2015-10-09', 293),
(160, 621, '2015-10-09', 293),
(161, 416, '2015-10-09', 53),
(162, 573, '2015-10-09', 290),
(163, 573, '2015-10-09', 291),
(164, 626, '2015-10-09', 293),
(165, 629, '2015-10-09', 52),
(166, 635, '2015-10-09', 293),
(167, 630, '2015-10-09', 293),
(168, 637, '2015-10-09', 127),
(169, 637, '2015-10-09', 129),
(170, 638, '2015-10-09', 127),
(171, 638, '2015-10-09', 129),
(172, 648, '2015-10-09', 293),
(173, 651, '2015-10-09', 35),
(174, 651, '2015-10-09', 36),
(175, 651, '2015-10-09', 37),
(176, 651, '2015-10-09', 38),
(177, 651, '2015-10-09', 40),
(178, 651, '2015-10-09', 41),
(179, 662, '2015-10-09', 293),
(180, 662, '2015-10-09', 294),
(181, 645, '2015-10-09', 340),
(182, 517, '2015-10-09', 184),
(183, 671, '2015-10-09', 293),
(184, 619, '2015-10-09', 291),
(185, 674, '2015-10-09', 36),
(186, 674, '2015-10-09', 37),
(187, 674, '2015-10-09', 40),
(188, 1006, '2015-10-09', 293),
(189, 674, '2015-10-09', 41),
(190, 1008, '2015-10-09', 35),
(191, 1008, '2015-10-09', 36),
(192, 1008, '2015-10-09', 37),
(193, 1008, '2015-10-09', 38),
(194, 1008, '2015-10-09', 39),
(195, 1008, '2015-10-09', 40),
(196, 1008, '2015-10-09', 41),
(197, 1011, '2015-10-09', 40),
(198, 1011, '2015-10-09', 41),
(199, 665, '2015-10-09', 35),
(200, 665, '2015-10-09', 36),
(201, 665, '2015-10-09', 37),
(202, 665, '2015-10-09', 38),
(203, 665, '2015-10-09', 40),
(204, 665, '2015-10-09', 41),
(205, 1030, '2015-10-09', 35),
(206, 376, '2015-10-09', 88),
(207, 376, '2015-10-09', 344),
(208, 1042, '2015-10-09', 293),
(209, 1040, '2015-10-09', 127),
(210, 1041, '2015-10-09', 293),
(211, 1040, '2015-10-09', 129),
(212, 1040, '2015-10-09', 130),
(213, 1040, '2015-10-09', 131),
(214, 1049, '2015-10-09', 35),
(215, 1049, '2015-10-09', 36),
(216, 1052, '2015-10-09', 35),
(217, 1052, '2015-10-09', 40),
(218, 1047, '2015-10-09', 35),
(219, 1060, '2015-10-09', 293),
(220, 1063, '2015-10-09', 293),
(221, 1061, '2015-10-09', 290),
(222, 1061, '2015-10-09', 293),
(223, 1079, '2015-10-09', 319),
(224, 1082, '2015-10-09', 350),
(225, 1022, '2015-10-09', 35),
(226, 1022, '2015-10-09', 36),
(227, 1022, '2015-10-09', 37),
(228, 1085, '2015-10-09', 38),
(229, 1083, '2015-10-09', 333),
(230, 1083, '2015-10-09', 334),
(231, 1083, '2015-10-09', 340),
(232, 1083, '2015-10-09', 55),
(233, 1083, '2015-10-09', 54),
(234, 1083, '2015-10-09', 53),
(235, 1083, '2015-10-09', 103),
(236, 1083, '2015-10-09', 106),
(237, 1083, '2015-10-09', 109),
(238, 1083, '2015-10-09', 116),
(239, 1083, '2015-10-09', 274),
(240, 1083, '2015-10-09', 275),
(241, 1083, '2015-10-09', 320),
(242, 1083, '2015-10-09', 283),
(243, 1083, '2015-10-09', 294),
(244, 383, '2015-10-09', 58),
(245, 1104, '2015-10-09', 35),
(246, 1083, '2015-10-09', 131),
(247, 1115, '2015-10-09', 53),
(248, 1115, '2015-10-09', 54),
(249, 1115, '2015-10-09', 55),
(250, 1115, '2015-10-09', 57),
(251, 1115, '2015-10-09', 58),
(252, 1115, '2015-10-09', 59),
(253, 1115, '2015-10-09', 340),
(254, 1114, '2015-10-09', 41),
(255, 355, '2015-10-09', 53),
(256, 355, '2015-10-09', 54),
(257, 355, '2015-10-09', 55),
(258, 355, '2015-10-09', 57),
(259, 1145, '2015-10-09', 82),
(260, 355, '2015-10-09', 58),
(261, 355, '2015-10-09', 59),
(262, 355, '2015-10-09', 340),
(263, 1133, '2015-10-09', 58),
(264, 1143, '2015-10-09', 70),
(265, 1133, '2015-10-09', 59),
(266, 1133, '2015-10-09', 57),
(267, 1133, '2015-10-09', 53),
(268, 1133, '2015-10-09', 54),
(269, 1133, '2015-10-09', 55),
(270, 1133, '2015-10-09', 340),
(271, 1140, '2015-10-09', 54),
(272, 1172, '2015-10-09', 315),
(273, 1158, '2015-10-09', 293),
(274, 1172, '2015-10-09', 319),
(275, 1172, '2015-10-09', 318),
(276, 1172, '2015-10-09', 317),
(277, 1179, '2015-10-09', 293),
(278, 1172, '2015-10-09', 316),
(279, 1188, '2015-10-09', 53),
(280, 1194, '2015-10-09', 58),
(281, 1195, '2015-10-09', 324),
(282, 1195, '2015-10-09', 325),
(283, 1195, '2015-10-09', 326),
(284, 1195, '2015-10-09', 327),
(285, 1195, '2015-10-09', 328),
(286, 1207, '2015-10-09', 293),
(287, 1222, '2015-10-09', 53),
(288, 1222, '2015-10-09', 55),
(289, 1222, '2015-10-09', 57),
(290, 1222, '2015-10-09', 58),
(291, 1160, '2015-10-09', 41),
(292, 1227, '2015-10-09', 53),
(293, 1226, '2015-10-09', 54),
(294, 1227, '2015-10-09', 55),
(295, 1232, '2015-10-09', 53),
(296, 1232, '2015-10-09', 58),
(297, 1236, '2015-10-09', 293),
(298, 1139, '2015-10-09', 293),
(299, 1243, '2015-10-09', 40),
(300, 652, '2015-10-09', 292),
(301, 1084, '2015-10-09', 293),
(302, 652, '2015-10-09', 293),
(303, 1259, '2015-10-09', 53),
(304, 1260, '2015-10-09', 293),
(305, 1193, '2015-10-09', 53),
(306, 215, '2015-10-09', 315),
(307, 1276, '2015-10-09', 82),
(308, 1282, '2015-10-09', 127),
(309, 1286, '2015-10-09', 293),
(310, 1292, '2015-10-09', 291),
(311, 1316, '2015-10-09', 83),
(312, 1155, '2015-10-09', 57),
(313, 609, '2015-10-09', 293),
(314, 1322, '2015-10-09', 293),
(315, 456, '2015-10-09', 184),
(316, 456, '2015-10-09', 187),
(317, 456, '2015-10-09', 188),
(318, 456, '2015-10-09', 189),
(319, 456, '2015-10-09', 190),
(320, 456, '2015-10-09', 192),
(321, 456, '2015-10-09', 193),
(322, 264, '2015-10-09', 66),
(323, 1338, '2015-10-09', 293),
(324, 1337, '2015-10-09', 317),
(325, 1337, '2015-10-09', 318),
(326, 1337, '2015-10-09', 319),
(327, 657, '2015-10-10', 2),
(328, 502, '2015-10-10', 184),
(329, 1347, '2015-10-10', 293),
(330, 498, '2015-10-10', 190),
(331, 1191, '2015-10-10', 53),
(332, 1191, '2015-10-10', 340),
(333, 1191, '2015-10-10', 59),
(334, 1191, '2015-10-10', 58),
(335, 1191, '2015-10-10', 57),
(336, 1346, '2015-10-10', 121),
(337, 299, '2015-10-10', 295),
(338, 490, '2015-10-10', 6),
(339, 441, '2015-10-10', 191),
(340, 343, '2015-10-10', 340),
(341, 281, '2015-10-10', 298),
(342, 1362, '2015-10-10', 319),
(343, 1362, '2015-10-10', 318),
(344, 1362, '2015-10-10', 317),
(345, 1362, '2015-10-10', 316),
(346, 1362, '2015-10-10', 315),
(347, 163, '2015-10-10', 340),
(348, 254, '2015-10-10', 216),
(349, 1365, '2015-10-10', 340),
(350, 1381, '2015-10-10', 35),
(351, 1381, '2015-10-10', 38),
(352, 1381, '2015-10-10', 40),
(353, 1381, '2015-10-10', 41),
(354, 629, '2015-10-10', 52),
(355, 343, '2015-10-10', 31),
(356, 501, '2015-10-10', 184),
(357, 501, '2015-10-10', 193),
(358, 1158, '2015-10-10', 293),
(359, 609, '2015-10-10', 293),
(360, 1395, '2015-10-10', 58),
(361, 1385, '2015-10-10', 293),
(362, 1405, '2015-10-10', 293),
(363, 1345, '2015-10-10', 293),
(364, 1356, '2015-10-10', 290),
(365, 1419, '2015-10-10', 293),
(366, 1420, '2015-10-10', 293),
(367, 1428, '2015-10-10', 293),
(368, 1425, '2015-10-10', 309),
(369, 1429, '2015-10-10', 315),
(370, 1429, '2015-10-10', 316),
(371, 1429, '2015-10-10', 317),
(372, 1429, '2015-10-10', 318),
(373, 1429, '2015-10-10', 319),
(374, 1427, '2015-10-10', 293),
(375, 264, '2015-10-10', 103),
(376, 264, '2015-10-10', 315),
(377, 1439, '2015-10-10', 293),
(378, 1441, '2015-10-10', 315),
(379, 1160, '2015-10-10', 41),
(380, 1441, '2015-10-10', 316),
(381, 1008, '2015-10-10', 35),
(382, 1445, '2015-10-10', 35),
(383, 1445, '2015-10-10', 36),
(384, 1445, '2015-10-10', 37),
(385, 1445, '2015-10-10', 38),
(386, 1445, '2015-10-10', 39),
(387, 1445, '2015-10-10', 40),
(388, 399, '2015-10-10', 334),
(389, 1445, '2015-10-10', 41),
(390, 578, '2015-10-10', 293),
(391, 601, '2015-10-10', 293),
(392, 665, '2015-10-10', 35),
(393, 665, '2015-10-10', 36),
(394, 665, '2015-10-10', 37),
(395, 300, '2015-10-10', 304),
(396, 665, '2015-10-10', 38),
(397, 665, '2015-10-10', 39),
(398, 665, '2015-10-10', 40),
(399, 665, '2015-10-10', 41),
(400, 1452, '2015-10-10', 317),
(401, 1451, '2015-10-10', 6),
(402, 1453, '2015-10-10', 317),
(403, 1456, '2015-10-10', 293),
(404, 621, '2015-10-10', 293),
(405, 1282, '2015-10-10', 127),
(406, 1282, '2015-10-10', 129),
(407, 1458, '2015-10-10', 293),
(408, 1441, '2015-10-10', 97),
(409, 1441, '2015-10-10', 348),
(410, 1441, '2015-10-10', 116),
(411, 1441, '2015-10-10', 317),
(412, 441, '2015-10-10', 217),
(413, 1413, '2015-10-10', 293),
(414, 1355, '2015-10-10', 38),
(415, 1355, '2015-10-10', 39),
(416, 1085, '2015-10-10', 38),
(417, 1476, '2015-10-10', 35),
(418, 1475, '2015-10-10', 127),
(419, 1475, '2015-10-10', 101);

-- --------------------------------------------------------

--
-- 表的结构 `role`
--

CREATE TABLE IF NOT EXISTS `role` (
  `id` int(11) NOT NULL AUTO_INCREMENT,
  `role` varchar(255) DEFAULT NULL,
  PRIMARY KEY (`id`)
) ENGINE=InnoDB  DEFAULT CHARSET=utf8mb4 AUTO_INCREMENT=3 ;

--
-- 转存表中的数据 `role`
--

INSERT INTO `role` (`id`, `role`) VALUES
(1, 'common'),
(2, 'chairman');

-- --------------------------------------------------------

--
-- 表的结构 `school`
--

CREATE TABLE IF NOT EXISTS `school` (
  `id` int(11) NOT NULL AUTO_INCREMENT,
  `school_name` varchar(10) NOT NULL,
  `school_introduce` varchar(1000) NOT NULL,
  `praise` int(11) NOT NULL DEFAULT '0',
  `school_pic` varchar(255) NOT NULL,
  `status` int(11) NOT NULL DEFAULT '1',
  PRIMARY KEY (`id`)
) ENGINE=InnoDB  DEFAULT CHARSET=utf8mb4 AUTO_INCREMENT=82 ;

--
-- 转存表中的数据 `school`
--

INSERT INTO `school` (`id`, `school_name`, `school_introduce`, `praise`, `school_pic`, `status`) VALUES
(1, '重庆大学', '', 0, '', 0),
(2, '西南大学', '西南大学学生会是在校党委领导，校团委的指导下的学生组织，是联系学生和学校的重要纽带。这里有一批经过严格筛选的品学兼优、工作能力较强、作风优良的学生干部。他们本着&quot;服务同学、锻炼自我&quot;的宗旨，有机地组成学校的整体，为繁荣师生文化、丰富学生生活、促进校园建设做出自己的努力，并卓有成效的做了大量工作，成为校园工作、生活的中坚力量。我校学生会主动适应形势要求、时刻把握时代脉搏，在实践中研究新问题、探索新思路、拓展新途径，提高新层次、打造新品牌。树立牢固的工作意识，以改革为动力，以载体促活跃，以创新求发展，培养青年学生的创新精神、创业意识和实践能力；并全面加强学生会自身建设，团结、引导、带领广大同学，有效的服务于西南大学青年学生的成长成才。', 58, 'http://redrock.u.qiniudn.com/2015-09-28_5608c9de4d195.png?imageView2/0/w/1400', 1),
(3, '西南政法大学', '西南政法大学学生会成立于1953年，在西南政法大学党委的领导下和校团委指导下，经过一代代干部们的兢兢业业、自强不息地辛劳耕耘，如今的校学生会已经发展成中国西部乃至全国高校最优秀的学生组织之一。 学生会始终本着“一切为了同学，求索完善自我”的宗旨，坚持自我服务、自我教育、自我管理、自我完善，从而更好地引导同学、发展同学、代表同学、服务同学，并将我党的大政方针、会议精神以及我校校训同学生会的具体实践相结合，创办了“感动校园——西政学子年度人物”颁奖典礼、“践行先锋”、毓秀议苑、3V3篮球嘉年华系列活动、十大歌手等精品活动。 作为伟大的党的后备军，校会必将不断进取，以校园文化建设为使命，开拓创新，积极开展丰富多彩、意义深厚的活动和服务，引领学生思想，充分践行社会主义核心价值观。', 19, 'http://redrock.u.qiniudn.com/2015-09-28_5608ca0eb93fd.jpg?imageView2/0/w/1400', 1),
(4, '重庆医科大学', '重庆医科大学学生会是在校党委领导、团委指导下的全校性学生组织，是学校联系学生的重要桥梁和纽带。重庆医科大学学生会坚持以“服务同学，成就自我”为宗旨，自成立以来创新和打造了医学专业志愿者活动、医学专业辩论赛、社团文化节、星空音乐节等一系列校园精品文化活动，并形成了独具特色的学生权利维护体系，曾多次获得重庆市优秀学生会等表彰。    重庆医科大学学生会包含青年志愿者联盟、学生社团联合会、学生自律委员会等8个学生组织，设有办公室、财资部、学习部、心理健康部等8个部门，各组织部门昂扬进取，紧密合作，构建起有活力、有能力、负责任的学生会。重庆医科大学学生会为维护学生的合法权益、引导学生发展、推动校园文化建设做出了积极贡献。', 11, 'http://redrock.u.qiniudn.com/2015-09-28_5608cabde7d89.png?imageView2/0/w/1400', 1),
(5, '重庆师范大学', '重庆师范大学学生委员会是在校党委和市学联领导下、校团委指导下的以服务同学为根本宗旨的学生组织。它既是广大学生利益的忠实代表，也是学校和同学之间的桥梁和纽带。秉承着“自我管理，自我教育，自我服务”的指导方针。我们结合师范院校专业特色，在服务全校师生的同时，打造了一些精品项目，并向着“团结同学、塑造同学、带领同学”努力建设学生会的灵魂，以科学合理的管理模式更好地服务于全校。重庆师范大学学生委员会由主席团及其下设的11个部门和志工总队所构成。它们分别是办公室、自律委、学习部、生活部、宣传部、体育部、权益部、女生部、外联部、心理部和文娱部。主席团设主席1名、副主席5名，各部门设部长1名、副部长3到4名。主席团对整个学生会负责，主席对主席团负责，各副主席对所分管部门负责，各部部长分别对各部门负责。学生会的一切重大决议需由主席团讨论通过后方能公布并实施。', 13, 'http://redrock.u.qiniudn.com/2015-09-28_5608ca7f53c66.png?imageView2/0/w/1400', 1),
(6, '重庆邮电大学', '重庆邮电大学学生会是由校党委、市学联领导，由校团委具体指导的群众性组织。本着“全心全意为同学服务”的宗旨扎根学生群体，坚持服务同学个性成长，以自我教育、自我管理、自我服务的 “三自作用”激发学生主体精神。以“四个一”素质提升活动（培养一类文艺爱好、养成一个运动习惯、坚持一项志愿服务、提升一项表达能力）推动学校学生活动开展。举办 “信科杯”辩论赛、“十大歌手”“重邮梦想秀”、 “运动吉尼斯”、“主持人大赛”等校园活动不断加强青年学生思想政治教育，努力促进和谐校园文化建设。竭诚服务同学，解决同学实际困难。反映同学诉求，提升学生参与学校民主管理能力。同时学生会加强了学院党政、职能部门和各学院与同学间的沟通与联系。 目前共设13个部门：办公室、学习部、宣传部/新媒体运营部、人力发展部、提案部/自律权益部、生活服务部、文娱部、体育部、女生部、外联部、文化创意部、项目管理部、主持部。', 25, 'http://redrock.u.qiniudn.com/2015-09-28_5608cb1dd24e8.jpg?imageView2/0/w/1400', 1),
(7, '重庆交通大学', '重庆交通大学学生会是在学校党委和市学联领导下，在校团委的指导下，自我教育，自我管理，自我服务的学生群众组织，是引领学生先进思想的主力军，是推进校园文化建设的生力军，是维护全校学生合法权益的重要声音和力量，是学校和学生进行联系和交流的纽带。 重庆交通大学学生会参加中华全国学生联合会和重庆市学生联合会，为其团体会员，并为重庆市学生联合会副主席单位。自成立数十年来，重庆交通大学学生会通过在思想引领、社会实践、科技创新、校园文化、维护权益等五大平台上的辛勤工作，带领和团结全校三万多名青年学生以主人翁的姿态，为重庆交通大学的改革、发展、稳定和一代又一代学子的成长做出了不懈的努力。', 9, '', 1),
(8, '重庆工商大学 ', '重庆工商大学学生会是在重庆工商大学党委领导、校团委具体指导下，代表学校广大学生权益的学生群众组织。自2003年成立以来，始终坚持以“全心全意为学生的成长成才服务，团结带领广大学生为学校的改革发展贡献力量”为中心工作，按照校团委提出的“指导思想明确、工作思路要清晰、工作品牌要形成、工作重点要突出、工作机制要创新、工作方法要科学”等六点要求，遵循“自我教育、自我管理、自我服务”的原则，秉承“以服务谋生存，以创新求发展”的工作理念，以实际行动践行“凝聚学生”、“引领学生”、“服务学生”、“保护学生”，努力把学生会建设成“同学之家、师生之桥、干部之校”。', 7, '', 1),
(9, '重庆理工大学', '重庆理工大学学生会是在重庆理工大学校党委领导，校团委具体指导下，组织在校本科生和专科生进行自我教育、自我服务、自我管理的群众性学生组织，是我校规模最大、机制最为健全、影响最深的学生组织，也是学校学生自我管理的最高机构，代表和维护了广大学生的根本利益。', 4, 'http://redrock.u.qiniudn.com/2015-10-04_5610c4c51074c.png?imageView2/0/w/1400', 1),
(10, '四川外国语大学', '四川外国语大学学生委员会是在市学联、校党委领导下，在校团委指导下开展学生工作的学生自治组织。我校学生会下设主席团、秘书处、文体部、公关部、信宣部、生活部、学习部。我校学生会以“关注同学、走近同学，了解同学、服务同学”为宗旨，组织承办各种校园文化活动，丰富同学们的第二课堂，服务学生的学习与生活，维护学生正当权益，引领校园先进风尚，培养具有青年领导力、社会责任感、全面高素质的新一代大学生。', 5, 'http://redrock.u.qiniudn.com/2015-09-28_5608cb81ed958.jpg?imageView2/0/w/1400', 1),
(11, '四川美术学院', '四川美术学院校学生会是校团委直接领导下的，独立自主开展各种学生工作以及各种丰富学生课余生活的活动。作为代表学校最官方的学生组织，校学生会一直致力于引导学生进行自我管理，自我提高。校学生会在主席团的领导下现共设有：团委组织部，团委宣传部，办公室，文体部，学习部，女生部，新媒体部，社会实践部，青年志愿者协会和川流不息杂志社。同时拥有新浪认证官方微博“四川美术学院学生会”以及微信订阅号“乐活川美”两大网络宣传平台互动更新学校最新动向', 5, '', 1),
(12, '重庆三峡学院', '重庆三峡学院学生会是校党委、市学联领导下全校学生的群众性组织。在校团委的指导下开展工作,是广大同学利益的忠实代表；是联系学校党政与广大同学的桥梁纽带。校学生会坚持“团结、奋进、务实、创新”的原则，以“全心全意为同学服务”为根本宗旨，紧紧围绕学校的工作重心，全面提高同学综合素质，开展各种丰富多彩的校园活动，团结和带领广大同学在学习和实践中成长、成才。校学生会下设主席团、办公室、组织部、团委宣传部（新媒体建设中心、大学生通讯社）、社会实践与对外联络部、文体活动部、大学生自律委员会（学习部、生活部、纪检部）7个部门。各部门互相协调，互相合作，在个团体的成员素质不断提高。校学生会也在工作过程中得到不断发展、壮大。', 7, 'http://redrock.u.qiniudn.com/2015-09-30_560ba1013164c.jpg?imageView2/0/w/1400', 1),
(13, '重庆文理学院', '重庆文理学院学生会是在重庆文理学院党委领导，团委指导下的学生组织，与团委会、学生社团联合会一同构成重庆文理学院“三委会”。成立至今，我校学生会在“进德修业 博文达理”校训的指引下，秉着服务师生、维护广大同学利益的理念，充分发挥联系老师与同学的纽带作用，为广大同学提供了展示自身风采的广阔舞台。校学生会是全校人才荟萃的地方，也是培养优秀人才的摇篮，为了更好地发挥其自我服务、自我教育、自我管理的职能，校学生会根据其工作性质分为办公室、学习部、外联部等8个部门。今日的校学生会生机勃勃，勇于进取，形成了自己的优良传统和工作特色，致力于为我校广大学生创造良好的学习环境和生活环境。', 23, 'http://redrock.u.qiniudn.com/2015-10-04_5610c37b53549.jpg?imageView2/0/w/1400', 1),
(14, '长江师范学院', '长江师范学院学生会是在长江师范学院党委领导下、团委具体指导帮助下的全校性学生自治组织。共设19个部门（含团委直属部门），分别为：主席团、办公室，团委社会实践与外联部、组织部、学术科技部、文艺部、网络部、礼仪部和国旗班；学习部、体育部、宿管部、生活部、纪检部、社会工作部、女工部、通讯社、权益维护中心、心理发展部和新媒体中心。 长江师范学院学生会坚持“引导同学、发展同学、代表同学、服务同学”的工作理念，以“明使命、勇担当、重奉献、求卓越”的精神为宗旨，紧跟时代砥砺前行，担当责任奋发有为，做同学的青春引航人、知心人和圆梦人。校会始终坚定党的政治领导、思想领导、组织领导，将在校团委的指导帮助下，为把长江师范学院学生会建设成同学向往、老师称赞、同行知名的精神家园而努力奋斗。', 6, 'http://redrock.u.qiniudn.com/2015-09-28_5608cc396c24c.jpg?imageView2/0/w/1400', 1),
(15, '重庆科技学院', '', 0, '', 0),
(16, '重庆第二师范学院', '重庆第二师范学院学生会是在重庆第二师范学院党委领导，团委指导下进行自我教育、自我管理、自我服务的群众性学生组织，旨在服务青年、影响青年，是学生和学校各部门间联系的桥梁和纽带，是培养大学生全面成才的重要载体。   重庆第二师范学院学生会由主席团负责日常事务，并在主席团下设有十个职能部门：办公室、生活部、文体部、外联部、礼仪部、宣设部、学风建设部、宿舍管理中心、就业创业部、校友自愿者工作部。在主席团的带领下，各部门努力向着服务型、公益型、活动型、维权型等的学生会发展。在各项工作中，各部门本着“分工不分家”的原则，相互协调、相互合作、全面服务学生。', 4, 'http://redrock.u.qiniudn.com/2015-09-29_560a8e06abf41.jpg?imageView2/0/w/1400', 1),
(17, '重庆警察学院', '重庆警察学院学生会是校党委领导、校团委指导下的代表广大同学基本利益的学生自治组织，是联系学生与学校的桥梁和纽带。学生会以“自我教育、自我管理、自我服务”为工作理念，紧密围绕学校建设西部一流公安院校宏伟目标，大力开展相关工作，同时结合学院实际，积极配合团市委、市学联开展各项工作，有力助推我院学子成长成才， 校学生会主席团共5人，包括主席1名、副主席4名，秘书长由校团委老师担任，共设有办公室、警务化管理委员会、编辑部、学习部、体育部、文娱部、生活部、女生部、礼宾礼仪部9个职能部门，每部门均设部长1名，副部长2名，干事4-6人。同时下设侦查大队、治安大队、刑技大队、交管大队、战术大队共5个二级学生会。', 63, 'http://redrock.u.qiniudn.com/2015-09-30_560ace6757e7d.jpg?imageView2/0/w/1400', 1),
(18, '第三军医大学', '', 0, '', 0),
(19, '后勤工程学院', '', 0, '', 0),
(20, '解放军重庆通信学院', '', 0, '', 0),
(21, '重庆电力高等专科学校', '重庆电力高等专科学生会是在重庆电力高等专科学校党委领导、团委指导下以党的教育方针为方向，促进同学德智体全面发展，团结和引导同学成为现代化建设事业要求的合格人才，并发挥作为学校和老师联系同学的桥梁和纽带作用。倡导和组织同学们自我服务、自我管理、自我教育，开展健康有益，丰富多彩的课外活动，努力为同学服务。校学生会作为最庞大的组织，设有最全面的部门：办公室、实践部、学习部、体育部、文娱部、生活部、就业部。以在服务中成长，在耕耘中收获为主旨，建成了广受学校和师生信任，富有生机而温馨的大家庭。', 4, 'http://redrock.u.qiniudn.com/2015-09-30_560acbb5e4f0e.jpg?imageView2/0/w/1400', 1),
(22, '重庆医药高等专科学校', '', 3, 'http://redrock.u.qiniudn.com/2015-10-04_56107c015dc27.jpg?imageView2/0/w/1400', 1),
(23, '重庆三峡医药高等专科', '重庆三峡医药高等专科学校团委学生会是在重庆三峡医药高等专科学校党委领导和校团委指导下的大学生群众性自治组织，宗旨是：贯彻执行党的教育方针，发挥“自我管理、自我教育、自我服务”的职能，团结带领广大同学努力学习，开拓进取，成为素质全面、适应社会主义现代化建设需要的优秀人才。学生会来自于同学、服务于同学。它以思想引领为先导、以服务同学为重要内容，以提升同学综合素质为主线，以维护同学权益为突破，是联系学生与学校的桥梁和纽带，是发展与繁荣校园文化的舞台和基地，是服务大学生全面成才的重要载体。这里也是让每一位同学发挥聪明才智、展示自我、释放青春活力的炫色舞台；是不断磨砺能力、完善自我、完成升华的大课堂；是同学们共叙友谊、共谋发展、共创辉煌的大家庭。', 5, 'http://redrock.u.qiniudn.com/2015-09-29_560aa917911a2.jpg?imageView2/0/w/1400', 1),
(24, '重庆电子工程职业学院', '重庆电子工程职业学院学生委员会是由校党委、市学联领导，在校团委具体指导下，组织在校大学生进行自我服务、自我管理、自我教育的学生组织，是我校学生代表大会闭会期间的执行机构，是第二十六届全国学联主席团单位。校学生委员会实行主席团负责制。学生委员会下设办公室、宣传部、组织部、社会实践部、体育部、学习部、信息工作部、文艺部、心理工作部、生活部、学管部、国旗护卫队;同时，配合校团委联系指导校大学生艺术团、二级学院学生委员会等学生组织的日常工作。 一直以来，重庆电子工程职业学院学生委员会秉承“厚德强能，求实创新”的校训，以“自我教育、自我管理、自我服务”为宗旨，发扬“招之能来，来之能战，战之能胜”精神，积极参与学生自主管理和校园建设管理，通过各类活动引领大学生思想潮流、提升大学生综合素质，发挥联系学生和学校的桥梁纽带作用，为大学生提供便捷的服务。积极探索具有我校自身特色的各类校园文化活动，为繁荣师生文化、丰富学生生活、促进校园建设做出自己的努力，打造了如“校园科技文化艺术节”、“才艺之星挑战赛”、“校园十佳歌手赛”、“校园舞蹈大赛”等一系列品牌活动，此外，还卓有成效的做了大量工作，成为校园学习、工作、生活的中坚力量。', 4, 'http://redrock.u.qiniudn.com/2015-09-30_560abdd0306ec.jpg?imageView2/0/w/1400', 1),
(25, '重庆工业职业技术学院', '重庆工业职业技术学院校团委·学生会是在校党委的指导下，在校团委的直接领导下进行自我教育、自我管理、自我服务的群众性学生组织，是广大同学利益的忠实代表和维护者，是学生和学校各部门间联系的桥梁和纽带，是发展与繁荣校园文化的舞台和基地，是培养大学生全面成才的重要载体。校团委·学生会现设十一个部门，其中包含：办公室、组织部、学习部、监察部、生活部、广播站、记者团、外联部、文体部、社实部、宣编部，共有38名学生干部。在各项工作中，各部门间本着“分工不分家”的原则，相互协调、相互合作，全面服务学生学习﹑生活﹑成才的方方面面。重庆职业技术学院校团委学生会是一个具有青春与活力的团学组织，共聚学生会，青春更有味！', 0, 'http://redrock.u.qiniudn.com/2015-09-30_560abc20657a4.jpg?imageView2/0/w/1400', 1),
(26, '重庆城市管理职业学院', '', 4, 'http://redrock.u.qiniudn.com/2015-09-30_560b9ab68ff59.jpg?imageView2/0/w/1400', 1),
(27, '重庆工程职业技术学院', '重庆工程职业技术学院学生会是院党委领导下、受院团委直接指导的学生群众组织，它代表学生利益，负责沟通广大同学与学院的关系，遵循和贯彻党和国家的教育方针，倡导良好的校风、学风，促进学生德、智、体全面发展，实现学生“自我管理、自我约束、自我教育、自我发展。', 3, '', 1),
(28, '重庆三峡职业学院', '', 0, '', 0),
(29, '重庆工贸职业技术学院', '重庆工贸职业技术学院学生会是重庆工贸职业技术学院党委、学生处、团委领导下的学生组织。秉承“厚德、博学、强技、创新”的校训，坚持“服务同学、服务学院；脚踏实地、无私奉献；发扬不怕苦、不怕累精神”的目的和宗旨，服务于全院同学成长成才。倡导和组织“自我服务、自我管理、自我教育”,充分发挥师生间桥梁纽带作用，在维护国家和学院整体利益同时，表达和维护同学的具体利益。团结和引导同学成为热爱祖国、热爱人民，适应有中国特色社会主义现代化建设事业要求的合格人才。 重庆工贸职业技术学院学生会是重庆工贸职业技术学院学生代表大会执行机构，在学生代表大会闭会期间行使部分职责。下设秘书部、学习部、生活部、纪检部、外联部、文体部、女生部、宣传部、伙食管理委员会等九个职能部门，并督促指导二级学生分会工作。', 8, '', 1),
(30, '重庆机电职业技术学院', '共青团重庆机电职业技术学院委员会是在中国共产党重庆机电职业技术学院委员会和上级团委的直接领导下，联系学生与学校的桥梁和纽带。担负着不断巩固和扩大党执政的青年群众基础，结合学院实际，积极配合团市委、市学联开展各项工作。', 20, 'http://redrock.u.qiniudn.com/2015-09-29_560ab21f69303.jpg?imageView2/0/w/1400', 1),
(31, '重庆水利电力职业技术', '重庆水利电力职业技术学院学生会是在学院党委领导和团委指导下的学生群众性组织，倡导和组织广大同学自我服务、自我教育和自我管理，通过开展各种活动，一方面围绕学校的中心工作，为学院的发展和建设贡献自己的青春和力量；一方面，积极营造安定和谐的学习、生活环境，致力于促进广大学子的成长和成才。    重庆水利电力职业技术学院学生会成立至今，坚持在实践中不断学习，勇于接受挑战，大胆改革创新，承担起了思想政治教育、社会实践、志愿服务、科技创新、文化艺术、辩论赛等方面的全院性活动，由学生会主办、承办、协办的许多大型活动已成为校园内的品牌活动，具有广泛的影响力。我院学生会作为学院共青团组织的得力助手，不仅为学院的发展和建设做出了卓越的贡献，而且还培养出了一大批德才兼备的学生干部。 院学生会在团委干部的领导下，设12个部门：学院学生会设有主席团、办公室、文艺部、体育部、社团部、生活部、网络部、外联部、礼仪部、女生部、权益部、勤工助学部。 为了满足广大同学的需要，院学生会的各项建设正在逐步加强和壮大。在此，我们也期待着更多奋发有为的青年学子投身到院学生会的团队中来，为学生会输送新鲜的血液，为学生服务事业做出贡献。 ', 0, '', 1),
(32, '重庆城市职业学院', '', 0, '', 0),
(33, '重庆工商职业学院', '重庆工商职业学院学生会是在共青团重庆工商职业学院委员会的指导下设置的一个学生团体组织。是学校联系学生的桥梁和纽带，也是学校最重要的学生组织之一。它是提倡自我服务，自我管理，自我学习的学生组织，为学校学生和老师提供无偿服务的部门。学生会的任务是在学校共产党组织的领导和共青团组织的指导和帮助下，团结全体同学，贯彻党的教育方针。协助学校举办各项学生活动开展各项学生工作。目前，我校学生会以主席团为领导核心，包括学生副书记一人，学生会主席一人，副主席一人。在主席团以下设数个职能部门，包括办公室、宣传部、组织部、学习部、体育部、文艺部、生活部、广播站、大学生艺术团、女生部、自律部、各部门设部长一名、副部长1名或2名，干事若干名。其中社团联合会、校青年志愿者服务总队、记者站和学生会同属校团委下设学生组织。', 10, 'http://redrock.u.qiniudn.com/2015-09-29_560aaed4b5c5a.jpg?imageView2/0/w/1400', 1),
(34, '重庆青年职业技术学院', '', 0, '', 0),
(35, '重庆财经职业学院', '重庆财经职业学院学生会成立于2007年9月，是在院党委、上级学院领导和团委指导下自主开展工作的全院性学生群众组织。本会始终秉承“全心全意为同学服务”的宗旨，以“同学之家、师生之桥、干部之校”为发展理念，围绕学院党政中心工作，是一支团结、积极、乐观、向上、创新、有能动力、有影响力的学生干部队伍，在学生团体中具有较高的声誉和影响力。', 13, 'http://redrock.u.qiniudn.com/2015-09-30_560b9e1e1bb7c.jpg?imageView2/0/w/1400', 1),
(36, '重庆建筑工程职业学院', '我院学生会是在党委领导下，团委的指导下，结合我院实际情况开展各项活动的学生组织，2008年成立至今，本着“全心全意为同学服务”的宗旨，进行公开化、透明化、制度化的工作，是联系学院与同学们的桥梁和纽带，是我院各项活动的主要策划、组织者，也是维护同学权益的组织，在我们的自身的发展与建设中，我院学生会各方面的制度不断在实践中完善，管理经验有很大提高。自成立以来，学生会在院团委的支持关心下，结合学院实际情况，开展了大学生校园歌手大赛、辩论赛、空盘活动、感恩母亲活动、祭扫烈士陵园、篮球赛、拔河比赛、游园会、主持人大赛、讲故事大赛、周末影院等一系列丰富多彩的校园文化活动。', 6, '', 1),
(37, '重庆商务职业学院', '', 0, '', 0),
(38, '重庆人文科技学院', '', 0, '', 0),
(39, '重庆师范大学涉外商贸', '', 3, 'http://redrock.u.qiniudn.com/2015-09-30_560b9dfce116d.jpg?imageView2/0/w/1400', 1),
(40, '重庆工商大学融智学院', '', 1, 'http://redrock.u.qiniudn.com/2015-09-30_560b9e80d9152.jpg?imageView2/0/w/1400', 1),
(41, '重庆工商大学派斯学院', '', 0, '', 0),
(42, '四川外语学院重庆南方', '', 0, '', 0),
(43, '重庆邮电大学移通学院', '', 7, 'http://redrock.u.qiniudn.com/2015-09-30_560b9ec5b2b2a.jpg?imageView2/0/w/1400', 1),
(44, '重庆大学城市科技学院', '', 0, '', 0),
(45, '重庆工程学院', '', 3, 'http://redrock.u.qiniudn.com/2015-09-28_5608af560eec1.jpg?imageView2/0/w/1400', 1),
(46, '重庆信息技术职业学院', '', 0, 'http://redrock.u.qiniudn.com/2015-09-28_5608b0ede862c.JPG?imageView2/0/w/1400', 1),
(47, '重庆海联职业技术学院', '', 0, '', 0),
(48, '重庆房地产职业学院', '', 0, '', 0),
(49, '重庆应用技术职业学院', '', 0, '', 0),
(50, '重庆传媒职业学院', '', 3, '', 1),
(51, '重庆科创职业学院重庆', '', 0, '', 0),
(52, '重庆能源职业学院', '', 0, '', 0),
(53, '重庆交通职业学院', '', 33, '', 1),
(54, '重庆化工职业学院', '', 0, '', 0),
(55, '重庆电讯职业学院', '', 0, '', 0),
(56, '重庆职工会计专科学校', '', 0, '', 0),
(57, '重庆电信职业学院', '', 0, '', 0),
(58, '重庆经贸职业学院', '', 0, '', 0),
(59, '重庆艺术工程职业学院', '', 0, '', 0),
(60, '重庆旅游职业学院', '', 1, 'http://redrock.u.qiniudn.com/2015-09-28_5608bc70cabac.jpeg?imageView2/0/w/1400', 1),
(61, '重庆公共运输职业学院', '', 5, 'http://redrock.u.qiniudn.com/2015-09-28_5608bd3f3deaf.jpg?imageView2/0/w/1400', 1),
(62, '重庆安全技术职业学院', '', 0, '', 0),
(63, '重庆轻工职业学院', '', 0, 'http://redrock.u.qiniudn.com/2015-09-28_5608bda62a8e0.jpg?imageView2/0/w/1400', 1),
(64, '重庆幼儿师范高等专科', '', 5, 'http://redrock.u.qiniudn.com/2015-09-30_560b9f169c05a.jpg?imageView2/0/w/1400', 1),
(65, '重庆服装工程职业学院', '', 0, '', 1),
(66, '重庆市经济和信息化委', '', 0, '', 1),
(67, '重庆市工业学校', '', 0, '', 1),
(68, '重庆市工业高级技工学', '', 0, '', 1),
(69, '重庆市第一中学校', '', 0, '', 0),
(70, '重庆市南开中学校', '', 0, '', 0),
(71, '重庆市第八中学校', '', 0, '', 0),
(72, '重庆市巴蜀中学校', '', 0, '', 0),
(73, '重庆市育才中学', '', 0, '', 0),
(74, '四川外语大学附属外国', '', 0, '', 0),
(75, '分校重庆实验外国语学', '', 0, '', 0),
(76, '重庆教育管理学校', '', 0, '', 1),
(77, '重庆市教科院巴蜀实验', '', 0, '', 0),
(78, '重庆市人民小学团总支', '', 0, '', 0),
(79, '重庆市巴蜀小学团总支', '', 0, '', 0),
(80, '重庆市行知技师学院', '', 2, '', 1),
(81, '重庆航天职业技术学院', '重庆航天职业技术学院团委学生会是在重庆航天职业技术学院党委领导和校团委指导下的大学生群众性自治组织，遵守校训“严慎细实，诚勇勤和“。深入贯彻航天精神：自力更生，艰苦奋斗，大力协同，无私奉献，严谨务实，勇于攀登”。团结带领广大同学努力学习，开拓进取，成为素质全面、适应社会主义现代化建设需要的优秀人才。重庆航天职业技术团委学生会下设：主席团、办公室、宿管部、宣传部、文娱部、外联部、设备部、体育部、素拓部、新闻部、广播站、组织部、社团部、纪检部。学生会来自于同学、服务于同学。它以思想引领为先导、以服务同学为重要内容，以提升同学综合素质为主线，以维护同学权益为突破，是联系学生与学校的桥梁和纽带，是发展与繁荣校园文化的舞台和基地，是服务大学生全面成才的重要载体。这里也是让每一位同学发挥聪明才智、展示自我、释放青春活力的炫色舞台；是同学们共叙友谊、共谋发展、共创辉煌的大家庭。', 1, 'http://redrock.u.qiniudn.com/2015-10-09_5617d7dc632c8.jpg?imageView2/0/w/1400', 1);

-- --------------------------------------------------------

--
-- 表的结构 `ticket`
--

CREATE TABLE IF NOT EXISTS `ticket` (
  `type` varchar(100) NOT NULL,
  `token` varchar(1000) NOT NULL,
  `time` int(11) NOT NULL
) ENGINE=InnoDB DEFAULT CHARSET=utf8mb4;

--
-- 转存表中的数据 `ticket`
--

INSERT INTO `ticket` (`type`, `token`, `time`) VALUES
('access_token', 'TX0REQ2na6ubzVXjzuKMgDzKKy1WKpECGH0jP0nre_DkIuwio3JCmu4x4jS6HvPfCUr-VuAVLJbVP_IeY67FIr3IV7uyMGm3HjKlQNGvOOc', 1444442138),
('js_ticket', 'sM4AOVdWfPE4DxkXGEs8VBN_sJ_3ExndoqYdkUcy7L3c-nCXa0yY-Y1HrsIjAKxyFMjr6ZsNx7En87OaZEUO-w', 1444442138);

-- --------------------------------------------------------

--
-- 表的结构 `users`
--

CREATE TABLE IF NOT EXISTS `users` (
  `id` int(11) NOT NULL AUTO_INCREMENT,
  `openid` varchar(255) DEFAULT NULL,
  `nickname` varchar(255) DEFAULT NULL,
  `avatar` varchar(255) DEFAULT NULL,
  `role_id` int(11) NOT NULL DEFAULT '1',
  `password` varchar(255) NOT NULL,
  `school_id` int(11) NOT NULL DEFAULT '0',
  PRIMARY KEY (`id`)
) ENGINE=InnoDB  DEFAULT CHARSET=utf8mb4 AUTO_INCREMENT=1478 ;

--
-- 转存表中的数据 `users`
--

INSERT INTO `users` (`id`, `openid`, `nickname`, `avatar`, `role_id`, `password`, `school_id`) VALUES
(1, '重庆大学', '重庆大学', NULL, 2, 'bc676166324d9c3aa7a2b0ab54f0918d', 1),
(2, '西南大学', '西南大学', NULL, 2, 'e3180aba4b10add0a4f56e2b2900763a', 2),
(3, '西南政法大学', '西南政法大学', NULL, 2, '500786247f9cb300867d451c35bca7d1', 3),
(4, '重庆医科大学', '重庆医科大学', NULL, 2, 'fb1b22be7877918ed022bd5e3235c253', 4),
(5, '重庆师范大学', '重庆师范大学', NULL, 2, 'f0cfdf054f392a3bef08480c29175fb3', 5),
(6, '重庆邮电大学', '重庆邮电大学', NULL, 2, 'fefbf7c85eb9ada78104f4923adf22a9', 6),
(7, '重庆交通大学', '重庆交通大学', NULL, 2, '99008d8b577caae678384923454b1dbd', 7),
(8, '重庆工商大学 ', '重庆工商大学 ', NULL, 2, '6475560637028603bb2c21a00630d5f0', 8),
(9, '重庆理工大学', '重庆理工大学', NULL, 2, '4035fa7aeb32bb4036a13378aa8caa7c', 9),
(10, '四川外国语大学', '四川外国语大学', NULL, 2, '035758aa04dcc3ad318a976bebe29342', 10),
(11, '四川美术学院', '四川美术学院', NULL, 2, 'faa137fa49ed8f3df26b24cd78e8b0d8', 11),
(12, '重庆三峡学院', '重庆三峡学院', NULL, 2, 'bbc4a9e83abb0d7130b122897024e1f1', 12),
(13, '重庆文理学院', '重庆文理学院', NULL, 2, 'ddf0b08ef198de58a5b14a325d3c6d44', 13),
(14, '长江师范学院', '长江师范学院', NULL, 2, 'ffaafffbf0917c354ff6805b4a4f63bd', 14),
(15, '重庆科技学院', '重庆科技学院', NULL, 2, '3f75d97e6973a5f5e2f6b3ede08ec47e', 15),
(16, '重庆第二师范学院', '重庆第二师范学院', NULL, 2, 'f4ccb0a89ef62014e27002802f4de6e3', 16),
(17, '重庆警察学院', '重庆警察学院', NULL, 2, '2cf0b1305bf1b0cc6580bf0c478d3e87', 17),
(18, '第三军医大学', '第三军医大学', NULL, 2, '0c05277830f523f80e9d48e0660019f4', 18),
(19, '后勤工程学院', '后勤工程学院', NULL, 2, '726026622ba261bf23daad0239a0742e', 19),
(20, '解放军重庆通信学院', '解放军重庆通信学院', NULL, 2, 'b8777ab5702b71ec787b44c84aa20590', 20),
(21, '重庆电力高等专科学校', '重庆电力高等专科学校', NULL, 2, '8baf3c1cff0ffd122ae50789e9d0f383', 21),
(22, '重庆医药高等专科学校', '重庆医药高等专科学校', NULL, 2, '2d92ff848b77f507edc2118fa9fdfb60', 22),
(23, '重庆三峡医药高等专科', '重庆三峡医药高等专科', NULL, 2, 'e4e29f10c4a3b65c2a74b8836aa0d6c1', 23),
(24, '重庆电子工程职业学院', '重庆电子工程职业学院', NULL, 2, '628d08b832427f1b0727a999c990c034', 24),
(25, '重庆工业职业技术学院', '重庆工业职业技术学院', NULL, 2, 'b773320262476fcf8f4c44493698432d', 25),
(26, '重庆城市管理职业学院', '重庆城市管理职业学院', NULL, 2, 'f91dd2a04601d2c56a1a5a938516493a', 26),
(27, '重庆工程职业技术学院', '重庆工程职业技术学院', NULL, 2, '0c4d28be2b41ef82056a3bc66252b714', 27),
(28, '重庆三峡职业学院', '重庆三峡职业学院', NULL, 2, 'ca5cfe990b73ee6a8582b536bfe67579', 28),
(29, '重庆工贸职业技术学院', '重庆工贸职业技术学院', NULL, 2, 'a3eba537fb8bcaf98efaadb47016d11c', 29),
(30, '重庆机电职业技术学院', '重庆机电职业技术学院', NULL, 2, 'b89e8faf99fbd64dc282a89c21d89d81', 30),
(31, '重庆水利电力职业技术', '重庆水利电力职业技术', NULL, 2, '824e7d2ce1ec17dba4f2b2cd890fdfed', 31),
(32, '重庆城市职业学院', '重庆城市职业学院', NULL, 2, '4ac8049e14fa4cc1441982f33f3c751f', 32),
(33, '重庆工商职业学院', '重庆工商职业学院', NULL, 2, '837daa9da7fad7283dd5e0d2214071d4', 33),
(34, '重庆青年职业技术学院', '重庆青年职业技术学院', NULL, 2, '34b08a298c47135e983f2bbf21776331', 34),
(35, '重庆财经职业学院', '重庆财经职业学院', NULL, 2, '65ec9e097f9d3ad4a7fbfa3b2472539c', 35),
(36, '重庆建筑工程职业学院', '重庆建筑工程职业学院', NULL, 2, '25cbdc760122e67dc44d7a1a8c7741f1', 36),
(37, '重庆商务职业学院', '重庆商务职业学院', NULL, 2, '90519e0fb6c1813e5154212c394d3765', 37),
(38, '重庆人文科技学院', '重庆人文科技学院', NULL, 2, 'd5c2505eae0056aeba4ac68677bfdd1e', 38),
(39, '重庆师范大学涉外商贸', '重庆师范大学涉外商贸', NULL, 2, '7ee7e750b84498b227f59271ea4cfa6c', 39),
(40, '重庆工商大学融智学院', '重庆工商大学融智学院', NULL, 2, '7f1d299a8f34f5e0da87149117a73c8f', 40),
(41, '重庆工商大学派斯学院', '重庆工商大学派斯学院', NULL, 2, '3978fc35c9702f1a36c66d65bc54e89b', 41),
(42, '四川外语学院重庆南方', '四川外语学院重庆南方', NULL, 2, 'cfab0313b9e69d41963568d760821a11', 42),
(43, '重庆邮电大学移通学院', '重庆邮电大学移通学院', NULL, 2, 'b68dbe4dfbe388de56c2d879f948f65f', 43),
(44, '重庆大学城市科技学院', '重庆大学城市科技学院', NULL, 2, 'ffb85c85d40a091df1b45eff59c496f0', 44),
(45, '重庆工程学院', '重庆工程学院', NULL, 2, 'de44b981b173a9c90c6ae81f945dc82a', 45),
(46, '重庆信息技术职业学院', '重庆信息技术职业学院', NULL, 2, '9a049e3a560cd44439526abb4a570df7', 46),
(47, '重庆海联职业技术学院', '重庆海联职业技术学院', NULL, 2, '546bb5fff2ca6b89d258fc55024c9bc9', 47),
(48, '重庆房地产职业学院', '重庆房地产职业学院', NULL, 2, '4ded57c25c03a175c19904ef681c0210', 48),
(49, '重庆应用技术职业学院', '重庆应用技术职业学院', NULL, 2, '524e4e0cea33e2eee4e1d70c22d48e5b', 49),
(50, '重庆传媒职业学院', '重庆传媒职业学院', NULL, 2, '510ad78260d782928852abcce587f357', 50),
(51, '重庆科创职业学院重庆', '重庆科创职业学院重庆', NULL, 2, '1f93d2393913b75ab2b7b070f1e0f50d', 51),
(52, '重庆能源职业学院', '重庆能源职业学院', NULL, 2, 'f542dc564c33c557bc70e15de3b0bd37', 52),
(53, '重庆交通职业学院', '重庆交通职业学院', NULL, 2, '9a96eb8b66d1dfe41291f4a1bd4c1288', 53),
(54, '重庆化工职业学院', '重庆化工职业学院', NULL, 2, '6272a5da7b1790cf0a25d48bdb47740f', 54),
(55, '重庆电讯职业学院', '重庆电讯职业学院', NULL, 2, '55e392bbf618e9d3530e794978bc9c3a', 55),
(56, '重庆职工会计专科学校', '重庆职工会计专科学校', NULL, 2, '17c1f46de562becf00186ab7d4717ea2', 56),
(57, '重庆电信职业学院', '重庆电信职业学院', NULL, 2, 'b4e89753a21015700ad2e5e6699b4898', 57),
(58, '重庆经贸职业学院', '重庆经贸职业学院', NULL, 2, '4c5ecef99c5aec991dda73d2a174d59b', 58),
(59, '重庆艺术工程职业学院', '重庆艺术工程职业学院', NULL, 2, '27e3600cee8071b85a0d17b337183681', 59),
(60, '重庆旅游职业学院', '重庆旅游职业学院', NULL, 2, 'c6dca84c01308d425abe403de5a71d37', 60),
(61, '重庆公共运输职业学院', '重庆公共运输职业学院', NULL, 2, 'ac707ff563e5b68daad46e55fff0b4c5', 61),
(62, '重庆安全技术职业学院', '重庆安全技术职业学院', NULL, 2, '2a0ac42246b2d5364a5a3fd144b1fdc8', 62),
(63, '重庆轻工职业学院', '重庆轻工职业学院', NULL, 2, '8d720e0ee77f141b155f2e4d0eead1d1', 63),
(64, '重庆幼儿师范高等专科', '重庆幼儿师范高等专科', NULL, 2, '8b2b992465ae676230f138e060e9d844', 64),
(65, '重庆服装工程职业学院', '重庆服装工程职业学院', NULL, 2, '1bef911105baa97caff60ac3750b1b43', 65),
(66, '重庆市经济和信息化委', '重庆市经济和信息化委', NULL, 2, '777a447c8e8b6b949b67203013ad6ea7', 66),
(67, '重庆市工业学校', '重庆市工业学校', NULL, 2, '7f14f69aa305400ed3738b92dfa95fe1', 67),
(68, '重庆市工业高级技工学', '重庆市工业高级技工学', NULL, 2, 'fe8f80a9ccb6a39d458fec00d929650b', 68),
(69, '重庆市第一中学校', '重庆市第一中学校', NULL, 2, '004318b7720f090d68a648a75208b76c', 69),
(70, '重庆市南开中学校', '重庆市南开中学校', NULL, 2, 'faf2565cd87dbe27ad4dd125e0096d3c', 70),
(71, '重庆市第八中学校', '重庆市第八中学校', NULL, 2, '15df7bc605eb5d53375ebaa0c5ff547c', 71),
(72, '重庆市巴蜀中学校', '重庆市巴蜀中学校', NULL, 2, '02c1f0629eea02581358d0e39cb01854', 72),
(73, '重庆市育才中学', '重庆市育才中学', NULL, 2, '5f65968a6c779096983077420f6efbf5', 73),
(74, '四川外语大学附属外国', '四川外语大学附属外国', NULL, 2, 'e24318093974e71e0762138f8bcafd18', 74),
(75, '分校重庆实验外国语学', '分校重庆实验外国语学', NULL, 2, '54b21f8fc03923baef9cd3ba3c7d91dd', 75),
(76, '重庆教育管理学校', '重庆教育管理学校', NULL, 2, '7d8655edb964591b7846f89dd9ac11c1', 76),
(77, '重庆市教科院巴蜀实验', '重庆市教科院巴蜀实验', NULL, 2, '5819dc07b59e37eb434d52a23f5ade2e', 77),
(78, '重庆市人民小学团总支', '重庆市人民小学团总支', NULL, 2, '4d09518b53f949817973dc76a15e9f0d', 78),
(79, '重庆市巴蜀小学团总支', '重庆市巴蜀小学团总支', NULL, 2, 'b74c695b6bcb82e137d9fad8f0675ac9', 79),
(80, '重庆市行知技师学院', '重庆市行知技师学院', NULL, 2, 'cfa5c7c5d84cdf0c0c66b910f6b03d47', 80),
(81, '重庆航天职业技术学院', '重庆航天职业技术学院', NULL, 1, '5292dcf39de573a8f5129e1bbe101195', 81),
(158, 'o72NAt5PSioP5PPPZTCUF3OC9G2I', '玄曦', 'http://wx.qlogo.cn/mmopen/qoeLU7RsoOs6h9JNp6tvE600pdiaI80hB2ka9eTvlrTy0hYhI5Kd5ib4pdA1abf8nbRI3prcISD9GxanqRQ7nFrXcicibtYiavMQC/0', 1, '', 0),
(163, 'o72NAt8PMXqNKDivRuQS8YnngRc8', 'Lee邱蔚', 'http://wx.qlogo.cn/mmopen/ajNVdqHZLLCxZjdzvv2iclyRHS0rw9hhwNhXnfQakK6ZA0fVGBibII4BZx83Lq8nS3R4lHQQ5GfiblvULlC9m23LJLWhgW7ibSH9c7kEOMsT8NU/0', 1, '', 0),
(164, 'o72NAt4GhIQvd-G0IIHtLq9Bxk-A', '小波', 'http://wx.qlogo.cn/mmopen/IhU3HFSL9Hia9FYx7CibQBvPDPlTj6AgR6fR42bqxickibkC8wy4KtibpR5P6Xos29ZM2MfGxjVWf1icVWpErP4pBrpTsvCMVCfDjy/0', 1, '', 0),
(165, 'o72NAt5esDWEcvw00_RnsekeOBKY', '- 周政 ✔', 'http://wx.qlogo.cn/mmopen/8uI2QPoOQRTHtg6ZxlV8hoPxnCiayQa0Ij5gjIH3wHOIzTTKINb8vdpcHz2UYAz9YZyhvD8EBQlefF1D6CCtvibLFy4nlJQf6g/0', 1, '', 0),
(166, 'o72NAt6PFqqSAmJLhiz1tNEOVyMk', '邓秋灼', '', 1, '', 0),
(167, 'o72NAt4hemJP4cvqCwd0R0rBNMcA', '丹丹', '', 1, '', 0),
(168, 'o72NAtwMxqIwk5dn6u66gp6dUcBQ', '断点', 'http://wx.qlogo.cn/mmopen/IhU3HFSL9HiaMhE7O82Lt5fowqRkFNcsUZQlQmtf733xfEoHu5tQGdiahfSo5fC2m8IKyiaxwSbvnOCpflboa9fttTtyialicSKP8/0', 1, '', 0),
(169, 'o72NAt6wZrT5sSDdzJMeB5DWnTHA', '冷暖自知', 'http://wx.qlogo.cn/mmopen/qoeLU7RsoOs6h9JNp6tvE9Csxj4Soic1YWKL5bXJ973CySfNTf6MldV8S51TF0ibtGAC6JCz0Zcqc3BaLp84icnZt3Ss7TgNib6c/0', 1, '', 0),
(170, 'o72NAt3udl057kI83yq7HH4CZCCk', '静辰', 'http://wx.qlogo.cn/mmopen/qoeLU7RsoOtzMWJTLYskl45kib3EvibpVF2elD5wYQobhyLGIJWAsZsekOVfwn6PoTC94tiaRM2ym8iaLzBibV7N0NOdSWJibDQHPQ/0', 1, '', 0),
(171, 'o72NAt8_LXq_cWT0s9rpsWjH2wk8', 'out of nothing', 'http://wx.qlogo.cn/mmopen/8uI2QPoOQRQE0qk9SpmVgrQUqBwdcTScSduwjvlPZD5CibIIib0MndZcYiacpyeiaiceIn6rlMVcI4nlBTQWymw2iaQM6AX0V2QCsn/0', 1, '', 0),
(172, 'o72NAt1obxZOPQ43zsZlFqxYoY5Q', 'Gump.', 'http://wx.qlogo.cn/mmopen/IhU3HFSL9Hh8mYU9LvlV1riaTkOia8YldoBeLS6CWjv3GxTM41CYiciaJ1Mgnjuiap4X9G2kHFWceytjgLgCVJ3IfDebkRL9rTQTd/0', 1, '', 0),
(173, 'o72NAt0BK9fqVk8qPe2chV2aBsls', '奶油加大葱', 'http://wx.qlogo.cn/mmopen/8uI2QPoOQRRVZItbXcxmiaG5NntrYiaRwratcxUCybia3ibpavhroiboU6NhsosA3Y8JHbC0eFD6pr6dl7t8FaibFkdGGdd1sraFIv/0', 1, '', 0),
(174, 'o72NAt2O2uEqCp6BjQp_ahJh_xqM', '张父', 'http://wx.qlogo.cn/mmopen/qoeLU7RsoOvlgytWbS7RgK8yhM1KIdpRsNRqicuF7zmjFf9ibbuRRUfnsowfbeSnBmWKQaw7D6Z25tZ22iafibibkr6GHpJoLgsdj/0', 1, '', 0),
(175, 'o72NAt20VTTHhLBp5rNKlgoy4NDU', '林子', 'http://wx.qlogo.cn/mmopen/PiajxSqBRaEJbPhX0BuU2RP8NaGMksH8EKB16mhKxibwTlaN5YVpIm3Zcux9U5WNrVyEq0QiamwZDEWIltuGuA5Lg/0', 1, '', 0),
(176, 'o72NAtzd685wsY279q_Hp_XU5VGU', '简单', 'http://wx.qlogo.cn/mmopen/qoeLU7RsoOscBsYK1S364jG1vWLSBkecvchDHBrveyKDQsKsdAKeYk2xedC3guLMysxv8SEYicnRhicHzaNuOdbHQ94tPX9ia17/0', 1, '', 0),
(177, 'o72NAtyJlVRfhrABg1-OWDC6deMQ', '婷婷涂。', 'http://wx.qlogo.cn/mmopen/FMajU52WvbGb2Xk1wr5tTDDFSBrCu3ia5iaGh08BrQPQo6hlBcL3H1zsRZiaGDZicvBUjYAkIGltZVHibBBapKEuMv77MRBxlCFlV/0', 1, '', 0),
(178, 'o72NAty9jHb9sPkZ2fKIQBBQH4Os', '青椒椒椒椒~Wu', 'http://wx.qlogo.cn/mmopen/IhU3HFSL9HgNHDqYQmTCJPoL3D43CIrzBZLpzCDQLCU6SxcmKyQWAscWZibG9sP9jOkSoib8YAH9ofWsC1OqHnr28LgWz4OO6t/0', 1, '', 0),
(179, 'o72NAtzSPEU8HiUK0KYX2vobmeCw', 'mppresstest_00006', '', 1, '', 0),
(180, 'o72NAt92ZqOi1ocg8xzvmIuKiN5M', '516', '', 1, '', 0),
(181, 'o72NAt1NqeW4ZngZlRFhCgCT0sWM', '邱建文', '', 1, '', 0),
(182, 'o72NAt2gpKbL9KwndNUKVmr4IaWc', 'xys', 'http://wx.qlogo.cn/mmopen/ajNVdqHZLLDbyRZ7RSZ750KG9BxYYwQbunU3Ozk6Kv3saXwF8aB9TtQbiaVbJbzMmH0uDgdzzIG6FtGhUMbxricv6ujyo04g75WsKhwUrgrnU/0', 1, '', 0),
(183, 'o72NAtwc3WmKbY3ZJ9cWUMdf5mr0', '张珂', 'http://wx.qlogo.cn/mmopen/Q3auHgzwzM4icQhRbkFo3E9uq5t7icaHmkibuBJtPtKKPC39v53ic19FjA96vCLZiaLCW3biaTUXHXbZGibX7dTeicdUyT1RNvcxXBzJicZVXhtcdG3I/0', 1, '', 0),
(184, 'o72NAtzM1ZYdiJSdeIT-4gLEafrs', '陈鹏', 'http://wx.qlogo.cn/mmopen/qoeLU7RsoOs7b5JHLsJicS0rbPH1D6xtBrx7r0PDk21QmPibWgvicgT2vX2RV0529rX4ocUPlhWQgsoGibKt0XianokuSv74mJDaH/0', 1, '', 0),
(185, 'o72NAt34WzJwR5XevoRMhKViu5d4', '唯美＆蔷薇', 'http://wx.qlogo.cn/mmopen/IhU3HFSL9HiagGWQLLIZsyU9ib8DjWkX590zCPjU8HPMYrnwRzxP5ahibmZRoW4n328LQoWLxib5rmoaans3bC2OMFibmrhNz5cOz/0', 1, '', 0),
(186, 'o72NAt7X1rApqJV2n4ETzpj0FZNk', '🍂叶落知多少🌺', 'http://wx.qlogo.cn/mmopen/ajNVdqHZLLCSricicSStF4DYNmFVHibMlzWib5icicdcHp9xQ5lQHasNp127Uh0tiaficKf6yvZXASCNUIJTfMqf9BiaLgw/0', 1, '', 0),
(187, 'o72NAt2-hKuJlAwkOCg_aPPiS6ms', '博望侯', 'http://wx.qlogo.cn/mmopen/qoeLU7RsoOvbcpLCpKsqWJibLrIW9B8f0We1qPAyx7iat9TPM4SkZI4ugEN2yTTlViaVpJan3guqWMjppscSJ2nqZxEc00qnNBT/0', 1, '', 0),
(188, 'o72NAt4vBoll0Z_5nw9wCwVkM1jg', '心香一瓣', 'http://wx.qlogo.cn/mmopen/qoeLU7RsoOulOcZtM7T0UBcoDNqx65OibTXJknZGPc8f0J3icebUbR2Jw5brpd0125occZvqlSQD4H9icUbUYG9cJNHAq1qKeWP/0', 1, '', 0),
(189, 'o72NAtxu0X99zAPR0JTvoGKqCCKM', '.', 'http://wx.qlogo.cn/mmopen/qoeLU7RsoOs6h9JNp6tvE8HvpBwRPJlBrBNj6puiaoyGwibxZrH5OsJdZBhBrFVbFAc9DYlQiborDQOJA2hC3lUxicjuWiab3IQTB/0', 1, '', 0),
(190, 'o72NAt91yCDLcJOHO5b3ZkWiocss', '琪', 'http://wx.qlogo.cn/mmopen/q5Oz9CVNAOiafxp2uIQFibUWsnxXszhX1DuVJJ1sKcyfWgfSWqXtN4GtHE79VB8pURvgsIbBaB7IpuE0saZEVsBPPibdCNJ49oP/0', 1, '', 0),
(191, 'o72NAt2B1AGQpklCa_6PlMtZbGU4', 'Angel日本代购～', 'http://wx.qlogo.cn/mmopen/FMajU52WvbGKicfyu9X2M9Yk5rgEr6RJwKdAXj8icy4y3z2EwJwquKF5TIKtuNfS7GVM6MFqo3El5AnNwbIm0apw/0', 1, '', 0),
(192, 'o72NAt6nHPyFgNewc0jx9oWXz2Aw', '墨玉', 'http://wx.qlogo.cn/mmopen/FMajU52WvbEBdJzpSmHMPaQ18pRdf1kUkNgICPTVRnWSKiaI95BGficmib7okc7NribCVusgzKeJ4QvEibxPY05ZKggvibEPCP0Qibs/0', 1, '', 0),
(193, 'o72NAt8YsSwOs9q_BjTYaOFHKwVY', '⿻Ean ❀', 'http://wx.qlogo.cn/mmopen/ajNVdqHZLLCZwaIrmyrTyWu1DLdD0TcA1qcv6YIEXZQrLwWcwlV3hpDdjtyBTdkia7slRGl8SgtD9pfLvibeibhicw/0', 1, '', 0),
(194, 'o72NAt-6BgXbqR03xJBJsAy0D0Y4', 'MC背锅侠', 'http://wx.qlogo.cn/mmopen/qoeLU7RsoOs2e0LkWdA0a6VHMCObMtVPAMFZsL5wlzhLRg7Dd7Wbc9deyvcBTs1xibZlicy3XoGO7Jiaic123myolHSqibc2iclbtv/0', 1, '', 0),
(195, 'o72NAt5jx7NSX6MmtEF3ZzmpIOBI', '欢仔，请低调！', 'http://wx.qlogo.cn/mmopen/sXnB9tx7SZfj4Rib5DoeEOFMibmYsichzrpCXFe0PjjX0cNuHXAtDfnibELzm1ZB9x63cmjqVxCUJWAaNAtSUqsy3BZt0k5Xic6rp/0', 1, '', 0),
(196, 'o72NAt9p2DyB5jOWQZHgnt5m8w4w', '信息系杨老师', 'http://wx.qlogo.cn/mmopen/q5Oz9CVNAOiafxp2uIQFibUQuO4xFDIEUeoJCdStVeQpbvnB2DAdqib1ibnd6icICo97kHMDt9vo7xeHd81GF6Qwz7po87ZF2W79g/0', 1, '', 0),
(197, 'o72NAt-pDLZB8-IQ6h8-rMJTPDNY', '聪聪不爱吃大葱', 'http://wx.qlogo.cn/mmopen/IhU3HFSL9HgHIddibFWlJ7uMayVJhDia3kruq1SrRqDzHx5bb7Jiaaibk1qeXxHbtJEyH90W047aF1sV18JEib8QXcSEsx3A9xDKo/0', 1, '', 0),
(198, 'o72NAt2eLXR23troKalKO8cMdaEM', '李卓伦', 'http://wx.qlogo.cn/mmopen/qoeLU7RsoOs6h9JNp6tvEicawgvR891ickLmN6KXs3kDBfib3E7k2GJPJzxfE1yib3bzHQ0xLrTiakfWibgsx9ClXlldEgXJSJFHXA/0', 1, '', 0),
(199, 'o72NAtw1DqpWiDtvHF_QsyTqqVBg', '彼岸', 'http://wx.qlogo.cn/mmopen/qoeLU7RsoOuKrythBeicjFEHuYzecS86ry5uyREpbicFAFibJql80p72fwXzaycDErK6efvdM22H2fxrAxrBibvkcnVlqEb88dEW/0', 1, '', 0),
(200, 'o72NAt7CWyfqak83PD3uIzbyTXs4', '琪', 'http://wx.qlogo.cn/mmopen/jiaOE2jATp8cJ56oQ93Cicd0vpFzPAJzUexp1Q6ibvuROxNp31SOlyshj9sUdhfGPtlHv3M1brJkRCGrA0aY74svYdvb3ROrG9R/0', 1, '', 0),
(201, 'o72NAt3_YZ0OYo2ODN6kRinwmbVQ', '张卫涛', 'http://wx.qlogo.cn/mmopen/Q3auHgzwzM7WS5MknpZzkMBjrfnk2v0x39y5RT16cA2hlQf2GaKtMehFJQBuvx0dIbbnNULiaGUibbSQRric5JhmQ/0', 1, '', 0),
(202, 'o72NAtwXKxvPp5ApOp6eOktsOIaU', 'Lyyyy 🙅🏻', 'http://wx.qlogo.cn/mmopen/8uI2QPoOQRQE0qk9SpmVgqNpnuM70JYVIXrXPRCPB8QfvglmeCUwG3YoPwoicTujibOpaXt9qbYf3KFeUqQ63enqKe2OApNBJu/0', 1, '', 0),
(203, 'o72NAt8qTLPvOAOYsrlinOH330OQ', '曹梦媛', 'http://wx.qlogo.cn/mmopen/8uI2QPoOQRRqibGR9D2ayT4PxXIdKjYKhJE0bsZIKOAXsibAzoQicugybkr3zqBpB2qM65zbWUrZsiamxkkicQuusCjnIDtJaCufQ/0', 1, '', 0),
(204, 'o72NAtyZS-i6XRen2XnjjN7nVpBY', '李孜心', 'http://wx.qlogo.cn/mmopen/IhU3HFSL9Hia9FYx7CibQBvJqtJSjOEb1XmshIgU9Blxxv8WtRx0zCFErvibnI2hqibLJfTTVdPxGiaTr4StqKWb9WzO3TgBYqiaLG/0', 1, '', 0),
(205, 'o72NAt4oHWhDikPXEyuRRBmw0voo', '青空', 'http://wx.qlogo.cn/mmopen/IhU3HFSL9Hians8DRs9YHzUqrzib4wWTza9Ccb975UYacz2lrZPH8LrUsE8zBcPjJVwfNIibBGxzo6TNFwibtXQic34Lfj1wPV3xC/0', 1, '', 0),
(206, 'o72NAt1DiFZaim143JegpIQ_cdeQ', '  ', 'http://wx.qlogo.cn/mmopen/IhU3HFSL9Hia9FYx7CibQBvKICSPmEXiaBO9HnLhdtibJxuUcc1Nye8EwoXl6KnVyO4dpuDQBxWRfP2j2FkvicSMDfuNTy90RBCnV/0', 1, '', 0),
(207, 'o72NAtwHTQy4b-qcsBmfg9fVYZqA', '鸿鹄', '', 1, '', 0),
(208, 'o72NAt9Mk_xWh-bQcOA0V4n9ON4c', 'Benlarui', 'http://wx.qlogo.cn/mmopen/Q4Pf5e7tSZicDkGLQCgxnsvsK1qViabpFms9SP4tg2BaWsO7ykg6KhKo9prdxK9kL2TEYRf8amUWytvVImS3DX0qdiaZLWD9TKZ/0', 1, '', 0),
(209, 'o72NAt9MuqZWD7c5KkWVTDhuX-fE', '罗琪琪、', 'http://wx.qlogo.cn/mmopen/qoeLU7RsoOs7b5JHLsJicSz89ZF9javDujjK3sHKo8TBezVgclvSzuia1iacyZoAh0aWx620Q0PKbIsIDV7aWBFYmaHibSm0qcJu/0', 1, '', 0),
(210, 'o72NAt6YX1zf7p5wkKMkfw7xylo0', '阿伟', 'http://wx.qlogo.cn/mmopen/qoeLU7RsoOtdyKu0dZkLZldWKFIHNny2WaCicUfxpDNfhwqRb0BxU8HXv6K328iaJ1uDbK3pEF6UTJE1obZtn5OiahMccvj8XND/0', 1, '', 0),
(211, 'o72NAt_4eUpBPLHvgE617SkIwKfw', '落叶是疲倦的蝴蝶', 'http://wx.qlogo.cn/mmopen/8uI2QPoOQRS9cnD2znqLGoVcEnJjHJnMz3M3ugdkhYb4X3L5ibveTqoaT6M4mgbWOF8QJRRHX0ibg8iav5gF5VQfLyndkIsp1icl/0', 1, '', 0),
(212, 'o72NAtzLpG4yVAZIzxaECz-3m4lo', 'The Most Love', 'http://wx.qlogo.cn/mmopen/8uI2QPoOQRTic65MQrw4ibFrfibZy3S5TKibBs7BSBKXuMic9dKSiaYiamTMDJOLLt9a0ibbeh41icbia27L1EqnicOjvoKtvicRLNbsxGEo/0', 1, '', 0),
(213, 'o72NAtxXPDtqUBMhoZX2oCBOzqac', '。梦', 'http://wx.qlogo.cn/mmopen/qoeLU7RsoOsZSz5jcTbAqbqPNnkYVZuVtoIuSvmYkShuVTVVaBOO7DnzBx5SRNveicqpdrW0W6xRNahhMm69Sicx5fTVprmG8ic/0', 1, '', 0),
(214, 'o72NAt9Tdd4hvS-J0rCujslrIKBw', '甜瓜阳', 'http://wx.qlogo.cn/mmopen/IhU3HFSL9HiattQ5XVp1cfkGDNtDT4fAHjKNWoasps0TJvhkpXgc4z9R34cn898rU88smQRKywqwSawopic7N0pgWpH1sJASoW/0', 1, '', 0),
(215, 'o72NAtyteXVoFaUTsnjSU7CyiF9o', 'w、l', 'http://wx.qlogo.cn/mmopen/PiajxSqBRaEKVyuNPlCO8UIcsLGnb71FhDuSedEg5S7WpliaCMaqy4YbLYn5qFnoIVybicbog7OaxaoYcjqAE8Xyw/0', 1, '', 0),
(216, 'o72NAt6brLqh3Xr3dqzlvv9IgP30', 'Mr.Ideal😘礼享', 'http://wx.qlogo.cn/mmopen/8uI2QPoOQRQmYLqZ5lWpOCdhqN21dXDic1jkkJ2SOic1VgnD3gEkEibYN7aduLqYDBxzIln99OT8vuB43BATzLbswcq2h8kMXnD/0', 1, '', 0),
(217, 'o72NAty-AdJAS0vk1M-hA61TgKx4', '黎志伟', 'http://wx.qlogo.cn/mmopen/qoeLU7RsoOtSf60WMhLOunHzKrOX5roC8t2y92sjK1sxhLdrWghLXbPvoibAQOHdeicibI0LzramlP5TEa8ERwoZWyJWqibKaVzG/0', 1, '', 0),
(218, 'o72NAt9cqna9a2p5FUhEAQFdmx8k', '屈鸿运', 'http://wx.qlogo.cn/mmopen/8uI2QPoOQRSj2ibbvoUN6f1nUD9XSt9169JKCOF9Vwd5qruks9luFY4y69T3yfnhPFibPUsI6gZJGke3EwSKNMuDQyGXtiaYSv9/0', 1, '', 0),
(219, 'o72NAt4B_5P5eCPll9PkBS3Pm5uk', '郑国珠', 'http://wx.qlogo.cn/mmopen/8uI2QPoOQRTHtg6ZxlV8hvbSLBf6K2fm4l2ARR4wicuGcpI66taAxic1RBibq1oHWsAOQdiciaAExHuDic6OJxQh0FWn0ExB8Ahl10/0', 1, '', 0),
(220, 'o72NAt-KLlOTo2-3jMWxXP0cxt1g', '神奇的摩尔尼[称霸天下]', 'http://wx.qlogo.cn/mmopen/qoeLU7RsoOs7b5JHLsJicS2DeqsZ92k4QT8xp37XOJFFpaibmM5WEnJ9O3d7EFbxu7hQFQ3Nn6ItQ74Tj0LBiciatzWXQaqWe0eM/0', 1, '', 0),
(221, 'o72NAt6o3KPYHAWEViQtl5zk1-FE', '原航', 'http://wx.qlogo.cn/mmopen/qoeLU7RsoOs7b5JHLsJicS14vYMkpxN6e5C4aW9F3Jp3ZN6cEMAT0ib53pX8hVZz38BryEKicud3thdUATricOy8DvZ6hzpkANX0/0', 1, '', 0),
(222, 'o72NAt8n8ZcXz2CjfrIT2WMNQfhs', '让我看看你的脸', 'http://wx.qlogo.cn/mmopen/8uI2QPoOQRSiaicfmRzss8iciaUp8lplggUyTZz3hbpb7iaUoUNQ6CgcoCNABsqP98yV6Tdd4PVKCoibibgGKztWqZfLA/0', 1, '', 0),
(223, 'o72NAt-PkyMOOpxbu2avN8khGp1M', 'Roychen毅', 'http://wx.qlogo.cn/mmopen/LQhrHEyklkIt83IF7hpdqD3Z3cKvFOzdyVfBd7icKiaIlSd8k4IBA21ZkVZMmylyI7ymfRVrfytenI3k6FEXpstGnYEbLPD4OW/0', 1, '', 0),
(224, 'o72NAtz2CqTvTwnd9EDh93E1xUr4', 'Miss Q', 'http://wx.qlogo.cn/mmopen/IhU3HFSL9HgJahL62Q1cYvWfu299AHlqtm7jgrmAAoouRhqYJmfu5NSn2D6hohwyXudztW5elNO9UAsq8bZCGuicV6MPVzs9a/0', 1, '', 0),
(225, 'o72NAtzswTMFtGpWhX_fsOffrHJA', '      徐颖', 'http://wx.qlogo.cn/mmopen/8uI2QPoOQRSLDQP2nBapYjExvdMYr3TkCVmvSZ16ZhrgNPHFPxRhXS5UAdQcGkaOcZ3LXp1gdd8RpMuicQKQjVNUO5Mtm2htZ/0', 1, '', 0),
(226, 'o72NAt5IJO1o0ZtVdmkN7A1k1hoc', '弹指一挥间', 'http://wx.qlogo.cn/mmopen/FMajU52WvbF8DHOiccwy9VwMwdCju9s27k0deAibHfrrlTDlwjFqibDT8CkDEdn7vibnYmmeCozcaZb6QsJ1k0hYwJplHZVUn11M/0', 1, '', 0),
(227, 'o72NAt7U_6pmazIVtpiTu3FtyM10', '辜辜想做个安静的女汉子', 'http://wx.qlogo.cn/mmopen/IhU3HFSL9HiaoYmbVo6VcBQibxPIThmLZH9BVanaKzLXsklz4hYnt1PEarys7e9bjuxg4x7yico2IgCROw0qnZGxNJPA2A988Kia/0', 1, '', 0),
(228, 'o72NAtzyjSz2gzWr2n9ZEIUtIEkA', 'SH', 'http://wx.qlogo.cn/mmopen/qoeLU7RsoOsOgUKFtsDfjAle0qMPXe9yvBnzmyHianBHkvGMoHjUMTOBVRnHX4hFDUeJxXQ1AtAoaczoFCic184wJqgSqwmJoz/0', 1, '', 0),
(229, 'o72NAt1_QmNO8tOfhXUiGZ8eLINM', 'Dsisy', 'http://wx.qlogo.cn/mmopen/qoeLU7RsoOtGpo8Aw4d5cqTWZtAO7LfYpHJv3Mic1HgsAaVzxzz1pMr7zvSwBRctuQoQFMoP4zeV3DOYghTSmEib4ECxbZ8iawY/0', 1, '', 0),
(230, 'o72NAt2kJuMIx5KS-iLt121UVtDY', '洪靖芝', 'http://wx.qlogo.cn/mmopen/qoeLU7RsoOsMtMtfcNH8YHOIPoflwxibRXMI98YWGFkgkvKFzSUVKlTyIf2vqbsWp0vWN8EjZUIPpm5Akibia6zUia0kloJz1uVp/0', 1, '', 0),
(231, 'o72NAt2Uj_4LieCZYNuN_bGqhY8s', '', 'http://wx.qlogo.cn/mmopen/rnH3Lqu2s9ZyD6icPDXRtiaUEwZm35ZJ43frnXmDHjAEyu629jZ7jDKFGn6HtwyQlhZ1Rg0XvibVVNFlpUcgBicw8uicZeSdRbChF/0', 1, '', 0),
(232, 'o72NAt20kjNAco3K4pDAE_j0dq30', 'Lyx', 'http://wx.qlogo.cn/mmopen/qoeLU7RsoOs7b5JHLsJicS87hhVCibIX6h86AStQD11cVWXMGE4XszbrUmau4MyPFGicb7ib8e5O02fbg0cUMPos1iaf7NvkWhc9L/0', 1, '', 0),
(233, 'o72NAt0rR_9nESZ6jCmLM2K49e8Y', '小蜗的领带', 'http://wx.qlogo.cn/mmopen/FMajU52WvbF8DHOiccwy9V2cmlFM18iaXFLBysLUQMqx1Pt2xhrvPjj99U5t4UkibxsJmXCYGrddOj4Ka0XVq8iaX03RyeLx5Jzr/0', 1, '', 0),
(234, 'o72NAtzIQ0DAOlbxAQOQwH7E-m1U', '漫步', 'http://wx.qlogo.cn/mmopen/IhU3HFSL9Hia9FYx7CibQBvINNc9KDuf0WbpBmpCibtiadjJD1icrZRbIAm93030UC5w1siaoItfqO9rHyk6icialyuKtx3e5mdnRWwy/0', 1, '', 0),
(235, 'o72NAt8NfynMXLk74jngYWmot6rI', '豆芽、没营养', '', 1, '', 0),
(236, 'o72NAt_SWBGfI4pBxYhrqt5e70Vw', 'Maggie CHEn ', 'http://wx.qlogo.cn/mmopen/Q3auHgzwzM5COxiaLbtmL89UsYY0DOLAPC7S8U7FXGrwaE9aYFVxY9ZHYNP9MaGzNJgyiaTiaXW8uZkkAYWyubhNBOf644UiaNrOzCQicn5sk6As/0', 1, '', 0),
(237, 'o72NAtxPBXcDQ7eMr75q5EIGbOUw', '邵园', 'http://wx.qlogo.cn/mmopen/qoeLU7RsoOs6h9JNp6tvE60IUcmdnCeDaxHQAA7hc4msiacu5SOVaOHNEa1Ea0NbV4E3RmHvnOPQ13hxS9Kx9SAWqVxHEMLeN/0', 1, '', 0),
(238, 'o72NAtyno8LZRHjrz530BerYcKEE', '陈维光', 'http://wx.qlogo.cn/mmopen/8uI2QPoOQRQE0qk9SpmVgjt3ibG4H96kaLWrbgNMUA6ElAO4hIQZFUlWkdqbGiay8mIvnbksMuzu2xmwiaVyHPFicQRB2gxPJmfW/0', 1, '', 0),
(239, 'o72NAt6-p_WZl-zVnuJfzEkDccFw', '大涵加油💥', 'http://wx.qlogo.cn/mmopen/IhU3HFSL9HhpPfozc0ibk8JbC4e11SgQrYIEuOwreic31Mrt1Lvzlno9sRsxiasy2DTGyl4EJXQqjcbfENNlFp3dyhFpVd54hsj/0', 1, '', 0),
(240, 'o72NAt5kSssatRJWPu30Wq13BU1U', '安小白', 'http://wx.qlogo.cn/mmopen/8uI2QPoOQRQE0qk9SpmVgpuOiakaHJx1trfJMI8tX00a9ych0ZIeBO1SQzqicpaalVOrMHepJADIWvZTJeApKiaBiapJXHug23nz/0', 1, '', 0),
(241, 'o72NAt-_-epX6jqWvjhSdAnpaE-I', 'Hi米', 'http://wx.qlogo.cn/mmopen/IhU3HFSL9Hia9FYx7CibQBvITmeib1rHLUs0h8xRozJAucFs4me41zCTnysp4OIPzG7PjJwBKOmafOOET5vR9osavIjDjb7GXzD/0', 1, '', 0),
(242, 'o72NAt94W3oKCLJcYY_fz4AHCKn8', '╭仞绶ωǒ蔔會落↓淚', 'http://wx.qlogo.cn/mmopen/FMajU52WvbF8DHOiccwy9VicmicLHcK272CicwWXrZOsNgqeH7lb0P1chGoiaIpT1ICeFsKhy0g5bjuyQaweKyw2MDzQ3SDWL0oicu/0', 1, '', 0),
(243, 'o72NAtySCNYqlCm0Yoe9ctLORVk0', '我的花果山', 'http://wx.qlogo.cn/mmopen/8uI2QPoOQRRh9gFNvqMwWicxxll2SGLTfia5QfCyZkEjA4YKSibZdEkTpj6JRwMcJYFwXP0pR2ro4PhjeGXe1b78mJk2Sib5y6dj/0', 1, '', 0),
(244, 'o72NAt6GJoWMHU0oE7Qgio_oOIUI', '迷茫的未来', 'http://wx.qlogo.cn/mmopen/8uI2QPoOQRQE0qk9SpmVggdXqnG2sG252aQKcQmRKHL5CvCtL5rMiaCgzL64h6MK72lW5xSWBhG4Cb3P5WXszeGnyG5z2ruQN/0', 1, '', 0),
(245, 'o72NAt4vloF_3gPH4l1uykyEuOS4', '左雅倩', 'http://wx.qlogo.cn/mmopen/Q3auHgzwzM6cwacbxvoNLhZ3ujXHEZWict5iahLSibYaxNpfibTNOPA5vQBuC9nyKr9Ermkh2cMqE3YBPTKhuLec4UN723NTa9ynB8qzOIuY9u0/0', 1, '', 0),
(246, 'o72NAt4TZdldYM3TDGhw7CWviY-Q', '刘佳倪', 'http://wx.qlogo.cn/mmopen/qoeLU7RsoOs6h9JNp6tvEwVoJPwibib26aHrdlGIFNy4aicFJOyDdWfJNcC6rRr7qt7UZ8O2ic7xUTpTnktBPeCcfeC4gqZibbs2B/0', 1, '', 0),
(247, 'o72NAtylapl2tzFzdMWGvraHkwuU', '太子爷', 'http://wx.qlogo.cn/mmopen/8uI2QPoOQRTHtg6ZxlV8hj6yyCUOMUTh1VRqa0heXn0WE8W2PbfeCJ91C63NI3SMUFibUVlMvJp2ra6Puvlnts3MiasUgKiaW5X/0', 1, '', 0),
(248, 'o72NAt8VzHPtf-VQFRL7msit7qNs', '重庆李小龙', 'http://wx.qlogo.cn/mmopen/qoeLU7RsoOs6h9JNp6tvE52Jmh0A9se9p1IC98icibvq80IPMyjmtwFLMfiar8wMKIEIr2jGiau9kF7XrdD8pDrZyYN0ibDqYeQ6X/0', 1, '', 0),
(249, 'o72NAtzN7ndK0U3CEu_o0r37pbko', '花阿花央央', 'http://wx.qlogo.cn/mmopen/LZV6czoTzHImUbZiaoZuv1jticZFgAbCDmibv8Xic0ZDAKv8Jpec7kibibAbZ1Ns2sxc1XicxN5jXiarIOTEXCgFZu4AnxIILQQgAGAB/0', 1, '', 0),
(250, 'o72NAt4IpqTyTaWu-1eNa6OdX7m8', '李木木', 'http://wx.qlogo.cn/mmopen/8uI2QPoOQRQE0qk9SpmVgmCzjhZrTN5rVuC7ZLDYvS3OhXW5CSNOPxhxwUQ5RXo2dxDvRd6hadbsBia5iadcLSTOibRWibia75eKl/0', 1, '', 0),
(251, 'o72NAt4xky9X-0KjCXVzzC5zzPsg', '用眼不用嘴', 'http://wx.qlogo.cn/mmopen/q5Oz9CVNAOiafxp2uIQFibUaET37FicT2Y5OXLJVLep36qWicGCP6PDE1oAibTdkQlH7xsJicNulR7UftqaXOLDLibxXK5p2v5GasWh/0', 1, '', 0),
(252, 'o72NAt6RQFCkRuEZteo5PqY6zuYQ', '九泽绿啊绿啊绿', 'http://wx.qlogo.cn/mmopen/8uI2QPoOQRTIEjJIjnAdPM6kBEiaXfhxfPvX8TGVXky5gbicwetSKPcfOYYnMaGubVeOjKrVgSZXpOE5p3SGCq5iaeVXLRJNWmY/0', 1, '', 0),
(253, 'o72NAt0Y-h0GoqT36d0y_o_gb_jI', '岁月不饶人。', 'http://wx.qlogo.cn/mmopen/qoeLU7RsoOs6h9JNp6tvE5fBQVRnIRW9gLRdsaKHY3p12YhicZxbicfiajkicFYQUtXdicBfhiaFOwxpDAO6SnPLaNqZJA534bJnb7/0', 1, '', 0),
(254, 'o72NAt-Ije84YiUVcyDi4WdwwgNI', 'Demon', 'http://wx.qlogo.cn/mmopen/FMajU52WvbF8DHOiccwy9VxBHTPPf1kOcknAbLgQVcH5RA9YBfdWG5vzP10KlRAPVvPibJkYr8icVICDMJZmQLkRlpC7SXJLdKl/0', 1, '', 0),
(255, 'o72NAt6Pi2ycV9pRKSR6xzm2LyVQ', 'Steven', 'http://wx.qlogo.cn/mmopen/qoeLU7RsoOvMEED43xFhwNpicje2ClQXLg12TC8yrNibxuJLDVzpMqXhB29WjLM53ljmqHCPArQ3yV2xUubpiaqo00icDNSJz5WB/0', 1, '', 0),
(256, 'o72NAtx5tzZ71ql-aLIq4wlrfpk0', 'Richardo.博', 'http://wx.qlogo.cn/mmopen/FMajU52WvbF8DHOiccwy9Vz0IauCl5DnpoxWb5JKWUz3jUFQrXFrQnexoopEOHq2fk8pQhqL4f5s03nhEzX5tBZULGKhRJgF0/0', 1, '', 0),
(257, 'o72NAt6-oWmZxBaL-uSJEp8GEp1U', 'harshit bhutani', 'http://wx.qlogo.cn/mmopen/ajNVdqHZLLDKULuA0VWgZcxk8TesVjCVUibDUtNiafN7BURA3P3RgLJSjXcP2JJPV5lnJZHLTYIravSjgJk40DsX8EObFTz2vcicx5pvwSamf4/0', 1, '', 0),
(258, 'o72NAt6juSuXeEDLAheRlINSLDuI', '忠楠王', 'http://wx.qlogo.cn/mmopen/qoeLU7RsoOvh3AqCxJMdghZ5dbKMchvqwmBia0dzDWbvEnzoOKUoP7zKTgAYhnqaCxaO5EOVX7oQEapiavibXUhP9gsKRoE030f/0', 1, '', 0),
(259, 'o72NAt1bfpEUJwEByjhV41HGSk0k', '记得', 'http://wx.qlogo.cn/mmopen/IhU3HFSL9Hia9FYx7CibQBvDzENPPNefvtX0FOiaNqYDb650uF9FCgwacek3QBs3ibxWtnh4vuHAeuumBnz5nNhjHOtiad7LmiabkJ/0', 1, '', 0),
(260, 'o72NAt-Bsuz8c2wv693_LHyRbdGE', 'mandy', 'http://wx.qlogo.cn/mmopen/8uI2QPoOQRSA8LBasAG2JJVVg36CkZibj8sbhribfCQ0UGAPdtW3ku5sxEe5cb3NJwDxX07rLYqexD5M6UpjyRicibQT7SH3xGSE/0', 1, '', 0),
(261, 'o72NAt5SUWzRfOvWgskCGDdSk4-k', '潜龙腾渊', 'http://wx.qlogo.cn/mmopen/FMajU52WvbF8DHOiccwy9V7eQhZLAuR96d1mgicWXpIiaw3AzpNBPoxBmVf8tfxdTZObasIHtHFvnEoicYGJoMlahhvRIYicibrd3Q/0', 1, '', 0),
(262, 'o72NAt_nbvKukfLb9NdflxQw-KIk', 'TIME', 'http://wx.qlogo.cn/mmopen/IhU3HFSL9Hh4rsaXIibscv1cjCxaSu5kNHcFSOIcBbliawU7pg2v7LjpKwwzgPANrWWGMYicwEfIP8xqZictX2oF3BPCSkRic2VJ9/0', 1, '', 0),
(263, 'o72NAtxehcE_OEMeS_RoV5xBfIX4', ' 璐。', 'http://wx.qlogo.cn/mmopen/qoeLU7RsoOs6h9JNp6tvE0Q3fraJmP2XE0ekJ2pTp6L3PY9lBFjmfJygFojWaqCo7Giaf2ug0R27bXKJmleefh6ic4vIeh72oQ/0', 1, '', 0),
(264, 'o72NAt4-MVNAyNDIHR987NvqUFXM', '朝圣者X', 'http://wx.qlogo.cn/mmopen/qoeLU7RsoOs7b5JHLsJicS1uz3axwKzVqjoaSc9681CibWG3AfjQeNsQO5F4rE9qKibwyUlMyBpQWuClZpwVT9T7K3jozQtvB7T/0', 1, '', 0),
(265, 'o72NAt_xhzSC91W5w_ir4kWdJb2g', '文清', 'http://wx.qlogo.cn/mmopen/qoeLU7RsoOs7b5JHLsJicS1euxfhK9J4OEzfVDKbgzMpnpVZfsicXnSujOUXbdiaXDPIGZHe825Ogf7zB7eBCXEeyibPwCTwXxCc/0', 1, '', 0),
(266, 'o72NAt830-8eattWoAU0e2scl8mM', ' Matthew_xtc', 'http://wx.qlogo.cn/mmopen/SotSLgnwbjJKiaQZoicZDicia3fu2SMropBIicvIfKNzpMlA0RXiaqah7ls0EgzpRNzmiaEURvJIZwG7cHvHiciaEj9juNIGK5My1s37o/0', 1, '', 0),
(267, 'o72NAtwLuf0A_9PShOIHlg9d3mTI', '齐继东', 'http://wx.qlogo.cn/mmopen/q5Oz9CVNAOiafxp2uIQFibUZ4Jgws964loa9WHe9FYodpPxxx9LSF5uttm6EccauQO5l1A9KDe87LPLwcJsK1dJW4NhpAXkD0W/0', 1, '', 0),
(268, 'o72NAtwXWlqbeWi_7RSemosFaRB4', '申莹华', 'http://wx.qlogo.cn/mmopen/doZzLyZ0IgRlrWAic0ib9Lxjdh80GcxflUaxMD60auCspAPzLd7peK5xPxCjwHRobOPqt9wY2JoZdyrkHwwuedPLP1G8lF9nV2/0', 1, '', 0),
(269, 'o72NAt_QOKjartr_ybnj9khWEv_0', '肖侨伟', 'http://wx.qlogo.cn/mmopen/ajNVdqHZLLDjWHxaBrCVnCs4Eh40fibdbsxCiay3KHfcftZ3lf9qnomZVwSYTVLDXibr4u5jOhQ8pSKdMBZpHbXvPvs0rofiae896MibJwIxshcY/0', 1, '', 0),
(270, 'o72NAt2jh36FMAmx1-WWQO8XKQRE', '陈皮+绿茶', 'http://wx.qlogo.cn/mmopen/Q3auHgzwzM60mfaycPEJfllQ0bE06n3R9mNrwRYpIibyR9fjc0BJ0D8HF9udgQDGTMBJL6P0DxeIHA4iaxuV6w9AQYt0ALYgxVBWf8icRwAOOY/0', 1, '', 0),
(271, 'o72NAt8TlvdA7VLrJxq059E6CAvo', '我是腐烂了花期的凶手 🌺', 'http://wx.qlogo.cn/mmopen/FMajU52WvbHQl6WDqt8KoPOGpMLOuuXXrCjGhOiaicsUPeI44UQEXPjIyjog9xaskzHwcg9E8sgOE2hFia3icCbDHbL02eVsQTMM/0', 1, '', 0),
(272, 'o72NAtySgAGBkZb9h0CfMp7pE6kU', '浅璐', 'http://wx.qlogo.cn/mmopen/1uvy8Rxhtw7ib2fm3uwGcroNKfZHezj03cSoJIKaTkmWbtWJTMl55Xibf9cZicmw68wvPnKjxtgbEAOCTd6YiceRiadZkdaXnskck/0', 1, '', 0),
(273, 'o72NAt0HAO4K_SSb_X6AWQD6owBs', 'don''t  quit', 'http://wx.qlogo.cn/mmopen/8uI2QPoOQRT9B6UibH2CfBoMkEEM9vY2ia75ySOf81qIsuwE7KrOiaO8MQbMpiaY8BGyfShko8QARfZNMLjYzkQvy2oBroUQfblz/0', 1, '', 0),
(274, 'o72NAt0DW1E62fiMRCLvuhj_hFpk', '汤姆先森', 'http://wx.qlogo.cn/mmopen/IhU3HFSL9HiaH5GEZxFaUtgicxJyABnrXPCV326b06du6lOPgLYCw2JJ0VMUb4hV0YiaAg82YQhLH1vEKmia6oCZyPmgkEqjhliaY/0', 1, '', 0),
(275, 'o72NAt6GNvJPVEFeqYDNPjkACMGs', '塵埃落定', '', 1, '', 0),
(276, 'o72NAty-rDShRsg-_M7lQxxPtidc', '过客', 'http://wx.qlogo.cn/mmopen/IhU3HFSL9HhB6yRib821xe3xib7JcdHalKTvicN1DDVwwBmZRKg50E6OAVMfqHefGTCS488Wg0myYicRNxNH2S5HibZLSAMZaATk2/0', 1, '', 0),
(277, 'o72NAtw4T9ciw27G4AHa1e798s-0', '王冕', 'http://wx.qlogo.cn/mmopen/8uI2QPoOQRRSJBzJ2Gt3wzGtyCFb59lUh138Kc89ho0T2MOibI2NlAVj0GwIT0OpKKbf861YhRFbT4MTUhJFtW0ibUbtfqx8j3/0', 1, '', 0),
(278, 'o72NAt54YWK2ogXolqAivaVutXzg', 'Eagled Whu', 'http://wx.qlogo.cn/mmopen/PiajxSqBRaELXT7QsJxzUJDn1yNBDBo4QeNxgQyxmGxhKqiaUxu35uTCFa4WFtGO9veJFSpebovqrZ6aubibxr1ew/0', 1, '', 0),
(279, 'o72NAt18V1-wsE-LBr2EGtsGWV6Q', '小粗腿', 'http://wx.qlogo.cn/mmopen/qoeLU7RsoOvXMQYM4OztKIwDSeGzXTzbSZuhOSOgMlyMiawU9Tgw4JSvbiacngZS5D30yRFfOLiaTw1hic9O1OxOyzvPUtDufJ1A/0', 1, '', 0),
(280, 'o72NAt1xY3zcDVbQaMoquGfx-0UY', '刘子昂', 'http://wx.qlogo.cn/mmopen/IhU3HFSL9HgnkacibNSoGS1MIzNX6pLxxXjOHhicUaWH3LWSPqcwicbc5ALUUdFVLJHGQQlEfodiblrvGWLp0Tfaqibo5RhaXAVam/0', 1, '', 0),
(281, 'o72NAt5bjT8atLAJCBkWabuCw0zI', 'ZHAOYingYing', 'http://wx.qlogo.cn/mmopen/IhU3HFSL9HgHIddibFWlJ7pMRIUwY4YFvAb0lspbCwAqyibWD9puibktTvxckNYMCibHwapdUSCY8OLww236rQM1d6R0lM0oWoPE/0', 1, '', 0),
(282, 'o72NAt2aqJdfHQa8kru-2UyuX-9Y', '向攀轩', 'http://wx.qlogo.cn/mmopen/qoeLU7RsoOs6h9JNp6tvE6FNyvfySd029PpN9ufzfGdUsdvv6SibbBG20nXcrqDbneQYGV10jb6cCcv4heajCPRk3rVtxFMot/0', 1, '', 0),
(283, 'o72NAt4DhHdbJsyevOik6JcCBY-g', '诺诺、不语', 'http://wx.qlogo.cn/mmopen/Q3auHgzwzM6cwacbxvoNLhZ3ujXHEZWiclFqNDa5lyea8VU1cveaq0kjC8pyYS4v72FjNdX0HDXm0zvJaxkMrnM7arkSA7SNLYYALp9NTADE/0', 1, '', 0),
(284, 'o72NAt1iFOM-HUW36SbezbydrZhs', '一分钟变成2分钟用', 'http://wx.qlogo.cn/mmopen/qoeLU7RsoOs7b5JHLsJicSyG5YQxF5ibKDVRc2LesRiamHk1h0EwDAvhYSSSvPsUYkmAib0GJdUHqM7Cfaicjnsd736T7HGWrEGMU/0', 1, '', 0),
(285, 'o72NAty2RFTxaf8WfqucyWEPr2dE', 'DDDD', 'http://wx.qlogo.cn/mmopen/IhU3HFSL9Hia9FYx7CibQBvNb039icc8JK8hVc5jMbg4tQhtrfwiacaeSn3ABjZVOOFp62Ik3QehorGL6GWlteD8WH0JTlWBG2via/0', 1, '', 0),
(286, 'o72NAt3IQ85EViGGuliBq--XiOGg', '闪闪的红星', 'http://wx.qlogo.cn/mmopen/8uI2QPoOQRQE0qk9SpmVgm4jE3VibSUS52Sp6JbnzGxZaCqumRcYM5fE6XneIAexcStLmuaT4qt6YEddtQ0X5BswM4rCxV7kS/0', 1, '', 0),
(287, 'o72NAtw-LEBylmH61jw3mhZ4VOdA', '杨大仙。', 'http://wx.qlogo.cn/mmopen/8uI2QPoOQRQUPyW2hHNdOAELzHsPT3klQ2iaH7HQBJZdt0uzBJ6GZiawjJ3whrVk1JIYyeLkxnb6oY7xL3UfqMMEWJdrTicNfvK/0', 1, '', 0),
(288, 'o72NAtwtb5brEpwFuMWmkrUM2Mik', '周山山儿', 'http://wx.qlogo.cn/mmopen/IhU3HFSL9Hia9FYx7CibQBvIw3XKxIofdRDzByW5qpJvjQd43icjlVfNqraKawyibG99j2ywdtDn6Xc96v5Oickoic0jIP4HJDTtcI/0', 1, '', 0),
(289, 'o72NAtxtRtRlkAziqV2iG6MPTzA8', '秦焱浰', 'http://wx.qlogo.cn/mmopen/Q3auHgzwzM4sPhZFIGhPlAF2ibgtibjefC9EfRZQPGA5dfqibrb0pQzv9lz39KenPQGsZc8cNwafZ4VibLd8ZHRU5Q/0', 1, '', 0),
(290, 'o72NAtx7k4ptLhW2vYAZj4YJCmGI', '徐艳', 'http://wx.qlogo.cn/mmopen/PiajxSqBRaEKKgcL4JQG3jHX2810vJJZ0GAXCreOM95VM03NibRwFicBKLBXkVQ8jt1OjwZgarcI3VBWQanCLatIg/0', 1, '', 0),
(291, 'o72NAt8ITsdojJItKtacYLyGhvV4', '徐艺珊', 'http://wx.qlogo.cn/mmopen/Q3auHgzwzM6PsSbxL5Q7Q991CP7BQojSMg6sJkEkblmY5bWXqBHNRiaR1BItU1AnpwOgfaxcuRKdFn8mhoH035IU8FkiaGauq8B27JLIoL20Y/0', 1, '', 0),
(292, 'o72NAt8xnC75lu74YkZFhsbrdHDE', '钟明静Daisty.', 'http://wx.qlogo.cn/mmopen/IhU3HFSL9HgZrwymfpOibOkVBPyKT8q3T3H13lxj2LrjkVa6zfaujyn4faG9BJGlYAwsYWArlR5XTKPlkEkW4MCc3ackmHvlQ/0', 1, '', 0),
(293, 'o72NAt6IjvwZW7x6MfmviUJdqnw0', 'Mickey', 'http://wx.qlogo.cn/mmopen/qoeLU7RsoOsrP9ExuQEgfG2ubuibUwlxmealDsEH3iaJWvbzSExoe5cHte2EKCndqicxcr0yzAy4to7hFddibPbejjicbDibZeibDTr/0', 1, '', 0),
(294, 'o72NAt1Em-t-nd4DDkwclMPr-RmQ', '意琳', 'http://wx.qlogo.cn/mmopen/FMajU52WvbHYEyTMBvDvdtgebUVh7Yt9s4ClznMtQgzkbWEgR8TluY0UsUD1kXtRwE9dM6zcdficgOLF5VPTDubUdSkSbvdicTseAGnWUbQHY/0', 1, '', 0),
(295, 'o72NAt7vZUTzfmPAqBC4rQTfIVtQ', '零落', 'http://wx.qlogo.cn/mmopen/qoeLU7RsoOs6h9JNp6tvE22zr33AdSCF1jjXV3iaiavy6ZyMb2CDX4IGt5JURsVyoeOBMgt7WnqnYfumqHcJfYv2dXllmlbC1M/0', 1, '', 0),
(296, 'o72NAt7c1LlhyIz228zEgPlu_2_c', '古风', '', 1, '', 0),
(297, 'o72NAt1oYhlZCs5lJlvXBD5Rmdec', '定数', 'http://wx.qlogo.cn/mmopen/Q3auHgzwzM7yFtRqiaz4OGxfB3E50HOJlo78EtXwVNEY5sgE7volNnqqgx5YftH9ceoGwWp8SMwudozxb9zKX5jgzmYfewUQrakhaqJHaxT8/0', 1, '', 0),
(298, 'o72NAtz7EvW7MbeOJ67B2wtyBaI4', '啷个弄个内个', 'http://wx.qlogo.cn/mmopen/Q3auHgzwzM6Iox1CH83FsiaHPQrQWXzyowD1JPZMTwlo5I7GnILUIG7F9cxwGQibNTIyYuibkQbo4l0Bpk6FHcCpnfmichohJ1rv3nukT3W7bC0/0', 1, '', 0),
(299, 'o72NAt2B9ItO1DinOIZBG2Q65d3Y', 'Rachel💕', 'http://wx.qlogo.cn/mmopen/qoeLU7RsoOs6h9JNp6tvE2CnHzOXORX0YC9xK81w8HDFaNhbokibCliac9UWJG1cR3eEz5hBHW6fc1qrrfcQ7B3R8kRGht5qibQ/0', 1, '', 0),
(300, 'o72NAt6ltcazB_NjXdcOuBQ0u9Eo', '秦小小', 'http://wx.qlogo.cn/mmopen/8uI2QPoOQRSsKfzKR31S9m6N5depwVhMhfqCPq9t506iaZWWNusXibrvvdHbAZrz6rAENdREwAxP7T2UOXaMiadFCUTXHJbTP04/0', 1, '', 0),
(301, 'o72NAtxjjST_rnSOqLk6qtpflCP4', 'Miss', 'http://wx.qlogo.cn/mmopen/qoeLU7RsoOs7b5JHLsJicS9dWq3PeLXzpun0YV0df4ngCqCaBhV7P89aRtoMjkficu4wIN6ia7Opg6lhYZzgaYGYVdgIBH3ReJq/0', 1, '', 0),
(302, 'o72NAt7a5hv4Mdc7y0qlvvMPdkBU', '琉璃。。。', 'http://wx.qlogo.cn/mmopen/IhU3HFSL9HhuNnicN6PNDAAngMiaHQEF4EuOsWCK7ZBibPO5SejekILp9iaicM1egQXHwsT8EAydvXAngoT19fhoQRa2Mmp8VMOmI/0', 1, '', 0),
(303, 'o72NAtw1MnF9tAIaj0s4XD-XM4os', 'Bryant system 💪', 'http://wx.qlogo.cn/mmopen/ajNVdqHZLLAdDxRawKEQw3ta8Lg0fOxpmwZKSWlQgV2DY4ialEaMu8DodBMJ3J2ezMfuKmc66heMGLTxGNiaYPcg/0', 1, '', 0),
(304, 'o72NAt_1g7PkvYoHD2MLEaM9Qy94', '华子', 'http://wx.qlogo.cn/mmopen/q5Oz9CVNAOiafxp2uIQFibUTlC6icIDFiaS6aicQM5PW2qkmeLhoaUcPqM0OE0P5bASfNITv1aebv4mcA9kEgkSfpTWSxpz730Ymq/0', 1, '', 0),
(305, 'o72NAt3syaFQB9Haplu7XyNfYRsQ', 'Boom Shakalaka', 'http://wx.qlogo.cn/mmopen/IhU3HFSL9HhwPELDUaqJrshVJTHWzoTic8x2Fk2GXwsQxrWmBelnFXx1iccvqG7MVwiaQq2EwKFHZ6PAbrFzHpf2sCN1R4fl6rL/0', 1, '', 0),
(306, 'o72NAt17hPMcqj0E-IjNX6FmVhUE', '王翅蓝', 'http://wx.qlogo.cn/mmopen/Q3auHgzwzM7Ed78MjNdX1icsYicLAAMichic0MibvV6K5ibaD7GJbPGa3L0iawvUyFxkPuYicPWokgVAQTzmGhH097lwIXaVlXmFgic5vRU6mgljkzCM/0', 1, '', 0),
(307, 'o72NAt5-4hXyHLGtVxq_nMeriEsM', 'Go hard or Go home', 'http://wx.qlogo.cn/mmopen/IhU3HFSL9HiaQEga9nfaJlq9mHv1MzyGElDBM8dmgCicH1DVFeqfRYo2OJnwbpxlAREdV216iaAaicia7uyHwCHfWsibVrDVsB9oqT/0', 1, '', 0),
(308, 'o72NAt5UMd7JnjUvEDHoX1UxCePU', 'Out-man', 'http://wx.qlogo.cn/mmopen/8uI2QPoOQRRYmiapHe9jzQcbTcEhHh6icrGAmX1X7Sh2f0ibH3OLy4hTLkdx3L2lzGASZC0Cqon7usCZ0jsTib0Doz4sf4albFYy/0', 1, '', 0),
(309, 'o72NAt7cjp4AgC5dSiE7QUSZOvow', '..', 'http://wx.qlogo.cn/mmopen/8uI2QPoOQRR6gTTVVJEs7IicGswhloQ80QUfyJ6X9J4ibV31yg1EeKMrEYB3ricnVoxJeaQx15OPa1z5ib0XPljTUkHFy7wttj8ia/0', 1, '', 0),
(310, 'o72NAt1XRvK_dSfePN2dANXk7Us0', '正如晨', 'http://wx.qlogo.cn/mmopen/qoeLU7RsoOv2mZazz65LnPZkM7JWPxhtl98KPia7R5icUY960yGnrQewdu0dRUKPMf4B2tHsuSR10Wg3iabrSicYwaVNnYHKPTm6/0', 1, '', 0),
(311, 'o72NAtzFC0Kfa95LoMf1R1BOFSQA', '浪迹萍踪', 'http://wx.qlogo.cn/mmopen/v0eAniby0MpkyicqtIZdMuQWctTXw3pfEDy1r4nIQTzbzKrzT6vS3zdBvxnKdFRNdJy3licnRMBpFsCLNW5SO87po8sebZbGrKM/0', 1, '', 0),
(312, 'o72NAtzV5nnsxzKYr2ZqYbhJM8IQ', '、远哥', 'http://wx.qlogo.cn/mmopen/ajNVdqHZLLAkO9zBsMGzaWpO8ZQDGQicGF6gibCxOburbnJwQ707pS9tKicVjux3h37fr6g9ibaANSHvJK6NusxdqpfYmjwMDyblfmUTVymtIcc/0', 1, '', 0),
(313, 'o72NAt1thcl23hKFb29d91djryDw', '三把锄头', 'http://wx.qlogo.cn/mmopen/q5Oz9CVNAOiafxp2uIQFibUUH2m13LjkU2Yt1Z2YW5PsdjgXk2s0TnhyIk7EK3YhzV4hiblicZx1hRhDzPvnRB6auTtCdruIDj0v/0', 1, '', 0),
(314, 'o72NAt-W9oULFFR34S7l4MW5J_vM', 'ZYT', 'http://wx.qlogo.cn/mmopen/IhU3HFSL9Hj3mo6g5oKLDicM7q1fVhcpWb333TzUbkR6T33oib9NpQtNbImmibfOXQiaPFLian8Ga4kTNlOzrniaQyRibFFtJ2IicgUh/0', 1, '', 0),
(315, 'o72NAt2VfbhrxY5lVlsPky2Rko5w', '姚博闻', 'http://wx.qlogo.cn/mmopen/qoeLU7RsoOs7b5JHLsJicSicyyclQ8hQE2eeBB6d9WQDLiaaXmA6d1UYGouFmB51VLbZFcp5FsKwvroNhxyY4vcvibJvPDy0vXFe/0', 1, '', 0),
(316, 'o72NAt1WbmezuEL8G_o_ONTna5t0', 'songpx', 'http://wx.qlogo.cn/mmopen/PiajxSqBRaEKgJkVSHG7Wc9DfqtAuRORlbocITczzgKkU1IFS6hU8rRHTLJBTqhTDP9O5bYUicRJJicdT0f4eDxAQ/0', 1, '', 0),
(317, 'o72NAt2YVowRP4yXb7uUzP17K414', '深蓝', 'http://wx.qlogo.cn/mmopen/qoeLU7RsoOtdGOIxZ5pTfmGYI2NpQH7PGD59lOUNv2jiaTDME96hQibhO9flyFCLTRib2NgK2tB5iaIchuSsVfLGE8jicBnyFXfnw/0', 1, '', 0),
(318, 'o72NAt_9OJz65WXvXZZZKixHcvLY', '青芸十儿', 'http://wx.qlogo.cn/mmopen/TibrQnGadXNASAM4tz4uRkw54Sic6vD0ApiagIIP1NR8knDIFVzH0yH3evgCzicXOlFsKlSYkSZ8DpGPYGiclWE7JIg9ymuQuU7LC/0', 1, '', 0),
(319, 'o72NAt2e2aMM-pNjIJHq5XTmmBmE', 'Ashes 。', 'http://wx.qlogo.cn/mmopen/IhU3HFSL9Hia9FYx7CibQBvEhRiakW8AvQ4AhicP95UmftgGJcH9C0Vof1TDxIUfsSSBQmQ6LzM1ibrNeSqMnGo8Qga8MAniaySrNy/0', 1, '', 0),
(320, 'o72NAt5o3UtguqzSsmkft8ZS9X5s', '悦悦', 'http://wx.qlogo.cn/mmopen/qoeLU7RsoOs6h9JNp6tvEw2ic2BGpO6ibzwdoMJPTmwZBRibsiaJ2nvichf4yMcfAjOWnbwCyMoECOUGdbdlfYfrQVBJLGRWpcS1ib/0', 1, '', 0),
(321, 'o72NAt1hLGM_WyWL4wH3_N1GrsZA', '又见少年', 'http://wx.qlogo.cn/mmopen/Q3auHgzwzM7XOjWMj12iaJVr6q3SV4J3Y1icgPmR6ybrKiaupf8Unw7kJWib09OibG0QINc4CSK0CicK6l0icAnS9IfB7ib0V5MwvoOSudiadNxVI5PI/0', 1, '', 0),
(322, 'o72NAt63PIN4QazYvBaoBp6YI8FQ', '浮沉半世', 'http://wx.qlogo.cn/mmopen/qoeLU7RsoOsIQTdM1iacJicgILtHWW47qy4aYAHPAQlZs9Laudkic8W2awsZ2zDRdAqCaJZkicc65gKrJXhNiaialib8ibBiaEHks20DR/0', 1, '', 0),
(323, 'o72NAt4lFuVSgpkd69mGi5M15TlU', '逝去的风', 'http://wx.qlogo.cn/mmopen/qoeLU7RsoOs7ickObibBjUq2hS2Df47LfEjI652o0Oul7zia1zoeF2iamO7NP2ib9Sib42za7mUic2g99kyqDKGQvAk4Dq8CzbLMU0C/0', 1, '', 0),
(324, 'o72NAt5AZsTMe8yRFaa5LbVaAHe8', '纯在的爱', 'http://wx.qlogo.cn/mmopen/qoeLU7RsoOtUibw03ojK3cAZ7Y6JiaaDVp3RJKrA78X9ptwqAw9ENxZlIQ6Srt1genXSkz7TUDOvPYAd8sMDBnqBDBgqeY8c1g/0', 1, '', 0),
(325, 'o72NAt9ZY6IiLbUBuSvECBkiAYGs', 'PopShay', 'http://wx.qlogo.cn/mmopen/qoeLU7RsoOs7b5JHLsJicS7ibBTSqmoOt2YmsYasGmicQ64jpBVaTMNAaafiaIjhcTqGVhBqMzARL1IywWzFuXqk3OygPicuibzvTD/0', 1, '', 0),
(326, 'o72NAtwXpCMkqeVNw4GMdoygdxk4', '岑儿', 'http://wx.qlogo.cn/mmopen/8uI2QPoOQRT52xncqb7fOFmiciarw0RBle2hvMmBNoH7JgKlpyaYrQib1KjtJibZJnYZvQSNTDdprW1wR3cBbnf4SJ4iaibD0QYNGn/0', 1, '', 0),
(327, 'o72NAt0EvOb_nrCuyXdqvKIlTk4I', 'Hu yuyang.', 'http://wx.qlogo.cn/mmopen/IhU3HFSL9Hia9FYx7CibQBvCe9PXxwViaBVGPNkOptDbZwt7XiafLSOibicYibypxEMLveOkH2jicQIliaP7qdSWsA8jQYy85uV49kgum/0', 1, '', 0),
(328, 'o72NAt64H2nWm4MWvNHA-YwnrMbk', 'Shirley•雪媛', 'http://wx.qlogo.cn/mmopen/IhU3HFSL9HgHIddibFWlJ7oQibm3p9x2Q5s9zz0N89aGwnZt3BgQtvJGTUmCgNmPZN760ueS9wQGGAV9pJ7VbliamxFXSTcxHK3/0', 1, '', 0),
(329, 'o72NAt2splr7J98hDBfCJP2GJmdA', '梦里梦到想不到', 'http://wx.qlogo.cn/mmopen/8uI2QPoOQRQDG8PQMKtHzmWdgEQcsA3dKJYCiadCjUhdWV1LVKTPy6WliaN5fgl1Wjd7g5NpcUgP4iaEPrkBc7TN6Nqr7Mc367ib/0', 1, '', 0),
(330, 'o72NAtyLAbx8fbBTU6g6AzNZ7DrI', '偷玩手机的青春', 'http://wx.qlogo.cn/mmopen/sXnB9tx7SZfj4Rib5DoeEODZW2wyPuBRia3BU5ulycxdBMjcGKq4PMdR7nRjDq3lfDG4taKBRTuRnh5qQ3Xe43F1ztLyaTzMxW/0', 1, '', 0),
(331, 'o72NAt-_2q4fAvgIGb-4AbBwJQWE', '山敏', 'http://wx.qlogo.cn/mmopen/qoeLU7RsoOv7A9owFPwvk4NLqhxBA6B7M9mibJEicu3kYwQicFicf0gC3U4MmQKPrQmU7U4RMj7DicouOqxIMjibrSA3o8xPuuTibLj/0', 1, '', 0),
(332, 'o72NAt0BdGbA_nhNNhRkhUaxKB9c', ' Cherry~', 'http://wx.qlogo.cn/mmopen/IhU3HFSL9Hia9FYx7CibQBvEwxGDxHO0rgojn2kOiaoHwf4Njgmvu4DPq9cKx7b0tPY6TdBzVaA99sS32O6gcJQcD2qfrVSQXQR/0', 1, '', 0),
(333, 'o72NAtwkd5jvLlNUxcl5ot3Pxwos', '叶垚聪。', 'http://wx.qlogo.cn/mmopen/ajNVdqHZLLAlqjbcpPgspqfvicq2MqGhuwHK5B8iagrsoQicvQ4fG95aWbJAqAoicw61CHxLMdcO5xicWvDMqDato8g/0', 1, '', 0),
(334, 'o72NAt-MhyW-Hxo524Ny_RiKSogU', '久违。', '', 1, '', 0),
(335, 'o72NAt8w1S5uJ16uAVZOjrvn1APM', 'M', 'http://wx.qlogo.cn/mmopen/IhU3HFSL9HgHIddibFWlJ7rVe2Td1bR77nIOBp6Gmibr19AOp3Yq0MO5WpNMV9oicibsKiaG5pxXO9icgbjum5gO7VoaafO78WZSJW/0', 1, '', 0),
(336, 'o72NAt_NBZ31FK7YCQXJB3OmSVaA', '马士伟', 'http://wx.qlogo.cn/mmopen/doZzLyZ0IgQ935iaIvo9lkrerGJmY3nrKAtL5IWFB9zlh5eEC29VxibETEHYaRJicmWfrZw8yDRdjBc5UicGhWEzaPfiaou9Xw368/0', 1, '', 0),
(337, 'o72NAt6zUhP46ue6og_8WZ80fMXA', 'Emerry', 'http://wx.qlogo.cn/mmopen/qoeLU7RsoOu613twyqch4YyR5rxDrhkzCTt3EJGgzsqKTMicL2WrzRlfKMbK3qssQxgn1P6mBLdHovpfwYI6etSBahlzKX9NO/0', 1, '', 0),
(338, 'o72NAt8_k-YJaa6DR7Pew63WSO_k', '张同学请起立', 'http://wx.qlogo.cn/mmopen/IhU3HFSL9Hia9FYx7CibQBvJNxD3OPyfr5gL0qkZ2DFiaodKDUZiaP2R2JKlOWZnwSLdvsdfr3mEVlRB0fgYJkJNDzEIA5HyS7rm/0', 1, '', 0),
(339, 'o72NAt0r7p8_vx4OWEX0WXEp6grY', '何超', 'http://wx.qlogo.cn/mmopen/qoeLU7RsoOs6h9JNp6tvExn66sOPDGnjU6c0SSY0FlRyOEM70KutSM72QHH9Rb5j5a3fFpYB5qapCKQu8cF1Ur4AEibGhMjWQ/0', 1, '', 0),
(340, 'o72NAt5Sq9w1fSdGFyZVre6QOwCc', '汪大侠😳', 'http://wx.qlogo.cn/mmopen/8uI2QPoOQRQE0qk9SpmVgkFX7bHNKEDaVibhn0ibxsPzy8RrLWpn8sRBpW0EwXeatmVXoOJk8L1icL4MW8NZ5wfTib1WesT0Uugp/0', 1, '', 0),
(341, 'o72NAt_3x1KgtnjlGFxzyS9aiIZY', '磨砺强大', 'http://wx.qlogo.cn/mmopen/PiajxSqBRaEKxpib6yjISCH4hCQcqiayshYdKpD8E2bzFmVn6PAGYIZz5icWA5QHubFP0c6qT2blc0ibzKgPpJp6Ykw/0', 1, '', 0),
(342, 'o72NAt8ie1ME8_N0JRdo8VQ1isK4', '龚茂', 'http://wx.qlogo.cn/mmopen/IhU3HFSL9HgHIddibFWlJ7vCnzVxibJoiaia1UWBia5euPKVxgr5aHduQeiavcDKJD0Z2l2mVR5Jm0FSI9y9RP5Du7gLeEUMh2PsxY/0', 1, '', 0),
(343, 'o72NAtzVPhTARSf5rMB5J5hiYQMs', '面具之王', 'http://wx.qlogo.cn/mmopen/IhU3HFSL9HhuNnicN6PNDAEv8hWWSI5uJrZVs69CI5nz5RhicILFMwQiamdbSptheGOqvicB3oKAaGAMSicIkPo4PFxKMzAm94T1b/0', 1, '', 0),
(344, 'o72NAtw0Xfqz2GSKmXuK3xiI36jA', '常硕', 'http://wx.qlogo.cn/mmopen/qoeLU7RsoOs6h9JNp6tvEicpzWJWJsP9jgYruAeDDHX7Q1NHnkphnTicUxPCzRkDGlibibSicKAKB9NGVV7mmibvcsy4mSwnwaSWfg/0', 1, '', 0),
(345, 'o72NAt6MmtJgjUS2RiG5CLgeh0ss', '孟庆喜', 'http://wx.qlogo.cn/mmopen/Q3auHgzwzM6cwacbxvoNLhZ3ujXHEZWic2avymJ6esDDEgMJKicsruVyuicbdXgpTj2KzyAcNAKrjYO4ibT2OTrfRe6tss3ntuyGia1rcPNc8t3Y/0', 1, '', 0),
(346, 'o72NAt8tdmkhGZrwIVj1Dnw_tyQ0', '龙小宝', 'http://wx.qlogo.cn/mmopen/FMajU52WvbF2Cic51wH0x83Ce4aXGNs9dESVCkKO92icicW69YmTGPzuiaYxWcU5ofhwQ19pSMcwyoh6WxNmF0ibiarw/0', 1, '', 0),
(347, 'o72NAtwarLdYOoBp87JD6G3TPSog', '👣🌸', 'http://wx.qlogo.cn/mmopen/8uI2QPoOQRRSJBzJ2Gt3w0K9Mic8ibm5ht4vNVdCNgRBWppzJdgnZGJNthyBcvJAX27NN7m5xQg7AvIpicO74ZGTPUmflN3qtDS/0', 1, '', 0),
(348, 'o72NAt-Xyz-oJr4O7skc-CV2EzNU', '锋', 'http://wx.qlogo.cn/mmopen/ajNVdqHZLLD7mXdYStSNibOBTFGfr0EnTn8BIbUUwB8hsBq7A4ALzX5yvV8GlPPNv5A7wn674SWCwT6rRb73Vmw/0', 1, '', 0),
(349, 'o72NAt4xfnlcFPXnZg4-aRr40MwQ', '易梦球', 'http://wx.qlogo.cn/mmopen/IhU3HFSL9HjUbCamHNicawsl3iaoUdHdBDLsjSFWtlrdgdB3iblEa1ujwzkCZib5UZiaeEBSwM5YFrIgOsGqdJ7L5MjNdEwPQTOpl/0', 1, '', 0),
(350, 'o72NAtyzn0lam063XwNafR04Oc1M', '唱首歌向前走', 'http://wx.qlogo.cn/mmopen/qoeLU7RsoOtxe6gOvgJ1f45ENGR61d9Rju53HpQPL590DQ14PqUY8n3IAGmnz5MhIPN2ic5EdUEcwK3pMLkKLkhJnxBbvsiazM/0', 1, '', 0),
(351, 'o72NAty40smBXhCLhwqctNVO_Jv0', '水木精华', 'http://wx.qlogo.cn/mmopen/a1gzJHUbuOUMWVobtYkdH0iboV79icDhreSBwK73oodD6AlibLv8Q5tJmnos73DCgLg89ulVeo0RVIDyG7phMkdibv3NKUBa5DfS/0', 1, '', 0),
(352, 'o72NAtxzMxJJ_5TU6TiTL-nYY6N4', '这么近那么远', 'http://wx.qlogo.cn/mmopen/8uI2QPoOQRS17Vw0GtUTRyF4fK0mZnSzuBNIoGZdXseFlZc49aMLEmlr7yERFEic3QALCkHqPImNhphHTiaSOvwME4GjXOCtGV/0', 1, '', 0),
(353, 'o72NAt-wi1H-TqEuU_bWyZk3W5s8', '王朋', 'http://wx.qlogo.cn/mmopen/qoeLU7RsoOsZfHz5kCGAvBicy3xxgyT3wVN8ZC7WoAzRRX6vufuI1hHRUcfzgPhALiaBia8DlESwymGaSIiaHdd2XpPBXuTDibuicu/0', 1, '', 0),
(354, 'o72NAt2j6guNL3CPcNgSV3RgpiCA', 'Goddess`', 'http://wx.qlogo.cn/mmopen/Q3auHgzwzM5f4g7oEVoo0A04S009LqQ68joQO7NSeMNpor39dQSORbdEVuASnlibLaeAY26icNYKsF9rjMGIIhevusXK9OmDBo65DZekdrPrQ/0', 1, '', 0),
(355, 'o72NAt4HbysPt8r-gmSXJnTs96AQ', '杨烨卿', 'http://wx.qlogo.cn/mmopen/IhU3HFSL9HjMYypOpIVbHzibIQUgtLwdMCiaqELc9xbMoB0bTOqGKWeXia7Of1J3pCnQMzictNZUwV0gJZjBvfFHWdMj50ticfsJf/0', 1, '', 0),
(356, 'o72NAt5DBacJ1hFEkTn4f9vOtiwk', '张', 'http://wx.qlogo.cn/mmopen/qoeLU7RsoOsHPw9tVEc2ESxKRiaicsoPjBXbkZYvEjtwupUbQwhlqJo5B0sk1fzVlPoFXflicELxHNFm0vxFv40ew6L3BKPAIgV/0', 1, '', 0),
(357, 'o72NAt54MDipUlGT87HBU7sXLf6w', '小②姐', 'http://wx.qlogo.cn/mmopen/IhU3HFSL9HianeDHK5lZygREELPBw2icIn8nYBIicYP8pZbml87sQ6zicqojDYQyfwibgJ30bMJ0ggKIwypcuKXACfRZf8ZujNGBd/0', 1, '', 0),
(358, 'o72NAt50c14VI_wdqlzZrshlPY-w', '阿凡奇', 'http://wx.qlogo.cn/mmopen/qoeLU7RsoOuGA3WXEOBR84ApxJmgAfvXYt57FMbF0Ea2BSgofzebPTxWXaqO3vPHOMlicIYCfwt52ayLRUQYpOw/0', 1, '', 0),
(359, 'o72NAt0BifcbMj6Pz1itfyHlKYAY', '众生如莲', 'http://wx.qlogo.cn/mmopen/qoeLU7RsoOs7b5JHLsJicSws4ak11HQiauwPZQtLp7roG1XfcYxK6m1NN2icVGtBoxDpsSSlHBPLoLGHshZice5FmOZrZVQVyZov/0', 1, '', 0),
(360, 'o72NAt7R9hgzYCVtzyBNB3WZJLhY', '秦蛮蛮', 'http://wx.qlogo.cn/mmopen/8uI2QPoOQRQUPyW2hHNdOCWrpM4ShKZ6QylQ9g3I6ZWByKibM7nvTAria1aEtedBkOK7mHKY4CVYqg5d42jvubKibagaThYE55R/0', 1, '', 0),
(361, 'o72NAt68yuecdWKp8tU8GqJZLa3w', '谢乃玮', 'http://wx.qlogo.cn/mmopen/qoeLU7RsoOs7b5JHLsJicS6cSb1iaECjPnYKk0rjIw2UAyTOJKgM2E0iavUXO6djiaibb6h3yI4yhPsjNPwvdPicGbRxcYHqOPvp1U/0', 1, '', 0),
(362, 'o72NAt1FqpuDymKfBkwwUySryYcQ', 'Andy', 'http://wx.qlogo.cn/mmopen/ajNVdqHZLLA7hA00f8dqk9Yfmk2HIPmSJq1UcgmTKwrhJHD6TjDdzepEXhiaZFqaF81TCxjCbIr0h28g3HhRvrg/0', 1, '', 0),
(363, 'o72NAt6iD0GwS5cYEn1NQmWCrCNM', '大山情怀', 'http://wx.qlogo.cn/mmopen/FMajU52WvbF8DHOiccwy9V0oFxA2D6PIwPUUO44BFnKfAS86lXDk81feln8tP2K9VAuicN8LxWR5qdmAT4ur8VsCpMIDvvnuNd/0', 1, '', 0),
(364, 'o72NAt6hnzMvwtKY_ErKMYJDfIHQ', ' ②个魜de約錠', 'http://wx.qlogo.cn/mmopen/ajNVdqHZLLDg1eRac7I19JCaica7x4WDzTlQ2VHYjpVPMqLJkS23ibjpKYqOkInErYoALrzmjAFLyD5XVmzF3UmCuw2ibaZeT40FbicrficRu5B4/0', 1, '', 0),
(365, 'o72NAt2A75_rbWAMkBDebBVvBRUg', '杜杜杜杜杜.💭', 'http://wx.qlogo.cn/mmopen/IhU3HFSL9HgHIddibFWlJ7qRYicibpGUbR4iazz7VYIq9BJBkaVefPrBalVmicibJIqEqwm8uBjV9HQEUm7PoADibHDEHolJs7F2OI0/0', 1, '', 0),
(366, 'o72NAt_IoeWq20nrz-cS93_8QoH4', '李瑶', 'http://wx.qlogo.cn/mmopen/qoeLU7RsoOs6h9JNp6tvE0FXRK4ul8Kp05HRYgprnYXzQWXKicK9ewClyTDzFic1rGV2xSiab1xiaBwddUwLtXxRPK0k9aJz3jrV/0', 1, '', 0),
(367, 'o72NAt-SKYhumUJMC17cR3OgDMus', '刘77🍭', 'http://wx.qlogo.cn/mmopen/LZV6czoTzHImUbZiaoZuv1tqKhQ5xI3ZUqmjxFyqbygPoZgcET8uJGX8uZCZicQxMh5eudXfhwJ7zCZSDh1Gia4Xtx5AHiap8Bh1/0', 1, '', 0),
(368, 'o72NAt9rKrCrdv71J9ixDdmRocSI', '王爷', 'http://wx.qlogo.cn/mmopen/IhU3HFSL9Hjgg6ahcpicdXVuj1qqGpLyb433YTOBqO6mnMU0FicxVtnTR6YVyXwR793Fw53btpLgaEbTkzEqtb4oqhiaqr8wTCU/0', 1, '', 0),
(369, 'o72NAt-8GRa4XFrOJVBXICNNIraU', '侯家立', 'http://wx.qlogo.cn/mmopen/qoeLU7RsoOs6h9JNp6tvEywCEybsicYsTicmSveaCWORnicsWHxricG2OAnZV5icdHm1XY4fF4E3sLyAShZbKTl6A0joMKaM7icVzw/0', 1, '', 0),
(370, 'o72NAt0klE0qM-FbuuEV1FBTfWxY', 'leoric', 'http://wx.qlogo.cn/mmopen/q5Oz9CVNAOiafxp2uIQFibUQPWNtqfBic83DrpNfOWy3R0wrhOQPAbBib7VJicqEuSDIdZrb3FoAib4ZHYzDyk19XPhzGibuBjElHah/0', 1, '', 0),
(371, 'o72NAt9Ry5TyclH4gxCPPKy2isB8', 'Carrie晨起 👻 👻', 'http://wx.qlogo.cn/mmopen/8uI2QPoOQRQE0qk9SpmVgkTDib79aXJaM7pjEtbCTZgc65OlgC3YrqzuFdVGYFlSR1niaTtZ7iaqXdRdr1FeOMMSj473CfzhDvz/0', 1, '', 0),
(372, 'o72NAt0abSz-b-KX31-gYXtLRxiI', '常煜童Winner', 'http://wx.qlogo.cn/mmopen/8uI2QPoOQRRmI9C8GQLB5zF34JNZ24Jkia5OyCian1PT9OUUHICQclO13arr5ya9rLY6CmAPg6t7BDibU2FAV6IvbsmIyZDpw4f/0', 1, '', 0),
(373, 'o72NAt3X3kt4Dpf460H9pVlQH9MU', '果君', 'http://wx.qlogo.cn/mmopen/q5Oz9CVNAOiafxp2uIQFibURUD2ibujOy5WoehN7TZPFKaJJxZuIdEWnJPLQKiawDzDLchcGZp7riamibiccoNSHaviakkzEeiaJajws2/0', 1, '', 0),
(374, 'o72NAt1PAX3UNDxngXZc-UZEUqgk', '蓝色', 'http://wx.qlogo.cn/mmopen/8uI2QPoOQRQE0qk9SpmVgiaD77rceYicUicW3kxImFpKLfiaFpSSbbocga3r9kf5rWr9bdSf0BWguFJHibwG7fdxaugTQlZLRC4Jg/0', 1, '', 0),
(375, 'o72NAt7Eyjfr7S53SovCjwOi6iHo', '啦啦啦', 'http://wx.qlogo.cn/mmopen/qoeLU7RsoOsWmYvdMCGGnvq8RxLMplv4Y9fq5NfYlopMIMsBf0vafJSiaEmx3FOQNZET6BbsicaNzZLsSSltSu1fTyhyHk9Skn/0', 1, '', 0),
(376, 'o72NAt4t0z9wOh7wG0yIQvCPJja0', '秋水长浪', 'http://wx.qlogo.cn/mmopen/Q3auHgzwzM6Nhn4bbjJK8A0tPqhMS13CPMWxWSeVXSbH0FxPdY9qGNR6Oj5Azib4N4oyCHFymzafeo5UPfIPf12vHo0eVXKDDCTMSxtOVWbE/0', 1, '', 0),
(377, 'o72NAt3CuCZXoyPuO63dVvOzhdog', '马野', 'http://wx.qlogo.cn/mmopen/IhU3HFSL9HgHIddibFWlJ7vh0zqHh7qFk12pV0D0lOQ1Ow71jOibxjSayg6Hibg3XctCL175LYnBj3oRdwqJKdPQGx29bmmPqdG/0', 1, '', 0),
(378, 'o72NAtwbDeTWJP-i_pCYrKt_VczY', 'Silverdew', 'http://wx.qlogo.cn/mmopen/PiajxSqBRaEKKlBwJ3fUlOSdWBj3KVYoT5Nwb5Y9ugnxlmrTRkFPo2uSEteump9HddE6UZMmIg0FKtGvcXib8HO4kp2B6JicHwXWgbjSJkS2VM/0', 1, '', 0);
INSERT INTO `users` (`id`, `openid`, `nickname`, `avatar`, `role_id`, `password`, `school_id`) VALUES
(379, 'o72NAtzwKFtpSsrkPqNw5jw8bc3Q', '婠婠', 'http://wx.qlogo.cn/mmopen/IhU3HFSL9Hh44380DMeea1k1fJ2FrogXlaTcOrr2ux7FKJW0ldwDIYyzH2caogc8lEo0udhreD4ricygEP8YU0eGrahnhTBHB/0', 1, '', 0),
(380, 'o72NAt8P2oGtiuWO3H9M3u5R3jIc', '腹愁者脸萌🔆', 'http://wx.qlogo.cn/mmopen/qoeLU7RsoOvTkeOxxXGyMtMGAmbH6BRv4WVKOibhicEusaKXNJ82d5HZiadiaxCgXurSCWjeA3Uc4qkChpOszjYsy6IRoIKh62p7/0', 1, '', 0),
(381, 'o72NAt5b5kMU4Br_plMa5yY8tAZ4', ' 🐼🐻🐼🐻', 'http://wx.qlogo.cn/mmopen/FMajU52WvbHTnN6WZiaIyjFXhrHoicntbZ19pwQPVLlC3cickXs5NXRA53tdNpaHYTOOR01QM1CPFU31NGRQAyC9w/0', 1, '', 0),
(382, 'o72NAt63G4ilcWUf71g4tzwTljkQ', '张向南', 'http://wx.qlogo.cn/mmopen/qoeLU7RsoOsR6B391llr8xKMJO80ctOctiad9wyD8MMdMN3FkHUniaRyGkqwqy3G4IhOQpavDNN4gCkETpkLLRBB6mPNqhHL1c/0', 1, '', 0),
(383, 'o72NAtyivE5kJgXFCmrykkokApQk', '樱桃丑丑', 'http://wx.qlogo.cn/mmopen/Q3auHgzwzM7Ed78MjNdX1y1xXbjZia8gbB9ibhShA5g4OrFTEmUZ0RIKYuuaYP7M6G5OibgdBLB2gkErrDZTN52yNNicKplc21nu83D4n87ESQg/0', 1, '', 0),
(384, 'o72NAt1Yr68ZzUw4EqRIg8iwjoP8', '微可可', 'http://wx.qlogo.cn/mmopen/8uI2QPoOQRSAqUkib5deuFW5GknMErqJXxtarLgRwlKBic6kXkLQ9JRQjw9AGoggIW9VQNEqhkKOicbFtMUWBbjBGQUHqcusfs6/0', 1, '', 0),
(385, 'o72NAtykJa61jVTPaFMSPk3_RtrM', '梓漪梦叶', 'http://wx.qlogo.cn/mmopen/qoeLU7RsoOs6h9JNp6tvE2FeiaXCkkYlQoLdV5UJ0K32DkI58UenM3vekVkbglUDrX0CLRUtwEyAQOVh0QLgGVHJ8sVLeRWPc/0', 1, '', 0),
(386, 'o72NAt14beGhY9TMCj3lO8LbNkXw', '-娇jiao呀O_o', 'http://wx.qlogo.cn/mmopen/8uI2QPoOQRQE0qk9SpmVgp2fvRGCupZ2xxXT9ssVDIMkz2D7NcnXPx9BoZiciclib38SerzoaW1bvn0J2Gz9AN4EDjg1LccWkHo/0', 1, '', 0),
(387, 'o72NAt8mYWrjwF_iaOtBGIXxj84k', '梁梁', 'http://wx.qlogo.cn/mmopen/ajNVdqHZLLCD4J2iaSKHaK5EJ31zf2kDicVWuxaxsTz5xpxTiaJDvMUmFfJVNMPIBKw3NONiaO6X0eCm4TbWamGwIA/0', 1, '', 0),
(388, 'o72NAtzl7oEc9xhoWp-GBRWxMe_Y', '王小卷', 'http://wx.qlogo.cn/mmopen/IhU3HFSL9HgMIzQ97QzT7bYCCVg54tymI2H0KEtMteORXkLaJ3hnUdHEBXGp7lUNI9yZIibUjf9zibtmutfX7fQ6AGgia47nuDP/0', 1, '', 0),
(389, 'o72NAt3gQsEUAbEsVP4upZ2XKZ40', '女菡子', 'http://wx.qlogo.cn/mmopen/ajNVdqHZLLDj1WrG5KjBXBbSIPia1OEt446wx4w6uFcdBLNkp9ibrecStnZkptaWXukBPa2Praaia10jrPQhaF7hg/0', 1, '', 0),
(390, 'o72NAt4iWz-hYwuxWVjBnFR8X4Kc', 'crazy-brother', 'http://wx.qlogo.cn/mmopen/qoeLU7RsoOta5ZTgBEOfnnHcAmUIibH0lCJ0ib2wOibv9Ao6PRwgicNOtUfb896F5GrwYeWCT1hyD6ZOujGbOcibiaEqjZngMw1Rgq/0', 1, '', 0),
(391, 'o72NAt1r-QBLVp6xDLcV9McHtBx8', '海绵宝宝', 'http://wx.qlogo.cn/mmopen/IhU3HFSL9HhuQoFMNs9XdBuTzY1omfFVqPCCSJO5zKEIibzp9ichYRiayu5eJ995KQ2t55R0hzbn3n3oPLeEA07Qiaibd2ZMNfPAV/0', 1, '', 0),
(392, 'o72NAt0d0BWMeyjdUNi-2GloT1ow', '咖喱佳丽', 'http://wx.qlogo.cn/mmopen/FMajU52WvbE7XlVfuAlMQeAz5TkfvVUdF9icOVfiaPCkZ9LzJm8Y759gygt1h7tdfh7QMcFkiabibC9VNEN2pP4pCK7jCLkQwJ3m/0', 1, '', 0),
(393, 'o72NAtwzzrLOihF_JP2_03MvWpfs', '陈雪 ✨✌', 'http://wx.qlogo.cn/mmopen/qoeLU7RsoOs7b5JHLsJicSiciaibcicjacPE87iaiaAibfvPOJztLpcTPbHIcYyY5k2eiadb2z8JNmn3dAbmt92zBlzZN7ygfHDOckiaVA/0', 1, '', 0),
(394, 'o72NAt8Cv5jlakaLItyCZer2k18A', 'wsyu', 'http://wx.qlogo.cn/mmopen/qoeLU7RsoOs6h9JNp6tvEwm51kXMuoibHhgNC0xCBhQxHOWbvXoiaFFFjz50MTfOuQia7GCVD4ZUBdDXmlyqqibbekibFBpqAiabuL/0', 1, '', 0),
(395, 'o72NAt-3xIhpDmAkAqTh-f0BkP2A', '王哲', 'http://wx.qlogo.cn/mmopen/PiajxSqBRaEKY5zoDY1DhMuTQTWiaMTjibofWMyDFfV1AgkzJQwXIdoLTmKWibFBwQ83vgEdiceZujrKJoCyDyIjrLg/0', 1, '', 0),
(396, 'o72NAtwOploPvHXUTb8iNSqO7js4', 'Kitay', 'http://wx.qlogo.cn/mmopen/qoeLU7RsoOvldubkDPeOCdMKicaMqALgsefLybeQaRPpgjJfdtQknUBx6ZVAlRlaS2ia7UXeiaPtnl1JLesib16y3l3XrjNicYT09/0', 1, '', 0),
(397, 'o72NAt38LilzBUm5dwlYgFbYgaFE', '我有故事你有酒吗', 'http://wx.qlogo.cn/mmopen/IhU3HFSL9HiaOxgt9XfqDicib6aGl1ekp50htTAicTCKAFbNs7jcgWEf2IzIYzwCTqJ12346ZG8yR0UGW9vtoYvPxNKDAZjzIs1V/0', 1, '', 0),
(398, 'o72NAt8DZE4tfELT6tiCbc32433U', '岁月静好', 'http://wx.qlogo.cn/mmopen/PiajxSqBRaEJF2ibSeuIr2ia3BwTlSMiaNMia9TZa3pvwbibZI7bbPMya6OegzAnClffDfJaCibj9qmTrZ7cMCQEM0M7owtiamT2DTu6TLp2mn0ujD8/0', 1, '', 0),
(399, 'o72NAt2vIMfJzdvbWlHmRJD1iY48', '池安(重庆铜梁人)', 'http://wx.qlogo.cn/mmopen/IhU3HFSL9HiaOxgt9XfqDic0yiawGrKx6LkicPDyV2qG7Nic57fS0lTQLfrNicskgFvGAqaO6Foz9sN0T0fwUY4xSEkeqv1P9Iyib4R/0', 1, '', 0),
(400, 'o72NAtwyo04jM42zjjr8LBJgGjE8', '振sea.', 'http://wx.qlogo.cn/mmopen/qoeLU7RsoOuFEmudQVfT1mgZyWaFjNYuqgORdxz7zNlaTkx0nYUmhkRiauR4NS1uwE7IR3Dl9JpAm4kFanOdrWpTMw7vs3vHQ/0', 1, '', 0),
(401, 'o72NAt4uL6TspRUFfbIdye7X9W3M', '寇文通', 'http://wx.qlogo.cn/mmopen/IhU3HFSL9HhhX27SeJiaAuEM6MsbMicQar8zS7szQFHpeaXhWlMzPfyQlS0USSnMmBjk9WGRtpFz0wOH33IvcfkGGvg3oyqXsE/0', 1, '', 0),
(402, 'o72NAtzFf6WU3or-luy6Eh8u687A', 'Zhouwonder', 'http://wx.qlogo.cn/mmopen/8uI2QPoOQRRqvXBFBgRLgccUReryIcS3SYrE4Ugrv5lV8Bb01HmngglVMmZ2rlHqZiaNr8gT9CxNFFNPdrKRjKw/0', 1, '', 0),
(403, 'o72NAtwSC6fzxm4NyXZw2Gv5VMEA', 'Rex', 'http://wx.qlogo.cn/mmopen/8uI2QPoOQRQUmkZ3NeS5XGM8icZRljKX0es5qaRfzkd6LA2ETBiby1ECk4NgibtfCSBm57icUgacNdwXVujlgagQvw/0', 1, '', 0),
(404, 'o72NAt4NG-05QNlJW9Bwn8Ytr-4Y', '王🐟。👀', 'http://wx.qlogo.cn/mmopen/qoeLU7RsoOs6h9JNp6tvEw18Zq72jpwlqn0OkbukJibDpDicSQY4TJUtANv3xcWibP6mh0u6Wvu9PCCynmGdhA5uCn1lMLM4Wjw/0', 1, '', 0),
(405, 'o72NAt_fQd4HRbJEisl1v6sSj0RM', '伍伍', 'http://wx.qlogo.cn/mmopen/IhU3HFSL9HjfdzEPn9FI2XScu8652bkmzdqQMsuENvoEib98ibkg1g91zuCCy4I4GEXxmxYXOCmSWdlzUG6HCct3rQQJHqiacvU/0', 1, '', 0),
(406, 'o72NAt4kfn6Sh6lqHbjB3WDn4J30', '1974佳欣', 'http://wx.qlogo.cn/mmopen/qoeLU7RsoOs9ptMK3l9nic8RAby00iahvgnwDMsFYE8EcOLNmWTvhddzGGRia8CyVdgPAV5M5f3KZlS2t5BNWCKMRwxtSHlQTmq/0', 1, '', 0),
(407, 'o72NAt94-xzr11uf3yOqkTTimYxQ', '怀挺吉娃娃', 'http://wx.qlogo.cn/mmopen/IhU3HFSL9HjsSKWvrIkRQVeQB7Qp1LX7ibmvcBAq7HiaWIK9kQY088iayDnfEMqIyqAuegiapbqQ6PSiaBwKUnoCl1MKyGqdgo3Ix/0', 1, '', 0),
(408, 'o72NAt9ggmMv0NuPPQOS2gTHd7TE', '老骆同学', 'http://wx.qlogo.cn/mmopen/IhU3HFSL9HgHIddibFWlJ7kfGyJp7xDViaWYv1RZRVdVV79ymhNpdkceGhhMhgec6Eiaz7PQdqicvI2lUHesN543dAr77uyoPSHc/0', 1, '', 0),
(409, 'o72NAt0N7vCAXGp7GGolXcXOahXM', '🌞', 'http://wx.qlogo.cn/mmopen/8uI2QPoOQRSicn0E9MS0nOXj5VdficLQmp9jgPqMMnWhSsGT7grqVq1j81dZBDcH5HPGWK8o35jzWd8M9lbVtyvw/0', 1, '', 0),
(410, 'o72NAt9_5TteRl5mtVlOXm4jhiZ4', 'YU宇', 'http://wx.qlogo.cn/mmopen/FMajU52WvbH8ZQ5icA4wSPkibjm5u2qqkDkUVYiaicewPicaYEUaA4FwSzw99yNwAf5IHotxQG9cYd10PaHYoSePjpuglY2DazxMq/0', 1, '', 0),
(411, 'o72NAt_bLplNeVrNKh6seykAlViU', 'LY', 'http://wx.qlogo.cn/mmopen/IhU3HFSL9Hia9FYx7CibQBvEQpicmIiajYkPqQkiaxouaL0j9O6IgzZRhGPYQiceV0Z0ju1icEhTGPibPdRYA7FeJGfLibEHJN29YXsok/0', 1, '', 0),
(412, 'o72NAt5CNQPop3snZV8z6zEvq16E', 'positive勋', 'http://wx.qlogo.cn/mmopen/IhU3HFSL9Hia9FYx7CibQBvJXGKVq8mtLziaF3KDZulIKibJGxlHmGVyyfegSKJ3TSW9NVAEuEq0b3s1YXLDicPe6Jt0ictC7RA3S0/0', 1, '', 0),
(413, 'o72NAt7bnGD2OgkcDGZXbNfM6t-0', '川A·LH112', 'http://wx.qlogo.cn/mmopen/IhU3HFSL9HgZrwymfpOibOuvlodLqgmNpM6mM7qzMrHxm59R1qunc0UfgFictC8ovBrp8VO9WzMc7WNJhw3erIqIRE85vu337x/0', 1, '', 0),
(414, 'o72NAt_lpEOaVyQuEHJCMqYTZuLo', '噼里啪啦 piu ～. z Z', 'http://wx.qlogo.cn/mmopen/qoeLU7RsoOsPypRAbQGnnrdsUUwUzwtu5ZEfla253j7RwiazXicbqQYIYZM8Yrp00GF0xXtmt9TtfDzicKLJlRqfS83yZ9aPI4o/0', 1, '', 0),
(415, 'o72NAt-dhvz7htXHY3ItIPJp3JVo', '李云飞', 'http://wx.qlogo.cn/mmopen/8uI2QPoOQRQWYiciapccfzXWrib0clPAZXic9y5ibfYMFjLkMwzcrRBRMx8JzUDC2YQ6TRW42nnsYpiaDB3hMOricLsYa9vq4qHE9kS/0', 1, '', 0),
(416, 'o72NAt4tIrbl2-Mfh6xTKNn6m2ek', '饶皓宇', 'http://wx.qlogo.cn/mmopen/FMajU52WvbF8DHOiccwy9V5QvXsNm46MCrVMAFKTAt5bxDgGT93BeKamhQ2ep01z67G55UYhIIiaa5v7uN1aRgKE8NvOpo2315/0', 1, '', 0),
(417, 'o72NAt5KkytHu6OdZE7lJWLHcXMc', 'WooChienyou', 'http://wx.qlogo.cn/mmopen/11r8qC86rYCB21zC0LwH5ticJZ7ZTDWrQcO7Ro4BX6OH7OnRsBtN5pgal3yaVEibibslHAnWdCreO4BPrKebbkhn6oGl59wMn4G/0', 1, '', 0),
(418, 'o72NAt0IPx6lmxQykbW-hUdbW50A', '玥沐蓉光', 'http://wx.qlogo.cn/mmopen/8uI2QPoOQRTV7YKGjjsX3ibYkOEfA0ibrNxbrM8Bh5Y0galHaW3KKR6ExX9aOPVuFOxlTcunfqMct6YIlV4IKMpxMmoEiacClay/0', 1, '', 0),
(419, 'o72NAt2hk0Ol3rmkLzgwLUT2Jji4', 'Half-pint', 'http://wx.qlogo.cn/mmopen/IhU3HFSL9Hia9FYx7CibQBvBmlwqrrTMdKRblvgHJF2Mk03pKSBYkZXnRTXEYOm3Sbdz2gcPq5k5ZlruyhvUQedMNgT1BiaZibhp/0', 1, '', 0),
(420, 'o72NAt9YwkRHlG5vgNhfDfl0RzDI', 'Beryl', 'http://wx.qlogo.cn/mmopen/IhU3HFSL9Hjicvn5SvZC1QCj9snmJBqBadp3Qj14WoLdbgTXRqSfguQ8gNh0I6eVeBJ5so7HHKtiaWIVv1EpIG9WkNGxBzauqj/0', 1, '', 0),
(421, 'o72NAtxQKBtoH3NKYkXAfYRbN0_Q', '何艳奇奇奇要早睡早起！！！', 'http://wx.qlogo.cn/mmopen/qoeLU7RsoOs9ptMK3l9nicy13WxBVoibwRY2HU3wEul0ehW01icLFnGFWEIia2tMwRCMFhlaibkEicdlOXp4VZibmibqZdwQFbqetlTF/0', 1, '', 0),
(422, 'o72NAt2PQ_kV3Dr5557BeuMCCxis', '且听风吟', 'http://wx.qlogo.cn/mmopen/qoeLU7RsoOs7b5JHLsJicS17cFu2cYsf50B9nnwftKAWFkJKEsyOQACbI0MpicGtI0wSWKr4aNWVicDBAf98wp6XUB9TVlGoJxI/0', 1, '', 0),
(423, 'o72NAt8RJc_ddmAYu7SrDEdrm1sM', '陈名宇', 'http://wx.qlogo.cn/mmopen/8uI2QPoOQRSomRibbjwiaBaGAGIlUU9GeudShjKTShyVCXdMrmnibQ6lPqib8VWgovXQHvSGWiccaTXWficloBywpoKy15sVvkV3p4/0', 1, '', 0),
(424, 'o72NAt5OD2VkFkjnGslJ8D8YMRjM', '空白.格', 'http://wx.qlogo.cn/mmopen/IhU3HFSL9HjJicxqPDO4I1xWP494GNEWc2hqlVibwCV8e7eMmk9mC3wpuNFzk0qDdkfP6tvHu4cy8RrbL0ibYj07B3WzhiavCJib0/0', 1, '', 0),
(425, 'o72NAt_N1dWXKQX9cr2opBgKfDo4', '童杭', 'http://wx.qlogo.cn/mmopen/qoeLU7RsoOs6h9JNp6tvE6Mg57abKHoNutVRNOB7f9qFXM8cWkQQCVV9AnDW7S66qiaXTqmfyQeOcMeYPufKS8AA4Gfiaibb1DD/0', 1, '', 0),
(426, 'o72NAt-MWdoifRiQjDe6IxsS6KR8', '曹雨', 'http://wx.qlogo.cn/mmopen/8uI2QPoOQRQE0qk9SpmVgu8BRfYcico2rL2Q2aesf04icRHlSa6DTsAmfukerUCZYBuojMRa8Dom6nPlJiaLmmqZHDOhS2iahmiaL/0', 1, '', 0),
(427, 'o72NAtxtjWEj2GSpocX8WjCHmx5M', '花花花花花花又开🌺', 'http://wx.qlogo.cn/mmopen/IhU3HFSL9HgUuTg18DzzCibfNcCox05auQibMmYeZ303Ryzv7eRL5fg24BibZQevPocx9Qmic1CGdwv0sML7ticOpcRElLFZbAxmr/0', 1, '', 0),
(428, 'o72NAtxqg8g0_k57tukIfKqHks8A', '邦迪猪', 'http://wx.qlogo.cn/mmopen/FMajU52WvbGsAUQbUlDhxwtPU9GDIyibDjRQYn2dP1jdFPiaYYqeZlbCvaWI45zaatiaLs6q4W6OyhZsiapqGCuibBw/0', 1, '', 0),
(429, 'o72NAtwbB77Xytihu5R27clT9fqc', 'soul....', 'http://wx.qlogo.cn/mmopen/8uI2QPoOQRQl2tfraYHUgw5ibnNzbbPQeDiayXaHqwfN7o3bJjSmmwNM7YtcNoKsYspz1gCPdtxjxcKsFzP2WdOkyI0OIMD3R0/0', 1, '', 0),
(430, 'o72NAtwGqteMUd0vwQ-GxVZ9EuHc', '莎', 'http://wx.qlogo.cn/mmopen/U9FPGhKZvknicQnXicYQ2Jbkq9SrdH58pNTAztbj5VhJCyCxpVyj3UPcSJBYJ8ErA3Tib2iaxmKE1Cn9Wu3KFFkqEd2nGp1bbDBh/0', 1, '', 0),
(431, 'o72NAt0b1TO7UGOdtR1el7GUp2RE', '王木', 'http://wx.qlogo.cn/mmopen/m2hcda6TsZblTO8POZlNPiaGyPx82vyk0Tib42L2DZVTTWGDOyrqYcicxvrIASY4AIKQxRVxj3ScJwlyibFRNRjk4J5uZSwRDRwP/0', 1, '', 0),
(432, 'o72NAt2uUP8jeWFo0siP9kaD3NbU', '托你的福过100', 'http://wx.qlogo.cn/mmopen/Q3auHgzwzM7FI7oMcMnAcrxd4bJ4NHmRLHSo5JFJAaziaWMTBYt8Ok0vXKrOOpggOicuTlrW9xQwwIgOnu5HkHHUj9u9KszArlLF8hHID0Iw8/0', 1, '', 0),
(433, 'o72NAt-9A1dBiIigNmz9hyu9d6j0', '大爱CATs', 'http://wx.qlogo.cn/mmopen/qoeLU7RsoOs6h9JNp6tvEicMHC9WsyBUFB54HGLiaibicsiboSo17Yo5v3nB6GyMkGTRlUudKZdLTwnbUVA7jjTZgnSRlKKeLHpqr/0', 1, '', 0),
(434, 'o72NAt3mNBWiz_odk5aIadsuYiI0', '赵填椋', 'http://wx.qlogo.cn/mmopen/qoeLU7RsoOuM7Sec8a0uEIMlibteD4TnGh5aLCfY5b6LtwiclIEQ7aoiaD8pvaBy5ameAjPmg0krXWKAdV9lc0wrssLmIC3AzN8/0', 1, '', 0),
(435, 'o72NAt11cBdhBsJLROqb0XdRfM7s', '丘东霞', 'http://wx.qlogo.cn/mmopen/8uI2QPoOQRQJNaNN5jKzicfyAOIrTwEltoTumtbice2MQt5ic8Q1WobnotAAdMm6DiapzOQG1LWaNqna98pYJzhqFQmFicUaSqDhq/0', 1, '', 0),
(436, 'o72NAtw5Pv4w846qFV-fEA9TlipY', '高敏敏', 'http://wx.qlogo.cn/mmopen/Q3auHgzwzM6cwacbxvoNLhZ3ujXHEZWiczZv0TgB0wS4naYQq2DgiaqB4qjAmeqzibcZln79cefmfbjUBoA6n3iccE8FicGauz72Cp8zg8tWy4RU/0', 1, '', 0),
(437, 'o72NAt3kamaLEnqMyTzf0TiKQFyk', 'Wang😉', 'http://wx.qlogo.cn/mmopen/FMajU52WvbFk9VTTZibpxGqFBQtY4O9WXxcKnyw5oVCgfJu18dmVMtlBciawwOvwZslCNFCia9wHfnZSFEHJzMPoA/0', 1, '', 0),
(438, 'o72NAt9urcNkfBvmyM4UzsYSqoT0', 'The pillar of Blandings', 'http://wx.qlogo.cn/mmopen/8uI2QPoOQRT9B6UibH2CfBpmicgpKbafJsk4Baehb2ovgq8wl2Q5ulhhkOWXOkhx5eicX7Fb3b4NkFORz2qUe8rqviarlfogpibxG/0', 1, '', 0),
(439, 'o72NAt6BoIP_boXXsjdlNWJwlTqo', '本来  这个时候', 'http://wx.qlogo.cn/mmopen/SJdY6DbrNqCbGaENoZ2oj3MrTgbdGib9ibHZfI2SQ7ummWQvV774icerJZpqPTgibxQOxCSribL5HuwuiaQVJQRxOdueZvhFo9iaWBP/0', 1, '', 0),
(440, 'o72NAtwFW_Lw_67Dn_nnfZVlZNQY', '田佳莹', 'http://wx.qlogo.cn/mmopen/8uI2QPoOQRS0uaADYpjzBWumohtZnaN06zmQI0O2ibeKQRIX7tbVCm7FR7kIjv9iae9dgib2QoROviaE5vhsDZ0pdA/0', 1, '', 0),
(441, 'o72NAt_5XpLYrZHZYNOydAFHc92Q', '小扯😂', 'http://wx.qlogo.cn/mmopen/qoeLU7RsoOsZicWdibTF6Ykw93exjKR2NWUgWsvVo65K5XzN74Yt2RddjLMnhQLgrdB11NvNsZVSglpDbuHaIQiagGWqFyCrIGg/0', 1, '', 0),
(442, 'o72NAtyDx37uAwpMKZ2m-C-7SbRg', '裘叶城', 'http://wx.qlogo.cn/mmopen/qoeLU7RsoOsWmYvdMCGGnlqfBnLibuzuqj7harZ6hO7LFv7bLOgAhWJXRmicATPq9n3ibqWSjrc6avDb6IiaYiaFmU1icdED3uicyIk/0', 1, '', 0),
(443, 'o72NAt4nMNlMCxcP2oOMghiDfO0k', '意如戈', 'http://wx.qlogo.cn/mmopen/8uI2QPoOQRTL9Zrb3Vn7THfRXJAL1AEXlNAl8bWibCBe90KXFFT5M0QH9xkJibGMmReoFYXibw6vvczwHrcXrlbAp7R7n9FyY6C/0', 1, '', 0),
(444, 'o72NAt-81ZLMiWCwRN5zw9y20sEw', '🎵 于小鱼', 'http://wx.qlogo.cn/mmopen/FMajU52WvbF6fRtia1YQYNn7ibAwUYmODGycByCCWZ08w2z5SnuxauV5iaP2DFum1tzjEXLCRibPJ5UicZ7QuyjSGV981k67rzJcC/0', 1, '', 0),
(445, 'o72NAt9iBKWFRFLbCmc-cGehCWYU', '子夜 SAMEH', 'http://wx.qlogo.cn/mmopen/8uI2QPoOQRQE0qk9SpmVggyTf2cdicCnVGbBALJ7h5hic3ias2eykXNT0QswPYzIGiaNzlic9uRlNaib6DQ0f8aVYtPTCv29Ecwn04/0', 1, '', 0),
(446, 'o72NAt9ek9OulSSlDBWfb9pd8u48', '如果那啥', 'http://wx.qlogo.cn/mmopen/qoeLU7RsoOs7b5JHLsJicS1we4viamgSm6ALUfJHK4Mveic5ISdJjfwZmpaT2PbLtuMGm19zhuMPa8qWSOj0HWSDsNz9M8Jdl8p/0', 1, '', 0),
(447, 'o72NAt7bF_Q_i2PcDfc-Zv3v1z7k', 'He Peng', 'http://wx.qlogo.cn/mmopen/qoeLU7RsoOs7b5JHLsJicS8UNTzVgOaax57dOgOVSSonHMicLbcDjEAHJQQDJuKYfDqCJLkc1Qb7Vjsuh1GlGMibMMU0PMjDM1x/0', 1, '', 0),
(448, 'o72NAt9wHPm9uUt07UY-u69XcfmM', '黄文柏', 'http://wx.qlogo.cn/mmopen/IhU3HFSL9HiatZmUukOwicdxiaPTB8XOJedLTxNeaBQibbvr4sRiaBRpNIvW6EmKQEiaf1kXDU0tC8xcZnVW8pXCicow9iavAIxEfDf2/0', 1, '', 0),
(449, 'o72NAt9rFkOPMlPb2HZcvN0n9tOc', 'll', 'http://wx.qlogo.cn/mmopen/8uI2QPoOQRSpFb1aZWj7rBVJV4jcyJ3lJ812dfLMY5iaJIibheqttuc2XQNqq4iajCXF8NYrJgPYet2nN454y5icMuKOkMzUyr1w/0', 1, '', 0),
(450, 'o72NAt3FhczlnMjGvLaFHWE9m_q8', '贝多芬的耳朵', 'http://wx.qlogo.cn/mmopen/IhU3HFSL9Hia9FYx7CibQBvDy62whwsc4NmCUFpyiaHdibqCMUawxyXecT4kh1YTPzJtrqEwlibtKvib4CIlOVGMVP5VEsQgAdmibib0/0', 1, '', 0),
(451, 'o72NAt19jAdcV7M1WWSz-Vx-u_i0', '缓称王&广积粮', 'http://wx.qlogo.cn/mmopen/qoeLU7RsoOs6h9JNp6tvE9L3AaQGMtRAQTzjgsO8Nc0jQImZpibnfd4rypOsyXSbMPa59I5gcaRZ7ibdVmTU9TicNfYc2ibCibowE/0', 1, '', 0),
(452, 'o72NAt3hbF5SnqZHMix4SJoq-f6c', '海', 'http://wx.qlogo.cn/mmopen/qoeLU7RsoOscrtq1FESdO2Hh0UQNUQ7vfj33WMemlYClTrMmDedSSXIgia7ia8N16DAow1ViaCHbJ00TOuxMwiaMPntrtuHNhyqO/0', 1, '', 0),
(453, 'o72NAt9bFGVVrq0RAdkmOKABAlE4', '虫儿飞', 'http://wx.qlogo.cn/mmopen/qoeLU7RsoOs6h9JNp6tvE6Rw9uudrW9t6RzZB2O3uZARDYictw0M1vtpDYIwSdVd1xdG9ib2vFsic46hAOWAOsf2QpkCUsK3Ohh/0', 1, '', 0),
(454, 'o72NAt8pmilA9VpITEXDF09i2ZFs', '郭润鹏', 'http://wx.qlogo.cn/mmopen/Q3auHgzwzM6Iox1CH83FsiaHPQrQWXzyokiatribThkY6tBGMmqxPqWEe2GuPbFqoTpFccXqG4ibianxZIG0iboMZaSWaR9NKpE8G5NWSKy2ChCicc/0', 1, '', 0),
(455, 'o72NAt_rhXv52SNGIIOR5xRYQ05o', '张巧云', 'http://wx.qlogo.cn/mmopen/ajNVdqHZLLBJPLnY1DmvvQhlJnzIs4oqeqCDQRTqSd9nVic5h7cdH8apAfM0mFwKhEiawIUjd7Mun0WaC64COoQw/0', 1, '', 0),
(456, 'o72NAt9mnv5L8AmAwli8LA2TL3uU', '紫枫', 'http://wx.qlogo.cn/mmopen/PiajxSqBRaEKvcv0FedBF0HovfibjKQibP9ibG9OjoMicLnwq17UgKZeEqwZOoCpa94tMuib3RPAj8l2JIhUXClEeA0w/0', 1, '', 0),
(457, 'o72NAt7hRGG3b0_n2AfdcojuuVzg', '叫我小汪就好', 'http://wx.qlogo.cn/mmopen/Q3auHgzwzM7E8foia6qdRCQpUeQxVNiawx2diagibiagGiarF0kUA6UywFxQVphSCyVicQFYFklARKjBaP6TQChRqjkdw/0', 1, '', 0),
(458, 'o72NAtwcTGVR1ExTYSM47HWmcP54', '熊英杰', 'http://wx.qlogo.cn/mmopen/8uI2QPoOQRQE0qk9SpmVgrwOstruNvDCayBL45TmqrRibbVdmdliap0OMKyJtfWaVf4njibgJTicWRIzsTfg05ULj6uE9B8rrt7z/0', 1, '', 0),
(459, 'o72NAt6wqNPE7rwvQzGxSDNKL73I', '海瑞', 'http://wx.qlogo.cn/mmopen/Af4Fw7SUoPOC0s6QC5TFcyLPzPxsZcfOydgJrfkkJiaAtlSxOC4FNn1zicORDjm49FeMbvEZEHWrtt5IWavkCfwwtkLEl7TEOz/0', 1, '', 0),
(460, 'o72NAtxR9t2TJDt2qVa5yS88uXxo', '蛋蛋', 'http://wx.qlogo.cn/mmopen/qoeLU7RsoOs6h9JNp6tvEwltuGS8g2lOFVp1UCCPDSlc99m7OUmwfb8NwSIMf9oVnAUYFOZp8P8ACwicyUGyZ3mLKc1QEIico3/0', 1, '', 0),
(461, 'o72NAt2zLyW4dE3L0nDw5hKMmxgg', '跑的没有走的快', 'http://wx.qlogo.cn/mmopen/qoeLU7RsoOsmQFtPABMsXmIsLL8sDq4HKicciajx7doCcrLGhAkIydLzoBHoibMSbwUJtU8Q2c44W956xCL8orSian2f63j7wibMz/0', 1, '', 0),
(462, 'o72NAt7MFLi3wMSy-oQ8hTzU5ELU', '薛娇', 'http://wx.qlogo.cn/mmopen/8uI2QPoOQRQkgOxQEwODLib7v4xwqXMSicdwypicAXWNqZvRKqDxVYI52pibEYr8bkwNKicIOQc206YAGGPyjBYn94FfQNCr1OpLp/0', 1, '', 0),
(463, 'o72NAt4jBEM5CwAhX6JuzOZp76NU', '邬。', 'http://wx.qlogo.cn/mmopen/qoeLU7RsoOt5t1sUQ78tHSLW3tEdtc6Gic8o8tcK9bBgXg36JfDUjEs6ZxCEVH1fFhv2D9m5mgKNFYtZjqnCSfQ/0', 1, '', 0),
(464, 'o72NAt-RXmIvwSwEwRyyqkv7LTys', '卖白马的王子', 'http://wx.qlogo.cn/mmopen/qoeLU7RsoOs6h9JNp6tvE8J0NWqO129u4d0Ue9xcgNZFBibrY4ibww6aP1RYPbMC0PYxyh90bwSkLWWAWCTLXp5SiaIVjcZichtq/0', 1, '', 0),
(465, 'o72NAt8XYkQBp45tQyt2HB7JY73g', '猴子', 'http://wx.qlogo.cn/mmopen/PiajxSqBRaEJib4IBJZwYTxXLI66e1UyAYtW6ogcNgV4NLG8K5lmg3AURAj5NPQnCMZ6BicicPCcM45AUHZrBIjOuA/0', 1, '', 0),
(466, 'o72NAtwxDy5RfTwyFZJE1ubVv_o0', '无脸人。', 'http://wx.qlogo.cn/mmopen/ajNVdqHZLLAyS5G7VKWoghHduDU6rE0yAz6Zak8MhGdTiavV1gHialeun0RcJxlSib6nQ1lo7e9ia8giaBab4AfiaN0Q/0', 1, '', 0),
(467, 'o72NAt9wqKplKgqyWw4d73TWzUjE', '胡新', 'http://wx.qlogo.cn/mmopen/8uI2QPoOQRSaq5icPsdWvCIXgkH82147agoSgia9drXA97fvHUqjA4ibBlZIeJG66yzPXD5h4IcTMHafzUfVE6qAA/0', 1, '', 0),
(468, 'o72NAt6je7ZZ5-ss-GiGSdcYs9PI', '我真的是QQ啊', 'http://wx.qlogo.cn/mmopen/IhU3HFSL9HjaeMorEB2EyXarqQvGI2lxNia3aicpm7UtxoUAwGWibn23Ns7pNDVZJ54UOgibD5ngSLoL1x7JabhLyoE7JggdWbho/0', 1, '', 0),
(469, 'o72NAt6KQtcJtvmpfyQ7r50L_RBU', '小L', 'http://wx.qlogo.cn/mmopen/qoeLU7RsoOs6h9JNp6tvE6u5xLQOmPldvjsz3ibyCedCIYuCO3fVOesxF3vLEibxFacmojOrLIQQTiaCZTlq2AHVCWOnKs5DBjx/0', 1, '', 0),
(470, 'o72NAt6vsTQxDCI_omsdtIitGHy4', 'believe', 'http://wx.qlogo.cn/mmopen/PU7b8yUeZiat9j6vibgXQsMdxHoSXDa2uolluiaicic7pRviboo2lcBjyUhPGpq1aKvCw8ja7VtGwnKwAmV3uO3iaz3c8r0KLTBj9Oj/0', 1, '', 0),
(471, 'o72NAt03-HeTQm7B7ICehrk5Hv5k', 'Crystal', 'http://wx.qlogo.cn/mmopen/qoeLU7RsoOvUksQ0gajto7pTfiarU5DBzy3EZaJylWNXCjqnITr2h95eBGtmwvme03Ug0oCuFCvEMDeVWsquXSaHHy9Unn1SR/0', 1, '', 0),
(472, 'o72NAt56NPDsEOAa0Z7QCqWMbags', 'Leo-涛', 'http://wx.qlogo.cn/mmopen/qoeLU7RsoOs6h9JNp6tvEicXCGO7sVPbYgZEj2on91T9ybQt13nicEe1hMOns9kOQ8hk7ia5NgvJnbEn7pX2rZVU4eniaBuB0qlL/0', 1, '', 0),
(473, 'o72NAt1Thm84Lw4-AK52E_Uqh_PU', '么远', 'http://wx.qlogo.cn/mmopen/q5Oz9CVNAOiafxp2uIQFibUVRYBxI9rMUH6JqqcmAL6toyic43tsoRaZzSmmR2TemhGcjsfoUWg4hOZfNQcR3mn6pXqJtaBQYwc/0', 1, '', 0),
(474, 'o72NAt-wNT3Ljn3DNNgsc86us278', '闻泊', 'http://wx.qlogo.cn/mmopen/qoeLU7RsoOudTtt7nbcWibOUcqDSH2IRVhQ38dD2znias5YDHnict6k8ogFz4Bz4zVjelsM2Xiag3ohibXlURicnficNrJGsmYjbF1l/0', 1, '', 0),
(475, 'o72NAt76-afg3dWiffv6vRaAtH4M', 'marine', 'http://wx.qlogo.cn/mmopen/Q3auHgzwzM6cwacbxvoNLhZ3ujXHEZWicxjUeCx7umDjcJotupOlyI86v8QRuPAJdgtkqDAiaUXgoBHtFvPz1icyV0l1hsLpHJC6DiaP1Buqiaz4/0', 1, '', 0),
(476, 'o72NAt4zpb04yYelLkxrtcM1PcJI', '李康', 'http://wx.qlogo.cn/mmopen/Q3auHgzwzM7eQFkG3EOEHfzHTPVC0gjLCJPiaeJnshkgqiceqz8YdEibxabHphdIbOeicFtyfVltwDx89VQr83V40w/0', 1, '', 0),
(477, 'o72NAt11OTF__reWLfYP7eEehGKA', '王丹', 'http://wx.qlogo.cn/mmopen/IhU3HFSL9HhYe3gvfibvEqOWPkqEUu0ka0gdGvBkIJPjq36PsCcicPOdspGhw4ZOLf0oO0PPQhb3LCrPticiaBNRbvxr8WDAQic3K/0', 1, '', 0),
(478, 'o72NAt07y46Twfmqyes_P3hMHdLs', '风起时，想你', 'http://wx.qlogo.cn/mmopen/IhU3HFSL9Hia9FYx7CibQBvCUGxyaoGTKvW7B5CAUX9icjv1hTupeXedsRIgbjnUG8GZL0uQVK7DtibLUtKg2FYEEnls5AjS3cE7/0', 1, '', 0),
(479, 'o72NAt8J1AK_-8WE8VZOxk6cNFKE', 'LXB', 'http://wx.qlogo.cn/mmopen/qoeLU7RsoOs6h9JNp6tvEyTdMjVtW6aj23zDqXwzAwkTricS73Jk3U26rJWq5Jl6YYSmUicwVLMWD37ZeETgC33rmgMyf2VL0c/0', 1, '', 0),
(480, 'o72NAt1NyaQ9lpSv-i3EcloY5DOk', '谭欣', 'http://wx.qlogo.cn/mmopen/FMajU52WvbF2Td4pz8rT2jILMT4hC0KNqt03G1iaqt1MfcQPicfT3rOsIfHnXCkictfAyaKp1KYwPP1uiaZiaibJOqy8vBib4jpS2P7/0', 1, '', 0),
(481, 'o72NAt1OI7K87VUbpBR88YRGThdA', '张烁', 'http://wx.qlogo.cn/mmopen/8uI2QPoOQRQhtNFOhjx3LjnskT9icX7Ath5hw1LeNiaR3ibxlmCgcYgbh7kXVibIDBA8DeePB1hU76OawmTfYzVvn6jCyagA0saf/0', 1, '', 0),
(482, 'o72NAt8RPO3VsCVmDvuDXylsaCio', '春渝', 'http://wx.qlogo.cn/mmopen/qoeLU7RsoOtU2v9ibY1GZn0EibjgVmVcu2Wck77VxOQIW7B1lm1oibib5XhcgQ4XKDV2ea9ylO355fyc13icgvHPicS5XwwicNdlj6y/0', 1, '', 0),
(483, 'o72NAt6RvYgBLUFiGAC2aclUmK5o', '邱@耀', 'http://wx.qlogo.cn/mmopen/Q3auHgzwzM5fTdsokyb2qjJu1bzmUVv6bH8VA20KGLgs5tDjDqmo2JnoFjiceOdskeNNDnFOtNloM1JDK4vlQYseViahicHxeIqZSN2zUlicAyc/0', 1, '', 0),
(484, 'o72NAtzeXXOTCOnJctlCYhs-5JOk', '偏执狂', '', 1, '', 0),
(485, 'o72NAt5baP645tZpQrjcdHug3Vlo', '是媛媛不是圆圆 ', 'http://wx.qlogo.cn/mmopen/ajNVdqHZLLCc3HNbDen2j33Geklic0ib2bAp6RGL1IPNDUZhZEyvj3EicIQTZViaKJtjDsghIg1DSgibichMib6robn5Q/0', 1, '', 0),
(486, 'o72NAt66PYZT9Hjt36t6RlWURjAc', 'X', 'http://wx.qlogo.cn/mmopen/qoeLU7RsoOsjZbQAY958ayThIsuj2IkSAOL0sicdzWeyaVafecRlyiaiay6Iz4WzbD3egmsMc4xQpuicCWr9y5wruTrj6BgYdQCW/0', 1, '', 0),
(487, 'o72NAt2U7qvxTBjyFBS97xgWiW2I', '疯丶子', 'http://wx.qlogo.cn/mmopen/IhU3HFSL9Hhe8CWCJDyNhCS0TR6qHrAqQFYPL1Wlw1L3jz3sVQ3emDDEQt0nSw4HGGgViaOFQfWfx9ricnY2svSGlVASWBknAz/0', 1, '', 0),
(488, 'o72NAt33VNQoVHde4vbVk-F-ut9Q', '无', '', 1, '', 0),
(489, 'o72NAt9UFK3HMrjHfbEKhajX2vlU', '苗苗', 'http://wx.qlogo.cn/mmopen/FMajU52WvbF8DHOiccwy9VzHUHO9It3OibgbJnAcXTjBuF9EnfXfojuzJEOs7Vx238Dhx84yicAaTKazOr3Oib82LCyHmQYtV4PO/0', 1, '', 0),
(490, 'o72NAtyA0V3iUhzFqtM_Ptuw0tM4', '段。', 'http://wx.qlogo.cn/mmopen/FMajU52WvbGYbsDf2NUTnPgV79NqQ0woaVDsSeTrjBibwkgwCetKCeoUD7SHwF3Mic8T7YjBNkUlWnc0gicVDt48XUnicSMvK0h0/0', 1, '', 0),
(491, 'o72NAt7srmKF5PchyvZqmsEmLTIY', '靖', 'http://wx.qlogo.cn/mmopen/FMajU52WvbHDJ6rg0fgic8ckXdT5qmEpmxXld34GJwJWBW9IYby1dzbCclJGfaYWPadBykZ1CZZhM4PjjjSDwEQ/0', 1, '', 0),
(492, 'o72NAt_1i-1dR32zSJej6xJzIjb4', '木棉*', 'http://wx.qlogo.cn/mmopen/1ibDT5C05qpJXPdjcicgXMvWW49DcibPDGVyibEz9rgm1rQxuaPIeEhSln1CibVyQPJWEhrUsZficaicvChdQt8nQiafXicia7wMI0HICt/0', 1, '', 0),
(493, 'o72NAt04yI_hyT-O__S5senrWyCQ', '虎虎生威', 'http://wx.qlogo.cn/mmopen/FMajU52WvbFp2ZwbJnaAXQID7r9w07QzSH5PTCDic9LCKctWdvMzYib4WKGQRFuWvoWsCn63CZlZicG7XO0zjgoibg/0', 1, '', 0),
(494, 'o72NAt3sb-gabbst8ckRWqCy9Es4', 'Llllll_q-长风', 'http://wx.qlogo.cn/mmopen/IhU3HFSL9Hia9FYx7CibQBvB8XnCBxqjqbeNhBL7VNPXfKO0GoC5gSMMnoqZmXwKuogAicwe13VKIgexNJ8F86icHEsX9Hfn62dz/0', 1, '', 0),
(495, 'o72NAt-6Je8VEaQDLqBXeDCA8H4Q', '蒲牢椒图', 'http://wx.qlogo.cn/mmopen/11r8qC86rYBlNPGdye7YoYPYLgLHFUmyIgBhdHIWZicof8gMQkMpWtIiafm80hibt3hAeq9wLNWOickWicPPNR6sJMuRyuiccQpbRS/0', 1, '', 0),
(496, 'o72NAt3j2jI9dSu29q2kiAs3NjO4', 'l_h-zz', 'http://wx.qlogo.cn/mmopen/qoeLU7RsoOtWEQXh0Q4pBLALVukPzp6wCdN1t68RxoDGCNkxL0tnmQTzpTY9EUbl01xIgAMZ8iaicHH1mCAmZNHqhkmG3MZUz6/0', 1, '', 0),
(497, 'o72NAtwOuSgn0xlWxsCP2Llbf0PQ', '段子手小杨', 'http://wx.qlogo.cn/mmopen/8uI2QPoOQRSziaHVwic2ejnEz3MV1NQFKk5931V7YuzoWVKdMJaZibCzXRCQE0PlPiaSBicg7tMnKbxibnKibGSLaflsJ32nEbSQOwx/0', 1, '', 0),
(498, 'o72NAt3uq71nNiJEuIO_cJ-0UFAw', '你不在i', 'http://wx.qlogo.cn/mmopen/LQhrHEyklkJpicp6m0LgEniaMPxOoMoE72WdWADFDlTKyQIDvKIIMppcVcGoZlics7532TKHghsVPNAUOSKelAIkYv64icYRAWtM/0', 1, '', 0),
(499, 'o72NAt7aB5MapWAjdbJNQ0PUeHEY', 'liujingyi', 'http://wx.qlogo.cn/mmopen/IhU3HFSL9HjUbCamHNicawnIcXElBkvDzm1mia1piaCCWGqd44cfiaCsicHOrHY1zADG7qfkvxKKBaCKJb167jxNblpNjrKjIXAMC/0', 1, '', 0),
(500, 'o72NAtxN2OX9USwuXNup64QGhxzg', 'yli', 'http://wx.qlogo.cn/mmopen/IhU3HFSL9Hia9FYx7CibQBvOYEI6S7Uzg4fiaMoNfg1TtyMZkl4AB6yqTxqeGo7tYgz7e1FMQ0VFEZA325M3SqoamPjebudhpwL/0', 1, '', 0),
(501, 'o72NAt0VWolQtKPsMVWIhI0HIvA4', '快乐', 'http://wx.qlogo.cn/mmopen/8uI2QPoOQRQE0qk9SpmVgiacqibMLfzSRgBSWzjvbeKSBibzjecicELzyYNylVpfY1kb2ibL1yNqsP9e6qrVABAxtqgcbYncYYKZV/0', 1, '', 0),
(502, 'o72NAt8E-ivzsc4VmBIaggjbMnQU', 'James', 'http://wx.qlogo.cn/mmopen/qoeLU7RsoOtaFe9PDqquudC9fZiaVDHZD5SDFU1hzabAb03FYdkZ3z3MNRJLrE6kGJ3o3wK8af96ekeib9ujYg0XzAUQW0hnoib/0', 1, '', 0),
(503, 'o72NAtx0JEbozBgPU9cTHbDI5mnU', '月桂', 'http://wx.qlogo.cn/mmopen/qoeLU7RsoOu4fONuIZQJaQfMqTFg98YibHRhicFCVn9qhCpy26n6ogWOVAicicTCkXQKjfCPowZpAFGOCYjTrhFt4fFVMbV2HIRs/0', 1, '', 0),
(504, 'o72NAt6CLhsHuNVVq3lz47bJK4EM', 'Dr.诗阳', 'http://wx.qlogo.cn/mmopen/ajNVdqHZLLB71dMGttI9icltYyZibm1rdb69tBZOxNVhEmh9aJ7NRzIyJoNLW2NJFqQX39Bl9ciaHvJiatYF2vicg0g/0', 1, '', 0),
(505, 'o72NAtz7w71FuFzHxo2KkH99NAbI', '不要太浪的小憨憨', 'http://wx.qlogo.cn/mmopen/qoeLU7RsoOs6h9JNp6tvEyNtG7jJ97NfQHJ8dxOLwODzBJMNqYGey644jjhMfGUzQDbP6yeLA0v9wvFTskr78gycuQe12JZ1/0', 1, '', 0),
(506, 'o72NAt_VK_E59S8LAoml7pkySaiw', '魔', 'http://wx.qlogo.cn/mmopen/qoeLU7RsoOtRWibdBR0zRxFAZ69eMqPvyquWwl8MEkkIUuYicWjwJEfGM2GAP4MTXCo1ichmTM2lpsD2MZPGFUw0znbjwibgEzzO/0', 1, '', 0),
(507, 'o72NAt6m1XrMMvD5F3KpdHqTJqjs', '车厘子小丸子', 'http://wx.qlogo.cn/mmopen/SJdY6DbrNqCbGaENoZ2oj4MTlDQ482zxAwUX33gKl7A8dFmPnhEx2ad1rTryRQZdcrg8uicLIpnsKEibDjyYUwxvib4Zj0q8Zpm/0', 1, '', 0),
(508, 'o72NAt1LBBxfBdXJLHCDR5B7Wk7M', 'Time to', 'http://wx.qlogo.cn/mmopen/8uI2QPoOQRQE0qk9SpmVggiajND12pFDOa9YdglpZKzz4GTkJial3lVTIVBjT7gE4K7CG0eqe85KaVbhq8JzfSP4SDLfcUouibm/0', 1, '', 0),
(509, 'o72NAt-3EDLNAaiCFEE0xtzCGgoI', '局外人💓', 'http://wx.qlogo.cn/mmopen/ajNVdqHZLLDIzYUXUgw47UwtV3V90Kz7XjOu6aHYia1kflAgeBzuS2ugWrrGWWt5YUwh4AbpKZK0oPDqo1BVltw/0', 1, '', 0),
(510, 'o72NAt_940aE9lMRtpJSwcD12Ez8', '暗里着迷', 'http://wx.qlogo.cn/mmopen/8uI2QPoOQRQcYh8lbwOJ42rVW98XBpjZWTdaaGuMK084ib8dHlLPRiaPcwEf61cPo7QIKle3KNCHN4wBryXD9Pw2tbYJufos0q/0', 1, '', 0),
(511, 'o72NAty0fyFOQXZfZ3w25g5lfj8U', '小帅_姑娘', 'http://wx.qlogo.cn/mmopen/IhU3HFSL9Hia9FYx7CibQBvBebibkzticEA7Gyaib8zHBNIyTVHk7NgUP4d6rTaIiaQAYRqsYTk5NdS0TWphkwOo8icTr2duBm5Uwia1/0', 1, '', 0),
(512, 'o72NAtzNfkrTz2saxqPj48CCTPzo', 'Cal.', 'http://wx.qlogo.cn/mmopen/ajNVdqHZLLAHgvho2A2pPspTzicnbVWgdjfrrpvMwgWdTbHAfOemFPiaBugOLfKHbianbd3edrNFVHVtnyFykglTQ/0', 1, '', 0),
(513, 'o72NAt05JqMUZIh6raMKQnIgZcdo', 'vicky鹿鹿王', 'http://wx.qlogo.cn/mmopen/qoeLU7RsoOs6h9JNp6tvE859bVyswendPAO4uEjePFDYibA5oiadXQaMZ5RBsXAOBjYsicsnTk0vcX0ICxDlfn8kaoImlKtia1vc/0', 1, '', 0),
(514, 'o72NAt-WTklHhCg-owXGUyVyhNBk', 'young', 'http://wx.qlogo.cn/mmopen/IhU3HFSL9Hg1S5EGFba9FTGgh6jsE1iarbWvku8nGzGQwh8T2MdXx0uOaD5pTfYAonSYqfBEiaIjS2H57vg9wnTzbkeOu45UA1/0', 1, '', 0),
(515, 'o72NAt-iUR-AXVi1hCm-jnblX8LA', '蝶衣', 'http://wx.qlogo.cn/mmopen/q5Oz9CVNAOiafxp2uIQFibUSVM9cmIribh4gXgmZzjM8klbuAoN6fTBnWUEYVJr5dP7oagZiczPicqqAxQegTnibfgjbBQp5hUfAqk/0', 1, '', 0),
(516, 'o72NAtyh46JN_beEOxqFo9BNPpR0', '胡森文', 'http://wx.qlogo.cn/mmopen/qoeLU7RsoOs6h9JNp6tvE8j1XpAToRVm2iczJTibMpW9sVNAQqtUFaY9kAa8UU3lZ5y7ckPtAtp5XRYSibyXsUMt6oPXSMwAv9X/0', 1, '', 0),
(517, 'o72NAt7M6bSSxIg1oBjr3wyE7FNI', '痴心绝对', '', 1, '', 0),
(518, 'o72NAt7_NXIEtpxpNxWu-0PsVIgU', '影', 'http://wx.qlogo.cn/mmopen/IhU3HFSL9HhE0BUBUMnWgH4AwGjdMBZLkQsawzmsiaIdCiaHCGNtF8aNt6Hd7kHZiaMREO6yEemHib8rg5OibxXB1IGAhiclrEicIao/0', 1, '', 0),
(519, 'o72NAt5TE-sY29rLEkymDnf1Phnc', 'Miss Yu', 'http://wx.qlogo.cn/mmopen/SotSLgnwbjJKiaQZoicZDicia1spBvGAjUuf9LYgo6qfh1Acyg14dV4uomqibsTJ3Oibz7yAeibbsGbExkQHb21y1EhwTDKfjjrmmhJ/0', 1, '', 0),
(520, 'o72NAt6IDe96HcH65g9EPdDORxtc', '怪、', 'http://wx.qlogo.cn/mmopen/FMajU52WvbHYXl9sM0R7XRicHqpgicWkBiatb0cA2liaOBIlIFzGlZSBcjFia5kIqe6bzyxIEuEB1iaE9TvTONIKBKgA/0', 1, '', 0),
(521, 'o72NAt9Cp5ZoksKWjlyT9XAnJFRs', 'hcc', 'http://wx.qlogo.cn/mmopen/FMajU52WvbHAFrS3IzcSIV2gBCZ8IuU2jXPuoLf6p3CKToYhiaBNad4r5vUWtIlTxQHzFqVaLY1LDJf2iaalXHOxyXSqe8LYYC/0', 1, '', 0),
(522, 'o72NAt9tiSWJu6WdlUVa7bT6eM_8', '长宏', 'http://wx.qlogo.cn/mmopen/qoeLU7RsoOs6h9JNp6tvEw4rlJTEfLs4Tdy28E1SqMsQ6D22KJ6v2ovff1HbfRrWSsK58bcsGFwIXsvgeAhST9LbZCd67TPm/0', 1, '', 0),
(523, 'o72NAt_-gDMPPjtp1_EqsAqkZ1r4', 'Bunny', 'http://wx.qlogo.cn/mmopen/8uI2QPoOQRTHtg6ZxlV8hvwtNYPMsw699iasxUw8MicQzQLMO8xteP4Hs43lOlnib43tZm3zuXmCdPK2lYk3RVUXS9uIjvnibVJD/0', 1, '', 0),
(524, 'o72NAtz8IYE_U_JK_KeyY6UBvJO0', '鸡蛋面', 'http://wx.qlogo.cn/mmopen/ajNVdqHZLLApcaqibboWKBia2Y8ia0wvia083XHs7U5x7IyZvhusnsTB3YurM7iaIkrqJcu8dn849n3Qz1E1Mk5ETkg/0', 1, '', 0),
(525, 'o72NAt9DwGbw5vbUFk0A-sV_6ujA', '同名', 'http://wx.qlogo.cn/mmopen/PiajxSqBRaELMOF6jJsXAogWy0ShBiaIOvYTkOM6RjZ4mtwwFQ7p88DurplNL2xZx37sD1djBM9VrNBaiafZuibjwA/0', 1, '', 0),
(526, 'o72NAt8aQjg2ZLRHYPgbgFuhJgDc', '王紫微', 'http://wx.qlogo.cn/mmopen/8uI2QPoOQRQE0qk9SpmVghwJwMlW2XO43ib72AbajicSSfXdCqbTSH2ib6UX7QSPMQc5icPEhpZRckGTnDibYL7v6FnAa3d5GeQb0/0', 1, '', 0),
(527, 'o72NAt5A7rBsF4UokwdvR2Ny9tcs', 'X-3', 'http://wx.qlogo.cn/mmopen/8uI2QPoOQRQbhYPFdS7lp087woVDO7I259AKnMSRnkAmiaAVOBjjUhQTM4eUHvuhDcFZE6GPYJTocunT2AP2oVrVicCoJDXxjJ/0', 1, '', 0),
(528, 'o72NAt92KUqykTtBBw8dTBl-vYH4', '家爷～', 'http://wx.qlogo.cn/mmopen/Q3auHgzwzM7icKBAc4Eaqb8EH8ZCKdHicwojComGaIUwTrTRV8bqkicQPLVnshydVwx6VD8EpCryicF4C1evtkicY43nt6VpoPwEJLXWUFtB5fIs/0', 1, '', 0),
(529, 'o72NAt3il1CYQbii5ZlQScXBhDEM', '夏天', 'http://wx.qlogo.cn/mmopen/8uI2QPoOQRQE0qk9SpmVgsL8nqohFPI7RoicxUr0tAWDBf7nQupONNOWMq6xRGRL5QZwrdNBpLMG54peQqrFuXvAdAC7JSQLY/0', 1, '', 0),
(530, 'o72NAt4qB26PreAk__g2V8wX3mWI', '魏苍蝇#', 'http://wx.qlogo.cn/mmopen/ajNVdqHZLLDOlHaWg57vsswSLjnWZVF4CUj4N0TzOqMcGTNGicf089iagSTM2v0tH4uPCPOSHOyg1LicMWHhJLxcg/0', 1, '', 0),
(531, 'o72NAtxJW3qIn_peBAKjORsRqUfQ', 'Qiu', 'http://wx.qlogo.cn/mmopen/IhU3HFSL9HgIEUsxGweGtjKjuM7iceib3LnJgcb0Hg2m7BIOBGM1H7graXC6xv8vB4gnDaRXMHR7ibyST4VL4sed337t2Jxx5UC/0', 1, '', 0),
(532, 'o72NAt7VyJki9Sjm5K6MYZfiuP68', '行走的烧麦', 'http://wx.qlogo.cn/mmopen/8uI2QPoOQRRmI9C8GQLB58kzicSYtDPgibiaBuYAt6bEYqjcAt05u893R3Z3Gibk0hUXz64pfWib4ld4cMr5Z8uDcUvjNmLLN1nIm/0', 1, '', 0),
(533, 'o72NAt739LqU3i-dhM9pfEPBzcYs', '龙思佳。', 'http://wx.qlogo.cn/mmopen/8uI2QPoOQRSVWaOf7q67fJibtC4ZkAqNKfHaEsicclwuicgcneruaicIr0ohxvVT3vhglZHMXVqoXEtx6T8U5p266TIArGuicguibL/0', 1, '', 0),
(534, 'o72NAt9txQ1sgSAq_6xp2QR1GU4c', '我还是不知道叫什么', 'http://wx.qlogo.cn/mmopen/8uI2QPoOQRQE0qk9SpmVgviaeTOPNiconh15KoWNXJe1jod4kfoVoUBJQ4icZtAiaUWBe4EXFByYe5jmn8rKTzA5PUO7eSpJGoYg/0', 1, '', 0),
(535, 'o72NAt8Sna0fiTuwckoFloFVMNI0', '小棉袄', 'http://wx.qlogo.cn/mmopen/qoeLU7RsoOtb4Q166O4Bl5M7hNnoOiaiaviaaM2lpW2hZegjBG7yic4ccPY4ic2BYN7zdMfgwxzhe2IUdwHKqWc5Tiav1TMAtiauSRH/0', 1, '', 0),
(536, 'o72NAt-3BpQ2a7IO3MzcPalvcaOQ', 'Yvonne.Bubby', 'http://wx.qlogo.cn/mmopen/IhU3HFSL9HiaXW4kBSWDFQh9Ul57lCfhibQ7OicR91RcNtvbQ6RJ3ZibPYezUCTxjsnLWWNZ2XVBXEmQzEncrI7XnYicqPPvrmEFU/0', 1, '', 0),
(537, 'o72NAtxo0D2x097Aws6gENjBoEHY', '任雄飞', 'http://wx.qlogo.cn/mmopen/8uI2QPoOQRQE0qk9SpmVgrC85zDNQWUQaibqKlr1PYgcLuB1CGIYZEq9Mk2Z36nOlPIgTCWd17D8ncRCib4zau6iaP82jdTmHw2/0', 1, '', 0),
(538, 'o72NAt37878De-_lWmNiDnRFh0ig', '李瑾梁', 'http://wx.qlogo.cn/mmopen/IhU3HFSL9Hia9FYx7CibQBvFNpLIavyZghGZuSAl1eibnJhGalQrAyxLReoGibsqZRibDXviaoia39aB1uKNovTY48RImuRSibkxJ7jd/0', 1, '', 0),
(539, 'o72NAtycm4cKj75ltS2SoFXLOVI0', '重庆浩正国术会馆-JKD', 'http://wx.qlogo.cn/mmopen/FMajU52WvbF8DHOiccwy9Vicvv7OiaT8cHh5hwxNwsKQ7mW9tpshiaTmvTEJBP8Qh0t1yLOqxduErPODGVc4qrUgeGficXK4HeRhw/0', 1, '', 0),
(540, 'o72NAt-y9t_WjHNe6qk-gXFVSofs', '张柏年', 'http://wx.qlogo.cn/mmopen/Q3auHgzwzM6cwacbxvoNLhZ3ujXHEZWicbre35EM8icawWuareyeLicdyDQwG39zLVckJkftC02nKbR1ZFVl4s1o0Wk8QhgkllAzvoW4xv5nbg/0', 1, '', 0),
(541, 'o72NAtwp6C0CH09a_PGnUfgW4lD8', '扁舟一叶', 'http://wx.qlogo.cn/mmopen/qoeLU7RsoOsZicWdibTF6Yk96fhgT9AeRDOkUj4nTHfhphWzBJSrDK4ablnUKbl8j3NkiapicPWR260NiahQ5eQAeQl3CNlANveKib/0', 1, '', 0),
(542, 'o72NAt906ZfceA0QNLHueqLJD-LE', '天赋', 'http://wx.qlogo.cn/mmopen/FMajU52WvbF8DHOiccwy9VxibdziaBAfjJKrLwTGI01icOmb4YMVL8Kggv71juiaoOnqnLlU9jNictgBuPSq5X1CF5ib9I6icAOhMcoc/0', 1, '', 0),
(543, 'o72NAt8MdGsDuGI8TppZU8BEObMA', '👀', 'http://wx.qlogo.cn/mmopen/IhU3HFSL9HiaIdE9j0YHIBVD6Neic3VOIbqhXrJXEOS3vtrFPKczOcC6aKokljYGttuibW7ibASXCEcUVbBU1AZUABJk9NNAznnl/0', 1, '', 0),
(544, 'o72NAt3WAMNmCGE3t788Z9_lrL9A', '史波', 'http://wx.qlogo.cn/mmopen/FMajU52WvbFgNbaY0icJRQVMnPiavDZao7YBkaeeTKfH3a4kkSCqR8Iu3TqWhzr1nDhxl76ryAFUKLMBWecBzA6w/0', 1, '', 0),
(545, 'o72NAt3pHSA2g1CTVYf-VKBLUtdc', '玉面小飞机  🚀', 'http://wx.qlogo.cn/mmopen/8uI2QPoOQRSomRibbjwiaBaBYzWPz5zb5OZBmoaGqTDfY1hrB9icWR4zwGrrPoTmOcMuI104N6ibR8oltupB980jovUp9ibGJDQwu/0', 1, '', 0),
(546, 'o72NAt0P1-LTFiUlyKDOEGGqD0XU', '宇斐', 'http://wx.qlogo.cn/mmopen/Q3auHgzwzM7XOjWMj12iaJVr6q3SV4J3YB7MXUP0ITxEH2Udavz5Qxlj3Oa3lqxXibJc4rQnmic4SX34O9plICWIz7SBBEmnoaRZqBCKC3TAIk/0', 1, '', 0),
(547, 'o72NAt7SP41A2kxmYtnZsDu-Pteo', '佐君律师', 'http://wx.qlogo.cn/mmopen/IhU3HFSL9HgHIddibFWlJ7vPc4y7VYvbMtPPZobUe2d1crq9Kibod0XcDHkK5rBS3ycWIlHbQMmvn6OSZDPY0SthZZZdwIQDtA/0', 1, '', 0),
(548, 'o72NAt4zvC3NI3nBMXgSILLb_N_4', '三分ˇ七分', 'http://wx.qlogo.cn/mmopen/8uI2QPoOQRQVj3vp1jyAjgKOL8msZr6MAMqTv0n285zhcSD3f59LTW9ibXF6JpicL1DhBGAcpXTIjJZthzAuy4icpsK7R0Dekkia/0', 1, '', 0),
(549, 'o72NAt9Ba3RItoCgzvNepSvuXHgk', '沉默不代表无语', 'http://wx.qlogo.cn/mmopen/qoeLU7RsoOvMEED43xFhwAosmnGZWodAqISA3UoKycUNr7cKibmfPiarOITiaB77EdMLNEl6jnqkfMyOxRPNiciax83ON3Go3rCgq/0', 1, '', 0),
(550, 'o72NAt5bnjPmBsCac1bw1C5k5rt4', '蠢到深处自然萌', 'http://wx.qlogo.cn/mmopen/sxpqy9YIicgIpkKJ6AJUmamHoFt1CWKzspb8PJ9kS4Zgdw8ffT2Zf5LtpBfZSrF6Vg8xSg1yQQ24szqXibnK8iaJibgWxMALNK8L/0', 1, '', 0),
(551, 'o72NAtx9Dlh0jvrltrnAt71hctJE', 'christa', 'http://wx.qlogo.cn/mmopen/IhU3HFSL9HjAG8ziadCZ3hC3ofHBrTkos4PcW0Q1RqscycfjkAHFjlWLKDN9MLXIzOWAHCibwWvGpuo7ex5HpibdcsiaXApOx7KM/0', 1, '', 0),
(552, 'o72NAt0zWzaukZHHtx34ZMvzkkts', 'Sye✨', 'http://wx.qlogo.cn/mmopen/ajNVdqHZLLDjibGHicHEpdC5eUUY4U96S2Fiah7Iqz2tTDkQyzNP2BpQgwuQDxwdNESvQ9TrzZxHl0VL9SN3ymicbw/0', 1, '', 0),
(553, 'o72NAt16J5SyvqSZDUVUWZNa02S4', '畅畅畅想要到处蹦哒～', 'http://wx.qlogo.cn/mmopen/qoeLU7RsoOsswmXrvOgibtOrthLFXXCDzia1pctUIcTJIPOBzibvCZSGRdUaxWTZBL6aqgrzumpMbyzSXeZ7kqko8ADUy3H7icibh/0', 1, '', 0),
(554, 'o72NAt4H_Tuwt4QjHq2k9zKEwYhQ', '单豆豆', 'http://wx.qlogo.cn/mmopen/8uI2QPoOQRRibdrNHDN8R2Bmyk9ibAoq3kic3abDsMO59Z9Xibop9CG2NzInpu7YTEHDq9icT3721iaP8He5RubSxUnUr8iaXZ3sVicZ/0', 1, '', 0),
(555, 'o72NAt_0P33SUfLpcEjNx6ebCjkc', '', 'http://wx.qlogo.cn/mmopen/8uI2QPoOQRQE0qk9SpmVgnRqTdTDhVdBsU8mibjgziaxaKuGqO4ckvhqpIDJq6Tu4cPCf68KMiaiaeoPq8MHt8KO8w6ia6s6rcnjib/0', 1, '', 0),
(556, 'o72NAt6H5ub3Fg2R2SY-JbN_VxS4', '。', 'http://wx.qlogo.cn/mmopen/QfkduZeo3PBhtnLAoGsgIGF4BPe80n4aaRR4ic1DGYBZjD9bZAO278VERe9ibe7vwYicicVsiaJ9WsJzPic3DlegJtbWQmKxpqWV4ib/0', 1, '', 0),
(557, 'o72NAt1pD12yF6cck_xVoQvsM0hI', 'INVINCIBLE', 'http://wx.qlogo.cn/mmopen/qoeLU7RsoOs6h9JNp6tvEy5G32w0kcbIun4a5ykUe4aTTua677aVeeHEkpGltLITOzxZMQSQSx9GefE9HmpmRztNibuM0iaLRW/0', 1, '', 0),
(558, 'o72NAt-EMExsUF30qI0CWLVeaazY', '请叫我老刘', 'http://wx.qlogo.cn/mmopen/jiaOE2jATp8eZUibYeqoo3qxw8tSaxytnqTLhUc4Wjib8IgRzF9p9Dz65h7pGpVAI83wAuvkRqb9yxvSLTQAB4A2w/0', 1, '', 0),
(559, 'o72NAt3KC2Z3ivK3wsn3V-_ktMr0', '王媛媛', 'http://wx.qlogo.cn/mmopen/ajNVdqHZLLAxe3xjkuicetMYTfZjCQnKAyvOuibsEfZS8sK82sGSCSICDXsZqOGTlmZAicH8nB0FGiaHklKz6pr7ibL4Lbs2XRic52cv4VX2n3fyY/0', 1, '', 0),
(560, 'o72NAt_JO4sGdE_xQcN5zF9n9Ikw', '冬雷', 'http://wx.qlogo.cn/mmopen/8uI2QPoOQRRLnmuicLFK359ibuAbkqy6IVMkDGSKQ4Y7lXo88t79z3u66iaA6UCibBzsvXIpV3ibJSTttjGtStiaoL1MqjnecBPyUd/0', 1, '', 0),
(561, 'o72NAtw6bdiMqbmHkTBpLGe7GOTc', '陈俊润', 'http://wx.qlogo.cn/mmopen/PiajxSqBRaEKTVk7HLNHhdNEgQVtJvj7qZ6rpntq6gXbcAZdOGVWbuCE35yJ1XMJt5Cpib7EU6JhQ4vZBTUO6Aiag/0', 1, '', 0),
(562, 'o72NAt7mS_Jqwl_P5qAR6CqHwqhI', '闲鱼', 'http://wx.qlogo.cn/mmopen/8uI2QPoOQRRSd6miazkHribJGdBcphBrH160AjI80W2QyFaSRfiae52K9jLIl6frWmB43PzFia9NO1iaEQy76qibR4TjFiaZLLib2wsc/0', 1, '', 0),
(563, 'o72NAtyUGqgZDvBhRoH3gmrg7BAE', 'Atonnnnnnnnnn泽辰', 'http://wx.qlogo.cn/mmopen/IhU3HFSL9HgHIddibFWlJ7sF1w2h5cZWXjBR0ibk4T0ia9DaXZjzOxV7eCPO8rOvjjqFzldnpFVOPfP5h9kFuicJksurjXP8pibce/0', 1, '', 0),
(564, 'o72NAt0G-uTFaDLL--xeDUGAHrOk', '王国栋', 'http://wx.qlogo.cn/mmopen/ajNVdqHZLLBT1XSD83aBgqslvNsVInyuqoJM6icuOoiburh7r8Sibgqu6KduzV1uLjMrbR6y20SN05kTnKpT43iaibA/0', 1, '', 0),
(565, 'o72NAt1fpXGdYii5eFk2NjqKpqOs', 'LIYING', 'http://wx.qlogo.cn/mmopen/FMajU52WvbF8DHOiccwy9Vw1TCOc6RUJ4710tzdlK2dyFWjtRFjM6KW6icaRDDr5mKuHibibvWtY488cBZ1sXaznjtjpeibRVia1JK/0', 1, '', 0),
(566, 'o72NAt-N4xleIkPtbiQpL89URvcM', 'sherry ', 'http://wx.qlogo.cn/mmopen/qoeLU7RsoOsZSz5jcTbAqWic3mFib17aeLV3vXfkKiacmY1BvAOzZia67MDCbDIFJBBuB426ZzS52ibHyr7o6B2bvibSSSicb8F8Edj/0', 1, '', 0),
(567, 'o72NAt0LgpHAhKSYRnN1LSbWoZuA', '李梦伟', 'http://wx.qlogo.cn/mmopen/8uI2QPoOQRQE0qk9SpmVgq3HAQyPsayXOeNNJZLKpMbaYo65VF3yuHk17LXcjktw7q4XZLvGoIghPndt1A1KOpF7gSlicdel7/0', 1, '', 0),
(568, 'o72NAt5p70zISiy9ycKankyzGeaw', '清凉一夏', 'http://wx.qlogo.cn/mmopen/ajNVdqHZLLCw97XIv1t1ce0OveaMJDgzDXV0apCELBqCvGteSFrVf0AXziarxvOtApibnBIBkGVeW1199Rqe5TCQ/0', 1, '', 0),
(569, 'o72NAt8BM9vWwoVIUGcZzCazesm0', '🔥', 'http://wx.qlogo.cn/mmopen/8uI2QPoOQRRkd2iaMKdNMoukHKFckjb385DHJzbozLpIXWA5Y7uicO2Q6TX8gVhPFL9OjrLfsJo4Y19E7zxSOTdJdbZKskQlyg/0', 1, '', 0),
(570, 'o72NAt71t2wJ_w7GRj3u9jh84nFM', '殇彡觞', 'http://wx.qlogo.cn/mmopen/8uI2QPoOQRQ3kd5O4Tp8f5NXcJXvkcvYjaI1lSj9matqOnHp8ljiakAqDWeVAFTIdOJfLCciaJmDRSzHhOhEII0tDCHNiaJGZIn/0', 1, '', 0),
(571, 'o72NAt9uU6BH6Dg3ZqO-cFkYzO5Y', '刘攀', 'http://wx.qlogo.cn/mmopen/7a8LZKrFooesKdoMRSym5ahtabkdDIpFTfUjHBWMBqpGHh40UxJhf3wxN9f4Y1TK7EIK1AauvvVIOlhVgzrHz6GjxHHEOtd8/0', 1, '', 0),
(572, 'o72NAtwpAlG0oTr7lHF9Dtj8568M', '小草民', 'http://wx.qlogo.cn/mmopen/8uI2QPoOQRTHtg6ZxlV8hkLNqzh38WM5n37RicCclXYqhxpAaK6KWPlkpgKQFwDmwyR7R2TTtxic2J77pX7vaHn1T7amwbZV91/0', 1, '', 0),
(573, 'o72NAty5aWzRfbZr8UskcDRho7-g', 'Simon', 'http://wx.qlogo.cn/mmopen/8uI2QPoOQRQUiaEU9GFSVFweLGoobcGb0Gw0oZH5QMaPUhB6HX90Dzq0kkvfQHxAFXmEXAVs34e2kRS5Xf6o03aQ8xoqeYviab/0', 1, '', 0),
(574, 'o72NAt6k1tGnqMDSsQhrUz3QdI1o', '王尔小', 'http://wx.qlogo.cn/mmopen/8uI2QPoOQRQtRnajc8UuiaY5HnBggGWHmTCqaiadP1SVvpcwTibve4S11eFyzB6IcyB32szTeREjpvxZlsXakSE8Ujia6L6zlcric/0', 1, '', 0),
(575, 'o72NAt0iZYNlSANrYxvgj1VqtVwY', 'Mr.Wolf', 'http://wx.qlogo.cn/mmopen/8uI2QPoOQRQE0qk9SpmVgpYNKrHCOnwNWoh069OATa8MXpp978FeBSXQgr81bCE18cHSeHXmibricFFCNbmsowR7icQNuRLvTIq/0', 1, '', 0),
(576, 'o72NAt5WCvfE9S_N-DGBaYIHS8Ec', 'Edison', 'http://wx.qlogo.cn/mmopen/8uI2QPoOQRQE0qk9SpmVgsMdazM6FokburibsicPdLwzNbCf7Y9icTgG9ZIzm1v6GoFAn0icLTibCsmzurttSlWY1CafG1RTDkRP6/0', 1, '', 0),
(577, 'o72NAt6de2PoS23K4Z9yoF-aSzFI', '窗外阳光', '', 1, '', 0),
(578, 'o72NAt0Lg7RVBiYkwCu65IlcOK7Y', '海绵荻', 'http://wx.qlogo.cn/mmopen/qoeLU7RsoOs7b5JHLsJicSzib4dnia23IibnO46aK1ARdFIJ2RlD97mVKTNKOov1L8VVb1Vz1FFcc0jIYwh0mNxFibGUcXL52BicZh/0', 1, '', 0),
(579, 'o72NAt25w6NJ6fNqGubH3l4MfRT4', '放下那些该死的面子', 'http://wx.qlogo.cn/mmopen/qoeLU7RsoOs6h9JNp6tvEzicI9FffT1LHxZflkIG0QT7AD8fkykdzFhT4vfkRRrKu7Rwn5jFOapLYw4FgCRe2DGSRaR6kPyu5/0', 1, '', 0),
(580, 'o72NAtzoWEQEJRo4L04OY0x1AHHo', '浪花99', 'http://wx.qlogo.cn/mmopen/8uI2QPoOQRTHtg6ZxlV8hp3ef0KPykYIrK943Ude12DNwwQOnOTEdibB5IoIt6kowyYjGq2k5HUcfAb2vZnZhicHW6t0S3F9jy/0', 1, '', 0),
(581, 'o72NAt0WfcfNqY3P7VeYuuiqNLvY', '猫非得已', 'http://wx.qlogo.cn/mmopen/8uI2QPoOQRSDVu8A8GSquia2StlejQs3Um50RNC3TEKQsX5Ca8lF9icmzc8XqIaQvr1fh7yUZNIl25QnObQKTmicA/0', 1, '', 0),
(582, 'o72NAtw0ANrqzzonjbqnoG39_6n0', '孙de全', 'http://wx.qlogo.cn/mmopen/qoeLU7RsoOs7b5JHLsJicS8guvUvicF32x5RrJibhUOjHRJ4n6dOPlfSmJRFDzb3MFobgQHNMZJXazqNuBGLqsxz5cPkhOgFml8/0', 1, '', 0),
(583, 'o72NAt1Gpa6EvEwQhaGQexL_gSig', '我系外星人', 'http://wx.qlogo.cn/mmopen/IhU3HFSL9HgHIddibFWlJ7sWpEB3ia9evibQaC8Ne5gfhKvF7L1Sic0cOYiaeHJJW3mgTIzibRdGxdBrue2M0Anmj5z6eY25kYsDE3/0', 1, '', 0),
(584, 'o72NAt9QVlp6v8d6LbtsSmMBtkss', 'sunshine', 'http://wx.qlogo.cn/mmopen/8uI2QPoOQRRNo4VFQJVEdRza3o5XqnmFd4SXJfWX3OU0Td0ZXUYK0NsCGLLXyWAtrgjrJ683icsCaJuXQzRYQ6SVKfmvpw9pc/0', 1, '', 0),
(585, 'o72NAtxtX3nHCmzw_WmtMIztfQxU', '真诚', 'http://wx.qlogo.cn/mmopen/8uI2QPoOQRRSd6miazkHribHiceyh60G4Sa41OsZolt9qDDn4tiaqqVJicm2TwRxpscBhmDBmS3KibZtJicU4N3M7nOjX1HiafWRuibH7/0', 1, '', 0),
(586, 'o72NAt2ue6VF6HOeN6FhueLhNpp0', 'Mr.lovable', 'http://wx.qlogo.cn/mmopen/8uI2QPoOQRSHGnwRCgBibMUp2E20ibheIcx58xdKaicLSDVFFXTzj3nR5LMJoibfqwTQEHpc3hVIh3CJXCaGzVy7ic1uJmrnUT2eR/0', 1, '', 0),
(587, 'o72NAt5mIJc90imRf0yqU05XW-cM', '宗明在想改变他自己', 'http://wx.qlogo.cn/mmopen/8uI2QPoOQRQLOUia3LjGNHI3bicJhktb5tADdRqI5erS1HX1XbZCu3to194SNSrJrGDaSgWQ4YDEeQBfZC3iaesmuuBibGib78Hiby/0', 1, '', 0),
(588, 'o72NAt6U91pDObuf9Rya8c0Oy5XU', '白白', 'http://wx.qlogo.cn/mmopen/8uI2QPoOQRQmYLqZ5lWpOKo5Iib6iav4ibbtgPUV5Gu5SvPFyO14AZdxZ7SY5ZcW7gmQDic3TCtX9H2Ic2fTyWTMyu9zlHuQQQzd/0', 1, '', 0),
(589, 'o72NAt0wOQpmJQVIlDDdpJczaefc', 'Just.', 'http://wx.qlogo.cn/mmopen/FMajU52WvbEbPkgbHeAeuThib28LBemwru5RJNoWfPm9kNb3OIXsG8oBKGJbotAN5BYPibVLRXTcOMwQek90R7SibvCjiaU43Ed1/0', 1, '', 0),
(590, 'o72NAt78Kd3WcheqKtl9iHq3LRU0', '也小妖要成精~', 'http://wx.qlogo.cn/mmopen/PiajxSqBRaEK2dKcsqjnpmB5UrRffxAot8RFRHcSU7WibxpKUCBxfwPuoH1EiaM2ZX0d47lrr1YzfBduibNmoDnWaQ/0', 1, '', 0),
(591, 'o72NAt-q8yUlSbi70TvnPpIQdXcc', '姚子刚', 'http://wx.qlogo.cn/mmopen/IhU3HFSL9Hia9FYx7CibQBvKweOorGia7DSS6DZ3cVaVFsBMof4NLTympcuKVYOGCTYmXulZU3XyUqibxcLHR5vZDjYKuicoGy1x5/0', 1, '', 0),
(592, 'o72NAt76fas0-GEWieGLMi1AqMe0', '家元', 'http://wx.qlogo.cn/mmopen/IhU3HFSL9Hia9FYx7CibQBvKPzDIcCXiamJQBmN2AEcqEQIfSzoj4gMBObZJKkq8kpfnhDjVcMoY0D3IDJAQ1F8TiacwwyEDCOtb/0', 1, '', 0),
(593, 'o72NAt1fEc01TAy5AJknO3XVwmGk', '冉国清', 'http://wx.qlogo.cn/mmopen/8uI2QPoOQRRRYCoOOWZBjWXbibqsRHnhtLliaQ6mbkHdbeECm0AFcoArOqh4op5mR4SkcJ0VubILfsV4lvVhYia2jWbRxE6pgiaia/0', 1, '', 0),
(594, 'o72NAt9WWe8rLlLpnyEascWalY7Y', '变脸', 'http://wx.qlogo.cn/mmopen/IhU3HFSL9HgHIddibFWlJ7mLXyTiam7tZiawT1TbhhkBAOuqJo8YxTG26qeMQbMGbSPd1sJcSRdhvgkVldd005syvrp4weDeoBa/0', 1, '', 0),
(595, 'o72NAt9spXFBYTAx71IK8eL0BR9I', '张别人', 'http://wx.qlogo.cn/mmopen/Q3auHgzwzM6cwacbxvoNLhZ3ujXHEZWicEUk6FrtepBXPERMFQfZSb6Z3d5NTA9BwryrOOHichyzSFHllPk7IMjRtZSvjOvUSpJzicXkukReaI/0', 1, '', 0),
(596, 'o72NAt8P2CbAHb3ZuCZlFm8tIru8', '敏楠', 'http://wx.qlogo.cn/mmopen/qoeLU7RsoOs6h9JNp6tvE1YKwrbj42b3D2P40uIcQzy4wCDovMRdibOBmrnB5ftMliaibnGrWbGwZbIHcJ5dZ09VDIuRunAfzD0/0', 1, '', 0),
(597, 'o72NAt4ymroe7KD35TqvZr-RAKas', '小呆呆。', 'http://wx.qlogo.cn/mmopen/Q3auHgzwzM5ZMpQ2s8oXTUXSQOF2Yx5ibyhYmBoh5KnCboicQ8USaHtGGXKSlEXeW1JhXCFIfk1Ys4ic4UIhiaXjauVtWvnAcMxUlBOcLV3xV4I/0', 1, '', 0),
(598, 'o72NAt0HO-FXUd_qzkJnWFeLpozw', 'A.S.L', 'http://wx.qlogo.cn/mmopen/8uI2QPoOQRQmYLqZ5lWpODCdxXYde3f0icO6umW7u0RC3j52IvuxiceNjrgB92kTtVpJsOvjTqrLJXQGoKZATFspdHhCJNFxYz/0', 1, '', 0),
(599, 'o72NAt5xzghnS3oI115cbKwRaRec', 'Tiffany', 'http://wx.qlogo.cn/mmopen/8uI2QPoOQRQE0qk9SpmVgs0BeibGPeDelWcgeckeBbqv6bRX0VwDFFcv5nSicpcI47pOf9jK9fEib2LyOxUlx6kXpdgpTQl4hV9/0', 1, '', 0),
(600, 'o72NAt4Doh9H4rBdPWOtBe1_yHmo', 'Sunny_Zhou Luoyi', 'http://wx.qlogo.cn/mmopen/qoeLU7RsoOsfFicvnQOnhU6ymjQ1UrVibattTGaiclWsdXD7zJrTHZgHVBDEx8R1bRrNZ2EJUQUeUUia2ia012oIwRyMQuymG8ak3/0', 1, '', 0),
(601, 'o72NAt1Oeu2kKyZp89Jiet_4YqAQ', '茉莉香', 'http://wx.qlogo.cn/mmopen/8uI2QPoOQRRSJBzJ2Gt3wicRm0Sib2victwXDVaYEvs1ErBxpkqxvGsAJmqoRuvicvBGOjATcQic1PSxsicoYnqL98XD0cxT9C2KDd/0', 1, '', 0),
(602, 'o72NAt_ZwHFBsgVuARQ5G4hnDY2Y', '鲁楷', 'http://wx.qlogo.cn/mmopen/8uI2QPoOQRT1w7WGfmYO66icfnFxYaAPyyXSF4lq5h6W727kds6icDy9piarMrFRKSkc83VGiaCyeMCC9zxQibIDiaEapicEpeyBNcf/0', 1, '', 0),
(603, 'o72NAt0shf9r6t2CF4nWKXfu_mLQ', '我侄子叫我叔叔', 'http://wx.qlogo.cn/mmopen/8uI2QPoOQRS3Dm80HhgUiazhWMptgId6WhSXdggaH3QKfGAY0iaweRT9ia4XjJCj1MhYMF5ib0jA6HcX6x96XyoH1Q/0', 1, '', 0),
(604, 'o72NAt07s5E6pT5zWgNEVVrd5Lec', '杨赟', 'http://wx.qlogo.cn/mmopen/Af4Fw7SUoPMPXNTABxSHYZ1hJNShu6I5vnO4tFbc249abaTGEdIfxjG7lQJJMKChuo7XbkaLaE083iaKSjSRZCVWLW9Rb1kkA/0', 1, '', 0),
(605, 'o72NAt9pLhhwubO0EfbsCy3SX4i4', 'ocean', 'http://wx.qlogo.cn/mmopen/qoeLU7RsoOs7b5JHLsJicSyCfppahNtYFyQSE1nyUiasgiaRGIF3kBu54iaicvI0FuPYGAyQVxDGUPSfn4I43Qiclm3iajSW45vZVO7/0', 1, '', 0),
(606, 'o72NAtzG3ps38I_wArwIzXdxTUi0', '五木小果子 ', 'http://wx.qlogo.cn/mmopen/IhU3HFSL9HiaiceuPGbBSvpq9K8aJeMugAjr9icNcqzgJiaHian8uLTs2jX7kz47Jajn2pfQwW4r67DIiaic5qLNncGwBwQpPv0K7dw/0', 1, '', 0),
(607, 'o72NAt_pYYvCpWiy0vk-7A_gU2NI', 'xue-ersi🌸', 'http://wx.qlogo.cn/mmopen/IhU3HFSL9Hia9FYx7CibQBvHZMWUAa2QbNM9ib7ZnKiar2ZERQ2RGT2Dhmv11icDjFJWs1qfm8vIOXJqMKbJd5UM4UPqZiaRV7mR90/0', 1, '', 0),
(608, 'o72NAt8elMD4nqnVmGJweCO__u0k', '小百度', 'http://wx.qlogo.cn/mmopen/FMajU52WvbF8DHOiccwy9V0jQDRckeKicHBWA2NKOMIawVgz5Xym7GvmvaUaPdSC01wcNibRrzm5AeicsTFKaibapqRxHyibqV4usg/0', 1, '', 0),
(609, 'o72NAt9N1nUjIA53dOvgTh4EWpU8', '吴岚', 'http://wx.qlogo.cn/mmopen/PiajxSqBRaEKFXbf5TysMj411YI0sExsQJMcL7b5xm6bYdI1MqLwFy9cyCic9lN5AsA3Bp5gzSibSutVgq36jpWng/0', 1, '', 0),
(610, 'o72NAtwzlq0qB7vzazqI4X7pxF0s', '小四', '', 1, '', 0),
(611, 'o72NAt6tpSeys8DRyjnm7MuwzIEI', '我是个诗人', 'http://wx.qlogo.cn/mmopen/CyOXjAFOVILexmUXe3LqSUcfpmwy6KObZQx37tQNqxC01JspXZf7ia5L0VW7S6nRIQlDvHeia1YJSCiaLZ132at3eYOIsP0Lx2d/0', 1, '', 0),
(612, 'o72NAt6eV3LUcnLbQpc50f7Vlpx4', '憧憬', '', 1, '', 0),
(613, 'o72NAt7ci0THriu_zNtKdipv5r_8', '天空', 'http://wx.qlogo.cn/mmopen/ajNVdqHZLLBJ26fvm4Yoc072Xp7koeLG1cWvnlx7qaCrs5Uuiah5kkmicpcfgxN0zDWzV549Djw3a0GIwibqsLLb1wIU5ibBYUhDVUEf3TtTBHQ/0', 1, '', 0),
(614, 'o72NAtzRwaNSqcCsRvr9dXC8m5jE', '眼泪漱漱', 'http://wx.qlogo.cn/mmopen/FMajU52WvbFpCcjmeBkFYP95kJL1zHicaLMgoIvH9N5vdJLRxgJ6CwKMgG4Qe1ZaMJzIZB6tCRNNfkKwYAqbWX2n5YVQgyJpF/0', 1, '', 0),
(615, 'o72NAt9eD_EIql-Q20FK6jY9JMM4', '陈娟', 'http://wx.qlogo.cn/mmopen/1WcfXJhQ7u73JwV1UfPjJrfIYhkiboibibWiaqj4aLyqd5piapOjznhTADDk4jB6MgKYFIngI9yLAY8zWvrZeRiclb9KenUTgSWIBw/0', 1, '', 0),
(616, 'o72NAt8vTj2JKrC2hi8SqOqczcW0', '　　　　M__木木', 'http://wx.qlogo.cn/mmopen/IhU3HFSL9Hia9FYx7CibQBvAY98td3rQgibkNwoIC6w4EZ0uvAIgicKeSOXAnJgiaF6dwIXd1aptHzQricYEFzoZeh9zpTqKxRHqdk/0', 1, '', 0),
(617, 'o72NAt_1mWr1IlTfRbe8EPdI1kkU', '安心安心、深入我心。', 'http://wx.qlogo.cn/mmopen/8uI2QPoOQRQE0qk9SpmVgiaWTe6TUz8nARKwV2l1Pc48qVa3udobSQTicLkuFl7tzYAZooqGaxOwXAogX9CGF6CTlSAIOvlXGa/0', 1, '', 0),
(618, 'o72NAtwIYaHZUNCcfOhZ1EU8w448', '云淡风轻', 'http://wx.qlogo.cn/mmopen/8uI2QPoOQRTHtg6ZxlV8hnflXowXiarZwvC2ib1cB1BeTfmHpicCfKjdQAXK7VjPGtWeDUzb6BkHjibK1kCARfnjvP8JjH2EtRvL/0', 1, '', 0),
(619, 'o72NAtw-_ww7NingvVAuO6eZQ_qc', '王小溜', 'http://wx.qlogo.cn/mmopen/IhU3HFSL9HhB6yRib821xex3tEK0jBy2BqG8UjvQ1VEicCoRjHGoiasicKiaRMcibFroAic3nfXqUYjIBDScaRdk64hJvgERwjibGiaJK/0', 1, '', 0),
(620, 'o72NAt8_px4xrfrJFS1bMVmrlBAM', '曹清清', 'http://wx.qlogo.cn/mmopen/FMajU52WvbF8DHOiccwy9VwE7FFRaLToia1crpc8EpLE1Wf0Ut4gyjXPxoYH2hpMap5pGYeMMIBuLFWOxqJfIfea8WOG6pm0S0/0', 1, '', 0),
(621, 'o72NAtwbMYOMac_BR2aOBbuJ-dzE', '陶小陶_^', 'http://wx.qlogo.cn/mmopen/qoeLU7RsoOsHPw9tVEc2Ee3GBcWSIZlLjciaU7oCKZWrJIFIicp5a2YKqlAwL9mYkxiar1Z5zO8Xx957Utht4gZDa1IeT44ib9vc/0', 1, '', 0),
(622, 'o72NAt5M8WQvVJRHusVIqXVBKRkA', '喻花花', 'http://wx.qlogo.cn/mmopen/Q3auHgzwzM7XOjWMj12iaJVr6q3SV4J3YVd5n751mVM1w744CrWW6jDiarmlQJicXeM3jxItwTa1QMHwgE7JzBnsO5xY0jcVesauJYKt6XJrXo/0', 1, '', 0),
(623, 'o72NAtxX1VL3BRBUvyEmzKlPKoqw', '离歌', 'http://wx.qlogo.cn/mmopen/Q3auHgzwzM6cwacbxvoNLhZ3ujXHEZWicqcyAfiaYVjxSMrEoDyYAQG2WwwjAXwG7DZsTdVWol4LDZ4p8dqNxy1P2YbOpBOEsPogpxwm5TJbc/0', 1, '', 0),
(624, 'o72NAtyQZUlU1pIUnAMxrP-4lnmQ', '冯琪', 'http://wx.qlogo.cn/mmopen/IhU3HFSL9HgM53FXEARvNSe3aqVtbo93kB2mSEffqayr8SXiadNZzO7ggcia7l09fQnM6KwjqPfJWNP0thRRxOD5e3BgMWia47v/0', 1, '', 0),
(625, 'o72NAt1mxnguUwX_Fgaw7vw4arO8', '卫东', 'http://wx.qlogo.cn/mmopen/Q3auHgzwzM6n3NMFlfvicqaNkqjIZnq56hdLicbkicY0Ak6KabOVGV2GWUqrIl7Wpib5kxlwhV2NQFADicUMic62ofBsJrebRXWGZHiasy8K6ibbEAM/0', 1, '', 0),
(626, 'o72NAt8z-CrGBbLXd0zYGb_Q9U7s', '云淡风清', 'http://wx.qlogo.cn/mmopen/8uI2QPoOQRTAZ1icja3C66mUJ69FnLHNDibhsRThZFwEG935T4ica50Z3iaxsEcAnmL5YPvcR802nxZU2gwkfyAAajoPQbrpic1AI/0', 1, '', 0),
(627, 'o72NAtxkCx827jeclATQzVlvCY_A', '刘小姐控', 'http://wx.qlogo.cn/mmopen/PiajxSqBRaEKhWkebtu6Ficr0goEoeiaMZARtLWzK12XJPh16q6MP4Ce9gJA7D66p5l9XN7F9or9IaBNQCPM0yYibA/0', 1, '', 0),
(628, 'o72NAtxr-GOygRRurtI-O8XqYppE', '幸幸～幸姑娘', 'http://wx.qlogo.cn/mmopen/m7wNhWbiaWukrt63I9U5FwicZ3uJqINEFoK53icMZMrPhppHZbzkqO6zyACzjENpBTLNxEiaFxay3UpevLoicOEquI5TXtruRK1fV/0', 1, '', 0),
(629, 'o72NAt8I4c37vkMfBDU2GN0AnGUI', '哥闪亮登场', 'http://wx.qlogo.cn/mmopen/qoeLU7RsoOs7b5JHLsJicS7rNyd902XPNufGhlzacks4I1yDqia2EMfDg4INZzOicB2seMmk0hFUjCSBdB6eE9icxtMp4Bd81t6l/0', 1, '', 0),
(630, 'o72NAt5y79zVGEF42TTe7KKlBu7Y', 'wan', 'http://wx.qlogo.cn/mmopen/8uI2QPoOQRQE0qk9SpmVgkk8SK2KmtjhZBbKFrmNicHmbUUyvMsLJHjAqvUy6OpFDf1AZic97QQGwjlQ0HpSmbdsv4y2wqyuKJ/0', 1, '', 0),
(631, 'o72NAtwFkYs0dwQA7thJ2CuNC26o', 'bella luna🐏', 'http://wx.qlogo.cn/mmopen/8uI2QPoOQRR2rr4yATo4MZ5iaDWFOLmG8ibT53G7anDEibcKcjgeIeV9waUsQuxkWFBSSg2Wj8GM4HkIQhpUo0M4FrsV0LTJibN9/0', 1, '', 0),
(632, 'o72NAtz8VRN-e4g4tTtW0gQex31g', '黄勤', 'http://wx.qlogo.cn/mmopen/qoeLU7RsoOta5ZTgBEOfnlFJ8gZqlzHcbTZIMMiaAiatLVRZI65DJNbjn2gSh7wjFaUbGLg6icFNhiar1bgMEa3rcDgFWZB6uPKT/0', 1, '', 0),
(633, 'o72NAt-PmxgJ6AG6FuG2oVYV41N8', '岁月流经指间丶记忆里是谁的容颜', 'http://wx.qlogo.cn/mmopen/IhU3HFSL9HiaQtCDAT3SsNkVj5xc6txL54HRMb8caDLgrwWxq1liclicCkUWF9ic76zSPia3UwrLibFQ6yibKG9eET9P97nxibHicD26ic/0', 1, '', 0),
(634, 'o72NAt-s5aAs7oSvjsRGRF9JbcRY', '刘武盛', 'http://wx.qlogo.cn/mmopen/IhU3HFSL9Hhs1Loc0TIL3vINDMTuj5M2LnyYVWITzZuiczePDeFvvXef0xBn0LAebXvDVsQZqiaQO8zFhtqXvHuOXIyAlkW7wK/0', 1, '', 0),
(635, 'o72NAt4ItD7JIYUhD5bNw4Bx416s', '路痴', 'http://wx.qlogo.cn/mmopen/FMajU52WvbF8DHOiccwy9Vxw5dW5D0cppahBhNVZc6WZmITwUc1XAahJyj2R4ibtN4EN1m9NT9V2VXRkTXpibzmkxHtKX2FOFsK/0', 1, '', 0),
(636, 'o72NAt6FJ0ZPZxLrBy9ro5xaWR-s', '剑锋', 'http://wx.qlogo.cn/mmopen/qoeLU7RsoOvuXIFRHXWAvZhZ4wdqa0WzgKoUBg2mIpgNlvCRQx3P4RsJkSXTZLgn2qQZZmv9LMlAdKI6Krb2hxmic2KsQBm2r/0', 1, '', 0),
(637, 'o72NAt6Qk8okwjeQpCIVX8QZCwNM', '吴云', '', 1, '', 0),
(638, 'o72NAt9RBfURmdcbaZdrkIhMe9TY', '丹丹', '', 1, '', 0),
(639, 'o72NAt-ylVXuuV15V8xxvgBHwArI', '记得忘记', 'http://wx.qlogo.cn/mmopen/qoeLU7RsoOs65s2ShXmwV2krY3B1I7xtd8rKkiawcgOcSmhmYialDga3VVScsVDSJPNhZUYjYjGpmckCPBK3S3ibNULEqWXyQqw/0', 1, '', 0),
(640, 'o72NAt5OK-QJUv6kG_JpIwRx3_SE', '桦桦', 'http://wx.qlogo.cn/mmopen/qoeLU7RsoOsOgUKFtsDfjB6ZPKhAlqm4Q5UUriaIjXHVibTeicN6syls2NkxwmX0vRgC7abFSc6AyonoyCAxtDxxaM5X71MuCEz/0', 1, '', 0),
(641, 'o72NAt0ER12a5PrUn_1qYcjfv7_U', '彭志强', 'http://wx.qlogo.cn/mmopen/qoeLU7RsoOtFvzdvld2XgtKStj011Ncia6n1Nd94hamL1lk0NbPEapJglz8OtE5icEZrDODcWp1fB3d9oe1QIKFV6yBOo8RSNia/0', 1, '', 0),
(642, 'o72NAt48wj25lwPvg2AuSnTVBQO0', '西南青年', 'http://wx.qlogo.cn/mmopen/qoeLU7RsoOs6h9JNp6tvE48pLUmiat27duZQ2V2FqAGVsdOKDXkyiaujZyxoEmtkTlxPDWHhgT6BByxbsjDl3CNM44PDfYofkr/0', 1, '', 0);
INSERT INTO `users` (`id`, `openid`, `nickname`, `avatar`, `role_id`, `password`, `school_id`) VALUES
(643, 'o72NAt1BWbNItzXYT5B1ogDbFBJQ', '陈韵', 'http://wx.qlogo.cn/mmopen/IhU3HFSL9HgHIddibFWlJ7oibPczBHyARxszn1qvp9MdbODVGm5K6TgHPrkcs1gvczDZ0WauiahKQCdPOibx72UqbFUSicjfkmIBia/0', 1, '', 0),
(644, 'o72NAtyY3457KPUbuMk80jGSn1JI', 'Y,', 'http://wx.qlogo.cn/mmopen/Q3auHgzwzM7BRIqzzyjUyS0ibiattjn23WTrC0smmVZKLDUnKMwczIcVmFNQcN4JIHj6KHPXpUVCQDAlXmdD4PfCdfNe9RmfibHRa4KxI1jbKA/0', 1, '', 0),
(645, 'o72NAt_MyX6gUyYvdH8hLt_Xu1hs', 'Back Answer', 'http://wx.qlogo.cn/mmopen/8uI2QPoOQRS0JFCOqPc8icc7435BFye05ZPVNz99XZe4UiajBcXIaB2e0GBmHrjFGpuNQLcBCt6rOJCVdsKx8YLm7srY0ZIZxT/0', 1, '', 0),
(646, 'o72NAt4opWJ7nHTaczZoUcXDiqr8', '谢越', 'http://wx.qlogo.cn/mmopen/qoeLU7RsoOs6h9JNp6tvEww1Zd4ggwPDic4AgJcSWPdrHod3xu5PdHAMum4Wic5qMtn2Tibb9YtQaO0vSG2y7icGun0ibM2iaM8Inm/0', 1, '', 0),
(647, 'o72NAt9M__TA1rSPtFBq8GBgZQFM', '郑凯', 'http://wx.qlogo.cn/mmopen/Q3auHgzwzM5eePVSPJBRSgW8CyibdNDoYicqiavv2wq8qDc2oP859XOIEgmroicNBWGpjb5uicianqAFKxvMPVA7fc7A/0', 1, '', 0),
(648, 'o72NAt88VytaOx60dtYuVHa31OXQ', '星', 'http://wx.qlogo.cn/mmopen/8uI2QPoOQRQ6FECKqIFGLsArPlSnuBy7TVZZPIRzkuibgXqiaSPwj2kibs0cMPTDwmMvUSz2gAIYJ40bTyJnHhGEC5YjxoRnQ6n/0', 1, '', 0),
(649, 'o72NAt0fsXgbkGOghpWpn6eHWhbs', 'zinc', 'http://wx.qlogo.cn/mmopen/Q3auHgzwzM5NVSjraX632kEjibafW27FjLGYibBUVlObGibY6mWpVBqHINOJNwBVD7fyyTicXePoUJRQsibjaBtOsHw/0', 1, '', 0),
(650, 'o72NAt48Sj0vp15R2zzTtj_ZiXz0', '清风水影', 'http://wx.qlogo.cn/mmopen/8uI2QPoOQRQyr6ib17xyKGDon5frkib6UbYUWwQmMsRrtibp3xM9IjVtC0yOUaeDCOyazLALXVguOHUfcNyQhaRhK1ALT56IkD8/0', 1, '', 0),
(651, 'o72NAt8YgT6uDPwme22gwwJiFyrI', '幸福未满', 'http://wx.qlogo.cn/mmopen/FMajU52WvbEnRBsj3OeqrnAbXrtMK3f6krL0ViaGrp6gf7IwTZhonfTR0uUlQ6FzXjhtIsT3BhRvJysu4EkwwWuAU6UTibMsn3/0', 1, '', 0),
(652, 'o72NAty9qLxoRxq30w8uC6Is5WwU', '紫君', 'http://wx.qlogo.cn/mmopen/qoeLU7RsoOs6h9JNp6tvExBFTAtIEYd6BpauicyOGWtbks5JsrqMh5HUrX42eMUnF8bxqO7NnAic0Rrfdr566oj9WWZwytcxQ5/0', 1, '', 0),
(653, 'o72NAt7RkH26nBiSu53gw1K2wgz4', '徐海鑫', 'http://wx.qlogo.cn/mmopen/8uI2QPoOQRQ6lQZFdEGkfExdPkfZO26OF1ZdjHAMTxicjiauAaA6kibx4g9sguehiaiaxpxEy83bxmq1Sb0Tiaxj0C5A/0', 1, '', 0),
(654, 'o72NAtyQ2X8xQocn80pGwY52FaNg', 'SEGA.Yang', 'http://wx.qlogo.cn/mmopen/q5Oz9CVNAOiafxp2uIQFibUYdeiaicSwF8Ts2hWSVr1HZ4obZTzxOoDp2mOxHMiaqD2H7YEqoVZdogCxzLSJv0WibWljVBWWsnEtos/0', 1, '', 0),
(655, 'o72NAt01yOL_Yz-Jo4uyqDGsFmGo', 'Jennifer', 'http://wx.qlogo.cn/mmopen/Q3auHgzwzM50XFuPWe4VIr2WCJVZtzXF3ibFib7tHv9ju03DMSm5d2rhMibZSDlPZAFvVl7OqMkTibsVQHTgjxZhJw/0', 1, '', 0),
(656, 'o72NAtw1hZ9gIYvbqu3Rz9TZszpA', 'Sherry.C', 'http://wx.qlogo.cn/mmopen/qoeLU7RsoOvX3rrsJDOo6ylHLpUueYHCBpYfxD58eibotnpaXAqm4RpHRKYD3ugNDfuQU5Fy916ibcUTZsS44H01IjOLH8Y8ia5/0', 1, '', 0),
(657, 'o72NAt2BfL-AEwE-jhfpnnDM96jE', '感动了。', 'http://wx.qlogo.cn/mmopen/IhU3HFSL9HgOpI1uyWSgxH43kuF0KdXzcLfyPfTs7QlKxYYDxfH7B14icwia97sJ3CFwnaZ5YdG35ibssp0q7BCUzhsnTWkRcxp/0', 1, '', 0),
(658, 'o72NAt09pZ3Yz6KvYpHRHdeCJIAU', 'kevin', 'http://wx.qlogo.cn/mmopen/8uI2QPoOQRQE0qk9SpmVgqQNBKjicxll4ic1KkIhwVNSsAZJTGNyF58VAaCuOb0XgPo5ebZTEhehjSbRJL3Ymr63XyItp9VlVb/0', 1, '', 0),
(659, 'o72NAt7xpJHmnIPkWzhFC5HTpw6c', '一君兔琪', 'http://wx.qlogo.cn/mmopen/xUyWX7MZvmB8rczNAkCXclR4iaAkqx1kh1Nm7p2Jfzh0EicyOKChYTZNGy1971TVVQq322e4fV6ncHy0TH3HXiaU77m7pH9LfHt/0', 1, '', 0),
(660, 'o72NAt5o5IIlAnGvi4rs0pTIsv1I', '梅川内库', 'http://wx.qlogo.cn/mmopen/8uI2QPoOQRTV7YKGjjsX33gTiaBicXvIPRj0WH1wLWvZf4URvlK015iayKXGCQGmjwRp7eAG9L0b1CiaUOzBlj0GX9elPxwNqBGJ/0', 1, '', 0),
(661, 'o72NAtyZZIozRcowau7ZBB4mbxGQ', '对方正在输入', 'http://wx.qlogo.cn/mmopen/qoeLU7RsoOtp6CNaAicqeYqlvayVJ7iaq4Vgr1aK7ONSQxR0r585pyiaQkfdDB9KTJoXC89pWrcky7ZDTI9bo2OLakTUH1JzAW5/0', 1, '', 0),
(662, 'o72NAtwqYaQ2S--r5rNrm0cJW2g8', '梧桐（七哥）', 'http://wx.qlogo.cn/mmopen/FMajU52WvbHXkbBnvoeBfBBO0HBUZRLbDWcVPGl6oAM5kicR2JoIY6dYcQw9Qcial6pq6gRf6Orwuu1jHsr5lQhpBVNOXqcMj6/0', 1, '', 0),
(663, 'o72NAt8S1tgE1BAO_hnvYHaD0BRU', '简单', 'http://wx.qlogo.cn/mmopen/Q3auHgzwzM7aF28mKVmicIH2TuEYXB67yrwbx7fF3J7iapMbHxs9IprziaClicdhOIZAibibLxGvPKwcVrzw5gbibEz5bzntu3cmYdCiahZoExkCjjI/0', 1, '', 0),
(664, 'o72NAt2GbQlyyPyUHQl12PnKGJo0', 'Andy-Lee', 'http://wx.qlogo.cn/mmopen/qoeLU7RsoOs6h9JNp6tvE8zpFpTMqFwBSpb1aUmEWGcsEice7hX28L2n5m3xsv1amTFYQJqCgXVGBiaDBetRfT0DpuCf3I1jdH/0', 1, '', 0),
(665, 'o72NAt3PYd8SUhlb1FCMpXYdiwMc', '旧时光', 'http://wx.qlogo.cn/mmopen/8uI2QPoOQRTHtg6ZxlV8hrJttYkIfwVO5hib2gnaqhibicicT846IoH9pDic96zLyeBD7ibJG2ny9GIz19pTibeMTQZQEiarNiaoibqDrM/0', 1, '', 0),
(666, 'o72NAtzW0DHO4erigP7WTfDTmyKk', 'WXD', 'http://wx.qlogo.cn/mmopen/8uI2QPoOQRRmClak5HmcYEcAeicCo9jsrRkwWWbOPkALO4jtuGYCDdBJjl2B6vudvZFI5PnvS8WMXzAp5uWejRicTiaVIPneUTb/0', 1, '', 0),
(667, 'o72NAtyVhJ_bVN1p2f5eMHMcD9y8', '巍巍', 'http://wx.qlogo.cn/mmopen/Q3auHgzwzM7BBWyzBlDF1t5xQuwBsBliaXjPSs6ic53VBPA4jpudGTCNAxrMj9WyicjujDpdAnXhSTm2DVqYMicVKzTick7RE3Ur3FEibicpTRsHicg/0', 1, '', 0),
(668, 'o72NAt5CjZhLPiB5_EfAhDzQKTbw', '蔗耳根', 'http://wx.qlogo.cn/mmopen/qoeLU7RsoOs7b5JHLsJicS8guociaashjAUmshvHgodBQpFAziauPYBfkKI9ZKunfeDzrAJTV3DWbNUMzvicO2tCgghlEBOq3PPu/0', 1, '', 0),
(669, 'o72NAtzIEIWcZQkHRw6y3_ahd1Vs', '爱与诚。', 'http://wx.qlogo.cn/mmopen/IhU3HFSL9Hia8hyrflInZLaAZ9piaM9N0tlezCjYmAwKMBCuaiahQlsibVBibJ6C2QLibUR6gPupVoibYnTQOhqYiczWJq8zvsLXRn0y/0', 1, '', 0),
(670, 'o72NAt_KLjZ9sDCzHXLAZYEes5r8', 'Lushihao7788', 'http://wx.qlogo.cn/mmopen/IhU3HFSL9Hj6Se3mBkq1OqK0TZibsnXtaPru5yic2Tib8fAAfByZkYcx3bYnh6lMXXBIQ21dibnrHnAPFV1PucJDtPZr0RUXxrem/0', 1, '', 0),
(671, 'o72NAtz6HnUA6VeIQ40WNAqY3CK0', '敖明慧', 'http://wx.qlogo.cn/mmopen/IhU3HFSL9HgkRwxe9WA4iaYENWibo7USdOuOHt8q0PoicibxSL9MSNW7EnWjF8YP3CeLnpNddmJ87OJZEzP2lgMvFrlLRbmxhpKs/0', 1, '', 0),
(672, 'o72NAt9G8m-rQyNVfuk0AYTCyj5Y', '🌹ALLY💝', 'http://wx.qlogo.cn/mmopen/IhU3HFSL9Hia9FYx7CibQBvJEAbiafPLC7zjtTt3RGrjKibahY92ic6Ajaovk4vWLadHEcWiaWcbpTm9lsldSb7qveicdMzJicQow8GV/0', 1, '', 0),
(673, 'o72NAt8XKTuHyJtw-mpvGrkpcAFQ', '古色古香', 'http://wx.qlogo.cn/mmopen/ajNVdqHZLLCPSA1DcCMWa2XGn8lvTUcTMjPyQtcT3cjWYST2ykJef1JRmu0T9hVSVe56gPZsTEriafAZR1fLjCQ/0', 1, '', 0),
(674, 'o72NAt_bUfc33dp64zvTSCJVJsL4', '格桑', 'http://wx.qlogo.cn/mmopen/qoeLU7RsoOs6h9JNp6tvE2VlkJiaVPZbrSQUCdriaCcU6Sgkv1WBwicpub7amLJxXIHAVEibRFGeibqNAmtiaQDI1ChOWW8prOl0C8/0', 1, '', 0),
(675, 'o72NAtwtAcfuVDu5FbvF1F3ga6LQ', '   _', 'http://wx.qlogo.cn/mmopen/8uI2QPoOQRQE0qk9SpmVgkH87RyU1YibzzUGjFf9MzVoqEnG1icYHTTMUk4nEXcdXpqr7cYO2kRgtPcsjBic4dZvoOT0c3BEQ4o/0', 1, '', 0),
(676, 'o72NAty8tWkwp9zD21MFZE37ZXWs', '甜心', 'http://wx.qlogo.cn/mmopen/q5Oz9CVNAOiafxp2uIQFibURX5dWpzNBeFuMEPUAbtJm4YQtUibqOCu9LyJWhUf6458c6jYYG0HbWWRhDX8PJkRxF9oZ5o6fckV/0', 1, '', 0),
(1001, 'o72NAt4Jh6pDtvWssbW5ZCKyhjGs', '我心依旧', 'http://wx.qlogo.cn/mmopen/qoeLU7RsoOs6h9JNp6tvE8p0SDT3fL2vMQHjxq7T2hwLHx3fpM43tNK76EeIXdLKeUucHBsia3TCjlaMHtczhvny3KpB3W2GT/0', 1, '', 0),
(1002, 'o72NAt8H8OMj6SphqQvHPccnMpCY', '研', 'http://wx.qlogo.cn/mmopen/qoeLU7RsoOsILYYHicO4CG0jlpVcdwwzsxRHFLDb07m20p0SXza0d3LNmj4pVDo0byNaGF9Wb0HiaQvHEKFq7OOUmbSayK0vwV/0', 1, '', 0),
(1003, 'o72NAtw4GfHJLQKWyUclo4G4EUUU', '阿布周', 'http://wx.qlogo.cn/mmopen/FMajU52WvbFUxbo9AzFE55tgNib7VmgfPCBJyQJ38icls8RFlRwj0f8uh9UshpjicfR9QBzGVmUoEcGwfSAZr2B7w/0', 1, '', 0),
(1004, 'o72NAt0GH8tTOIYZqeKCkmk8ZDIM', '皮蛋南瓜糯米粥          💧', 'http://wx.qlogo.cn/mmopen/qoeLU7RsoOs6h9JNp6tvEicfpyHajxCYLbia5InKGNWvcnWr0KZW9Aajy2qS9l7ov5Rl2mibHsn5iadLekd5WlhiafmH1jCBPqs3s/0', 1, '', 0),
(1005, 'o72NAt9v1gerA8Yr4H_WbrBfWiTA', '我那个去', 'http://wx.qlogo.cn/mmopen/qoeLU7RsoOs6h9JNp6tvEic0icmYRqlohdiaEMtpA2d2QZ4rFdu2snjoUqQhh86Nh4gEw0Se7T84iblxrBuFR1UsJD8E9d7mOPCs/0', 1, '', 0),
(1006, 'o72NAt6n9uS5GYwMGoEcpQBBdIqM', '冷月', 'http://wx.qlogo.cn/mmopen/sXnB9tx7SZfj4Rib5DoeEOEdwObISkKGcqsBicRe4khmSme6dM9wibFlUwNibJHJJsJUGsdib9ZmibcAVm3gR59xqoV7nCoKvDiaFxE/0', 1, '', 0),
(1007, 'o72NAt-qXYu1P9T6ccIePduVS1o4', '熊敏', 'http://wx.qlogo.cn/mmopen/8uI2QPoOQRS0JFCOqPc8icWdDDib7vr2e8OxEbcrC8ny7CcNdjwoJm1J2q6O0xddYibmBicY4Ur3iaibxSMMckibGibyUUVL5d7UrwOz/0', 1, '', 0),
(1008, 'o72NAt5swMbhVvp7UK4mpF5KnXCc', '张宏兵', '', 1, '', 0),
(1009, 'o72NAt19xiD-A_GEVrmEr6DJrG-0', ' 雅痞易-', 'http://wx.qlogo.cn/mmopen/qoeLU7RsoOv9fzdvq5po6P8NEAkzPAYja8Hic1TfiaqQCpuHQLwXZdRGFHPApGsiakZOibvhKibbY7FyLBmSsafMXJ7xyI7hOHIyx/0', 1, '', 0),
(1010, 'o72NAt6jX3C8e4oiX4BT2I7xFznE', '白煤球儿', 'http://wx.qlogo.cn/mmopen/IhU3HFSL9HjYPZ99wIRSdyRvQicFSPtlZDicCOM5yUGS1atwdxucOiaG4qnZb8MUhKM0h5xtHwicvYyH6UUibWpqKpace6uhOvJGj/0', 1, '', 0),
(1011, 'o72NAt7TWKSlDBjo_fmSgaqhGVLo', 'Ai', 'http://wx.qlogo.cn/mmopen/8uI2QPoOQRTrkAYO4z7myicHWmkVwVAAxYN61chtycAWc3tZfq0loRmsb48vicgyWC1GVkH0HUDe7FeoeNT0VDx2tqhgIMxdLE/0', 1, '', 0),
(1012, 'o72NAt0dXt1Vq9DxJ9Y1baYMxJRs', 'Cccarrot  ', 'http://wx.qlogo.cn/mmopen/LQhrHEyklkJpicp6m0LgEnnyc7Fg9pU4OHprSYxaEYQA5B1HRB3tB4LP2Qibzib5fhoCkh3IpicdCtqdnSRNiaoLbMdZl49CRCVjD/0', 1, '', 0),
(1013, 'o72NAt1LavLAVJzxGVthDPt24ZRM', 'YariChow', 'http://wx.qlogo.cn/mmopen/FMajU52WvbFFR0yaTWGicTt0aA0Ols5raMmlAoCYL3NpMKIYFg7hr8WwSDicsyMeS6QLMKWPHpJ6rztTVM1Da75Q/0', 1, '', 0),
(1014, 'o72NAt1iluPlDdEgmZha1fvIbr1I', 'M', 'http://wx.qlogo.cn/mmopen/FMajU52WvbHRFh2ym2dA1QHU4viaoSYHKxk7Ab3o3K77sY1Dqgpmpr2icftQXaVXFNZaQHNSj3eiapoPia8Xe2iaEr6TtldxKcc7Z/0', 1, '', 0),
(1015, 'o72NAt71Qx9L4h-R_8VNt11GEFQs', '心理话', 'http://wx.qlogo.cn/mmopen/IhU3HFSL9Hia9FYx7CibQBvJ7g0Haqf2uO9l3KQ6cAb60LbWbh0fk93p4WjLEolf2PNjMtVYjAAdsgK3wtcOYy4QtPw3uPzOBq/0', 1, '', 0),
(1016, 'o72NAt4gXQkSK1pcA9BZNECKNZLY', '香韵', 'http://wx.qlogo.cn/mmopen/qoeLU7RsoOs6h9JNp6tvE6IGGOBey6d4o1FOaCBjjib7pISjq8ENczLWVibicw2RCDY0EicOXSbLusJXayamv34d1dxXH2u6odAb/0', 1, '', 0),
(1017, 'o72NAt4Zjgm1gudNXHKa1u0iejH0', '瞧！那是根葱', 'http://wx.qlogo.cn/mmopen/8uI2QPoOQRT5icCRnOamZ5Poo6icF6BXqQJfQh1xW9L2qG2woUHXdY9OS7q8hJKl1XiathQ47ee9ntWrQeUN66rKQ/0', 1, '', 0),
(1018, 'o72NAt6jbGS089zlrULRKT32rMsc', 'Let it go🚬', 'http://wx.qlogo.cn/mmopen/8uI2QPoOQRQE0qk9SpmVgs1z4bPJTLGWzztJsibyv4XeWic8JSzGXR2DN3NcXWnFqDOLNm34XdYgE2f65QoHVuibKLW7R0fQqfX/0', 1, '', 0),
(1019, 'o72NAt7MwSEPEuvN3P9gV9DtyR7M', '风逝年华', 'http://wx.qlogo.cn/mmopen/PiajxSqBRaEIytjlUBBAL0jibezrBvVQNkBPMFicyBNd8uoslnyicAmMNUgt8E9TE5NCeMQiazE1qQS9Of7JbGaPDoA/0', 1, '', 0),
(1020, 'o72NAt06tvPVeWiA_LV49Va0Go6c', '中国🇨🇳', 'http://wx.qlogo.cn/mmopen/FMajU52WvbF4NxGqxN054oR3aUZh7oogUoWNRQhgTtw7VXXIJ010EA8QaRW3Fjyq3iarVI91R2XEic1YN7n1x9XYCZcSIyLs3l/0', 1, '', 0),
(1021, 'o72NAt-5TBHyiw_74loRWu-PU-0Y', '方向', '', 1, '', 0),
(1022, 'o72NAtzhU2jCYPT_pe5929YWAVe0', '傅文', 'http://wx.qlogo.cn/mmopen/ja747e80jHmEMNW9NFuRurhWiaa6VF19GSMWeDR6hbsLwBic7mJntSHX6s3ofRnibsDydTOWQibynxpdoSctglzr16r7w6fybm3s/0', 1, '', 0),
(1023, 'o72NAt-eZSbwqdmvWxbUIYBa_DqA', '王苗苗苗苗子', 'http://wx.qlogo.cn/mmopen/IhU3HFSL9HiarjteN1mHQLDoqTzSlzW9Cjj1hkl17Wc5SUamgxvdicemcwssRHkh4XACbycSjBiatB1GpOvSTsf9t2vUbVDBJAN/0', 1, '', 0),
(1024, 'o72NAt46RD5m8FPygpVucboyIG7s', '芭铎', 'http://wx.qlogo.cn/mmopen/qoeLU7RsoOvbcpLCpKsqWDxMIq6KSPwYkcwslSNCWU5cAd848z0ZxTVHeI3bfr77yTfVKMXHM8ct6AOF3VakA16Gan92aBEl/0', 1, '', 0),
(1025, 'o72NAt7G_cyTLL2FNab_5W_T1wwc', '隨風', 'http://wx.qlogo.cn/mmopen/LQhrHEyklkJCnuUKJFSJH88E3q6a07dib6tDsA9rB0ck8oPKLt1cib3ydqugZemdiapMtUNYObremqG6HTBgjmMervypXmnWU8b/0', 1, '', 0),
(1026, 'o72NAtzmFxyv9WQ3AvZeQdsINmoM', 'Andy', 'http://wx.qlogo.cn/mmopen/qoeLU7RsoOsxF0Sv06k1TOo2tXpRLLf1VKGZIKl68ibYzLoJZBwta2cgwiaLL5ibKjFUiaoyuSBhibnVibTYreQB7mL7PaIjDK5q3P/0', 1, '', 0),
(1027, 'o72NAt7ZrZRxarpivvsxIsATSUyo', '甲第', 'http://wx.qlogo.cn/mmopen/8uI2QPoOQRQE0qk9SpmVgmqJBFibfOR6mfw23bPjjaabCvro17Q9QTHAnE8Kj4g7BM7lR5ciaIdvNw5ibsSHSiaJaSnMHettkibhH/0', 1, '', 0),
(1028, 'o72NAt_cy_Eknn845u7q_8RHMElI', '红与黑', 'http://wx.qlogo.cn/mmopen/IhU3HFSL9HiaLxC8R5qz1bZLDJWibnOWr9SicSQ8CPgP1FsVVBAYxSyM8pBX3XqGqW8dCM3tsvGG9BesT2GvN4RuuZg9DZMaq4j/0', 1, '', 0),
(1029, 'o72NAt0cln4VQBjalgn7QcXGtHXM', 'D', 'http://wx.qlogo.cn/mmopen/8uI2QPoOQRRAELJ01AzPBL05F9oveXwwTqGHdDMrSxLLQX7SiaKqcSePvnBORHnaJFcaOicyFqt1t53OClicuJFiaw/0', 1, '', 0),
(1030, 'o72NAt3mKXfOvsDtev-1ec6ABOfg', '张祥祝zxz', 'http://wx.qlogo.cn/mmopen/qoeLU7RsoOs6h9JNp6tvEyFNYqIvfPPicUHrM346zdDg8eVcXdEur3ia32QWgKPEicibr8VyuNJ2rIc00Vr0D6l42PPIwboIuZkH/0', 1, '', 0),
(1031, 'o72NAtw2NyVFQkXGN2SrYwg3OLx0', ' 😶666😀', 'http://wx.qlogo.cn/mmopen/qoeLU7RsoOs7b5JHLsJicS7Qhnh1nmPichhHuicpee8W5TBD33OBMqUUYGKtDDnxHYvy1lrmcvuWYKHcImBm54DIH1sr1y5DUcq/0', 1, '', 0),
(1032, 'o72NAtxDpPeHvmTwXn8H_vxdlyz8', 'Kilean chen', 'http://wx.qlogo.cn/mmopen/8uI2QPoOQRQE0qk9SpmVgmCNN3iczDLzWa5MibyFd3FEN9iaNYV9Vt5Upvuq0ibV8qNcIwlN6dOf0MV3xGpbibl7PF4nqY9icnxLHg/0', 1, '', 0),
(1033, 'o72NAt9pGF50kDa1LCowaIfe1qUU', '少年郎', 'http://wx.qlogo.cn/mmopen/8uI2QPoOQRRGmkeIgCAWAQT7lJ6LanSyqXnkUBkDVvwBMOVrW5rbh2sLully4IZgahbl8oJXR3Qs8twrAHUicoA/0', 1, '', 0),
(1034, 'o72NAt94JPuG3XFGGbBfY9Y8kzmg', '余庆', 'http://wx.qlogo.cn/mmopen/8uI2QPoOQRRQocR5xYdkwGJ6pDjdhQJH9BlfNC5iclgibvLm82kjSZsp6Ghwhxdh8x25thRhRtor7tNauT88q6z135kpAibkbnX/0', 1, '', 0),
(1035, 'o72NAtz3Ibaolf_ft5liXpazbMHc', '吴忧', 'http://wx.qlogo.cn/mmopen/ajNVdqHZLLBJ26fvm4Yoc98H0dUr2AKSXLWiaqiaqHKQ5YVvckr8of8zBkRI861PaWX1CicPduWc7KPZicUu25RTuzQqMQk1vjwkznwn6yLDJOo/0', 1, '', 0),
(1036, 'o72NAt3nfLjJzxMogCqbFhusvU6g', '大狮子', 'http://wx.qlogo.cn/mmopen/FMajU52WvbGyV19HoKfWnmWSZFy7iap99KUY5DALUVnvRS4dyaeeJqpq8RxbeRibyRZhBzpibkeib4ic0rblWiaqgCQQ/0', 1, '', 0),
(1037, 'o72NAt5qCN3R1cep1tjXOhT6Ir34', 'CCC', 'http://wx.qlogo.cn/mmopen/IhU3HFSL9HgHIddibFWlJ7rIT9KkkTDAJKfnJRUc1Kmtdib4DsibficUF4hk62bX7owkvv8XIL5Dbml4umyEykgricvVMahQJR8Cf/0', 1, '', 0),
(1038, 'o72NAt4BlZ0eg7zX9yjiqWnCgH5Q', '曾智强Dyrike', 'http://wx.qlogo.cn/mmopen/IhU3HFSL9HgiaKHTQLDxYGhodUl94R6aUE2QrtwHTUfI2BmfaOx0IQFiazQxFEZ0h6SiciaNUEZvu730G2ZOekT1sxlswTXeo5Np/0', 1, '', 0),
(1039, 'o72NAt_roUYjL30etGfwqm4gZ2IQ', '特价了', 'http://wx.qlogo.cn/mmopen/IhU3HFSL9HhmBPAB4dqBDuKxQIcImL6XIgcICs1Q0Sic26rRLBYU3XFf54C37RptCKShic9aYltPl0uhvXC656Vibmk0445DWEX/0', 1, '', 0),
(1040, 'o72NAt7ExDWr5eTOCYr9M-SYJsjU', '邵秦', 'http://wx.qlogo.cn/mmopen/qoeLU7RsoOs6h9JNp6tvE9mKUmfqzaIMQ0K32icrwSjDK8ibRAkribSPcl8PGHicbZKqmyWmZqHFRHXZqovnpMQ1DIRQFgaEbnkq/0', 1, '', 0),
(1041, 'o72NAt3DJit3N0VARGgBH4ewh8u8', '   x`', 'http://wx.qlogo.cn/mmopen/q5Oz9CVNAOiafxp2uIQFibUaibKtu3W4U4LO3Q8CxfL5tMOdFBGarw9W5nyiaDxiaeRQvmicpecVvDVBTian0MdWAuXN4G0ickVtiaWzB/0', 1, '', 0),
(1042, 'o72NAtzIRT78kV4hEpbRdWgrf3hg', 'AA乌日根•达赖', 'http://wx.qlogo.cn/mmopen/q5Oz9CVNAOiafxp2uIQFibUa5HZ6ia0W3ZwbC7yu12O5oicSOfADlqSOwsibIDMUWC9yiaT2vBOnZOia1hHYg0IV1fOO4YRptpa2bb0/0', 1, '', 0),
(1043, 'o72NAt-sLkwA2owmyMQuiguYYgnc', 'zp', 'http://wx.qlogo.cn/mmopen/8uI2QPoOQRQkmd4xIE5IPmvIEicuVt0NowYMM96lDKBPskoss0EEdNOibx16mFcLJ4RzibLXPEdqzCtfJUSTkDZXnictyPcibzGWE/0', 1, '', 0),
(1044, 'o72NAtyrZzHjq7fi5XlFD5C9EMss', '涵彬', 'http://wx.qlogo.cn/mmopen/mvzcLPsl3fuibd5xcKiaDwicRFhwtSQr4YLRjuibJsSSQyRnugWC9Mn1jYWA2vTiaJ3u1SVqbNtnWd5Take3wOdeSFdGeyQ27Czvw/0', 1, '', 0),
(1045, 'o72NAt1KoDUgqre0NlWRd5txUMQI', '就', '', 1, '', 0),
(1046, 'o72NAt8qSBnBQ5DMicuIwiBfdlXs', '下落不明', 'http://wx.qlogo.cn/mmopen/qoeLU7RsoOs6h9JNp6tvEx5rGO3KjoI6KMGibv7jmRq7CqvPpnQ53nDibAl1YictusFBTwzmNn1WEm1ONXVicsklxHk3FPKUZ4FH/0', 1, '', 0),
(1047, 'o72NAtxk3qhn_PDnEpDljRqJifTI', '“梦”的回忆', 'http://wx.qlogo.cn/mmopen/IhU3HFSL9HgHIddibFWlJ7oicjJe358ACb52cYMB8gz1RMQceIvzAaadvwr0CyNsRNyEfgfIqCURmchNibZbOlnR11yvQtfCeibb/0', 1, '', 0),
(1048, 'o72NAt3VTOCQaXgOlOOfWaHvOSck', '龚照绮', 'http://wx.qlogo.cn/mmopen/8uI2QPoOQRQE0qk9SpmVgo1oGDbO6vics9RKyTbjhKYibje0uuJ7nljFMq1FKqvFicwUGOvKUncUmJfrajYUXwnj3WGTxrTExVG/0', 1, '', 0),
(1049, 'o72NAt6vnCF168FRPklEqWdSGe6Q', '暗里着迷', 'http://wx.qlogo.cn/mmopen/FMajU52WvbEibWJ0TGLtLjSTs9dj3bfib2ibgLpibEtcP3RufvaeD0lRfvrIWGVGicvnLufAZGYv1oiaEfvz18Lib40Og/0', 1, '', 0),
(1050, 'o72NAtyfkvqfu-Hxg-ku9oN3hTnE', 'WLT__', 'http://wx.qlogo.cn/mmopen/qoeLU7RsoOs6h9JNp6tvEibIfRvG4ibbAeZmScXUx5jHj9BgeGvOmL8DUpUy3sWsXSdfvLJmHRfqBAkr5w4MVoRib4U1qRegvFS/0', 1, '', 0),
(1051, 'o72NAtw9jr6zpPD7cMcYv8FfVdyY', '肖垚鑫', 'http://wx.qlogo.cn/mmopen/Q3auHgzwzM7XOjWMj12iaJVr6q3SV4J3YdibpkzicKS2QDTK1A0DvWZfe83cQsgzfz4YicI0aDNmTqeXyDayuonZc1NqNh77gGQJyhwcWN8WTT0/0', 1, '', 0),
(1052, 'o72NAt9sdbA2IxXy5-e9h6f_dfCI', '你竟然无心', 'http://wx.qlogo.cn/mmopen/q5Oz9CVNAOiafxp2uIQFibUeBSGwmTNib1VBPogicFwsZkU0TOMy5KKzFsu2T5Wn6iaFfbVSY8a0GPO2BptnQuMyEpiaaj5EAaGnd6/0', 1, '', 0),
(1053, 'o72NAtzdYd6pUxmFJu-HiSYo6_bQ', '严谨的花猫', 'http://wx.qlogo.cn/mmopen/q5Oz9CVNAOiafxp2uIQFibUT5yVpH8B9MJOgLxWhsW8AiaxSUT2QzPWGpqXQJ2icIw00tv0jGQOvSzdXFbKHqINVAs6qxQp0gTdh/0', 1, '', 0),
(1054, 'o72NAt99QMeji5urgjOKqFK8gcyY', '好吃糖', 'http://wx.qlogo.cn/mmopen/8uI2QPoOQRSA8LBasAG2JCzddQCZlWxPh2yR3GZ8od2YHNgBSRFia6Do9rrFLt4QLgUAIYNhqGcuwwmxJzvWANMFVAFuETCBo/0', 1, '', 0),
(1055, 'o72NAtz3D36LtysC9hgjWVYUGH3g', '工科男', 'http://wx.qlogo.cn/mmopen/Q3auHgzwzM7XOjWMj12iaJVr6q3SV4J3Y8miafF1uWxG1dwPbAUUBqpIJ2ROcPVia2RIZcSOsl8wo7HrjdAxAfMeGMmpOfUT5gDicBKiaAB7HAK4/0', 1, '', 0),
(1056, 'o72NAt0xaXx0YN4PHt0xoehspJT0', '唐睿terry', 'http://wx.qlogo.cn/mmopen/8uI2QPoOQRTL9Zrb3Vn7THEMRH61AMqiczvmG22FX2hD8ib0tco0gnQMy07pHLa7PaaIbv0PWGdVGpAGetdnsNAvYlwjX6vnEP/0', 1, '', 0),
(1057, 'o72NAt1pSD__086eKIhc36l1RzIo', '荣哥', 'http://wx.qlogo.cn/mmopen/8uI2QPoOQRSpFb1aZWj7rBicvuNuKb7DF1Je8wjWxXQM2KCwTwLGKPTqvmea8vtL8epbfhaOANCfgymtYD2oO2qny3QYrwN9T/0', 1, '', 0),
(1058, 'o72NAt3dHmcw0AKYrYK0Bc0ybsA0', '蔡栋煌', 'http://wx.qlogo.cn/mmopen/IhU3HFSL9HgHIddibFWlJ7v5AC2QeqO46tJe9spB3vjHXGDHxwNWLNSlN0PibCkel1UqToMlb4RANNVnvmSUbl4HmZ0SUMzjPE/0', 1, '', 0),
(1059, 'o72NAtwNf6xDq0oiVbO3xSs2Q70U', '抄手没得肉', 'http://wx.qlogo.cn/mmopen/ajNVdqHZLLCxZjdzvv2iclyRHS0rw9hhwU2YZ00KTcIibLsufqx9CjCQDOaEylialzT6aAkBJwuaEe2UIRwklqSgtcCj44QYUKtEDra3OWKVrE/0', 1, '', 0),
(1060, 'o72NAt8g1_tuZmZ6V47AwevMZEL0', '凤菲飞(余)', 'http://wx.qlogo.cn/mmopen/IhU3HFSL9HjFibj8aPCV0RxAoQFgX46XW7LibPtqBZwDvD4IUR8kVaGSeliblmxYUunhNUqf7QS9o3VbzwgP7j5KVUjiaBLGsjT3/0', 1, '', 0),
(1061, 'o72NAt9SbUoUJ7kQW3_QWrul58mU', '文勤', 'http://wx.qlogo.cn/mmopen/PiajxSqBRaEKc4HPl7QXWtZqHQRbGq8YRldibsxloGt3urYx25xMLprxRzuR6fSpAIqtf4079yneQHrBuibSUzH8v0o2ictCtjmMzaIy9JxmLJ0/0', 1, '', 0),
(1062, 'o72NAt9UfDk2fbZcyvdS5oA5GXOY', '江山一局棋', 'http://wx.qlogo.cn/mmopen/IhU3HFSL9HgHIddibFWlJ7sOzCy8aTSLdqjIEbUkBDugOHoicvnUXAjByLrlW8CAFRhqL9JgpnPhZ2jGMqU2X1PGnrSPJcnDuT/0', 1, '', 0),
(1063, 'o72NAtxCIceKWb_9HI3vNqY8WVFY', '蓝英', 'http://wx.qlogo.cn/mmopen/xUyWX7MZvmB8rczNAkCXcjNia5rGHHPLddbEnAsiaDF0XGVaXLL9qppia2DxvKHibt280moy5pZNepndX18XdT7DORzmm57vSvKn/0', 1, '', 0),
(1064, 'o72NAtyop5wDid86U9TRfVdd5x0k', '盛仪', 'http://wx.qlogo.cn/mmopen/qoeLU7RsoOu7BBhsyS9nGFibiaRMmQF8M12p8ZcEG0co0m5sCcwWdsskibxfd8Bfk8QhMKmBvqMEprzVkgmRY9HA5ruvprGrtDE/0', 1, '', 0),
(1065, 'o72NAtxlBvsGYD5z0Qh_CIjcz5VU', '(╯3╰)好嗨森', 'http://wx.qlogo.cn/mmopen/qoeLU7RsoOs5h2icJyzicxhkvJ1Ln3ibgDY3IKKoTBiar9mfYLhAXzFqj1DibCseZFMUjKP0bMjKeOwO9El2g3IVGzPbRbR09evHb/0', 1, '', 0),
(1066, 'o72NAt3_edzX4Gp2cp9OSd6-dAsw', 'Crazycrab', 'http://wx.qlogo.cn/mmopen/q5Oz9CVNAOiafxp2uIQFibUWFzhQMxoz9HO0StWbiaNcb8gg4xs3cF7RTsq8NToNcL2P1FgbIWEDNebkKjYa23IhDiavxvWqC2R5/0', 1, '', 0),
(1067, 'o72NAt7q9Br7TKqKxXcScoBV_0hI', '苦瓜', 'http://wx.qlogo.cn/mmopen/FMajU52WvbHkGnfhZiazdiayqztAyrNicBOXcvZXedJZFN1D7aQ3XZn5vIFIr9icUsYwSkz8hkhW045r5mhUYzGznpGwhGLQKLkic/0', 1, '', 0),
(1068, 'o72NAt9P3Q-HsqHahXG6RewjKf6w', '白开水', 'http://wx.qlogo.cn/mmopen/IhU3HFSL9HgHIddibFWlJ7nPtM4DJYoyjI9e1WzqF9kSiaiag4icTpfWCuXN0O3iaFrQ94ibzrwqxicVhkrEGKkXAxR0ccUibNw0UH0s/0', 1, '', 0),
(1069, 'o72NAt_N63PN89FWpes97uZ-6-YI', '小杨杨😂', 'http://wx.qlogo.cn/mmopen/PiajxSqBRaEKUV0lRIIZ1ETDFAtSM5j8ohMnR3FRUry1FVnFGmVNvBqKpXhXkvV0DRYaKRxLiaaHjONNvjNjVhiaFfxT9KSpQy9BGZXbcU0CnI/0', 1, '', 0),
(1070, 'o72NAt3i-VcPgG619avEx3yc5TWU', 'summer', 'http://wx.qlogo.cn/mmopen/IhU3HFSL9HhB6yRib821xe30viaembrxsxvhPYic5sxMN33T8f5wze5ZM1S8xqUSHVHpmbPFMuwGMZqPLEHyZSxTicrcPTiaTLPzd/0', 1, '', 0),
(1071, 'o72NAt9xHNXzMCh9-CXkleqx6_EA', '唐芯', 'http://wx.qlogo.cn/mmopen/8uI2QPoOQRQE0qk9SpmVgqmLI2Cg4c96PJia8tibh5eh3SgkCXVsibNNc3zQpHJWhWLHlHe80ibeREAxt66ldRRYUQiaAGSvHjc4J/0', 1, '', 0),
(1072, 'o72NAtxArgOwmNLEcjiqygkG5Uf4', 'eden', 'http://wx.qlogo.cn/mmopen/IhU3HFSL9HgHIddibFWlJ7nxrSxeTJia976bbEUMW7qnukmTwibm0PStFrarhJqUqhuCtjtcHQhUBlxmIias2vbE9tcBNa591aq7/0', 1, '', 0),
(1073, 'o72NAt_A6RhE7fDV__wdxQKU5AEE', '段王爷', 'http://wx.qlogo.cn/mmopen/8uI2QPoOQRQE0qk9SpmVgkSHkq0ibote2FFnfAAsnTvl2tsKNKeekMvQnNlWxwywwGic41807G8Kuc7qru1vOGpq2xjmBkrqLib/0', 1, '', 0),
(1074, 'o72NAt4VVkXtZjwLqncl0ZtbdWw8', '麦田玫瑰🐹', 'http://wx.qlogo.cn/mmopen/IhU3HFSL9Hia9FYx7CibQBvOO8qwRpSgSav3aYpROGWiaL5l12raiba9P5VSgH81ibAeLib6r8DWULhwNhV4B6YuicsePjO0mwlo1vZ/0', 1, '', 0),
(1075, 'o72NAt9TcE87bKdKdf762FCxV0vE', '大黑。', 'http://wx.qlogo.cn/mmopen/Q3auHgzwzM6cwacbxvoNLhZ3ujXHEZWicy3W0DQnvOibfBUPPoicxgZf7tA4kOnrU9XdqqDQrOUicwxF2LbgOzdDgM9g2IpUkkwSLnwU4VCl6eY/0', 1, '', 0),
(1076, 'o72NAt8mf2olTsS1S-GF8uxxC5Oc', '何', 'http://wx.qlogo.cn/mmopen/Q3auHgzwzM6cwacbxvoNLhZ3ujXHEZWicyvdulYtthibzLib6icxdNZxN7zkAyEnJNXo20ce9TKxhYBkoHsqQvRKib8XR7F376r6dTFZwBPLRs0w/0', 1, '', 0),
(1077, 'o72NAt7ygH0zYn9Dyozoonbh5KgI', '杨晓冰', 'http://wx.qlogo.cn/mmopen/qoeLU7RsoOsjZbQAY958a9qxPspa234yRRJDV69RkyMc80oqNm1icJ6gwTdIc5LhAo2IegESrvWTlvKurP0w4LtOxWdYPk19p/0', 1, '', 0),
(1078, 'o72NAt-OYJBUmEd8UQJyyf5Q8m0Y', '忆倾城', 'http://wx.qlogo.cn/mmopen/Q3auHgzwzM7XOjWMj12iaJVr6q3SV4J3YKVFu3GicV4JW3TSianmtBcP0AzNUNvOmJ1q6o0abnhf9JWAHv92rGjIvJ93a0ibINccSYetkicgzrZg/0', 1, '', 0),
(1079, 'o72NAtxT-WReM0DQwEI3k38U8L8Q', '良辰°', 'http://wx.qlogo.cn/mmopen/qoeLU7RsoOs6h9JNp6tvEicANVpvg0FDaxRZJibtibo4B4uI6n7egR0WHf7NUc1ibnh9HIhXScdhkf7HFpUOot9pAHQF4Wx57otib/0', 1, '', 0),
(1080, 'o72NAt5LHj0rjNh_voz-fLs0TNXo', '她姓李', 'http://wx.qlogo.cn/mmopen/PiajxSqBRaEKCniaeCa30eNqmM3icbxNfEa4sTQINVU473JDDV55qqibCVIOO9buyBT7PrJeiaibFoG9MnN3RnV2yGFQ/0', 1, '', 0),
(1081, 'o72NAt5g0us8gugR5MxBbfq81q-A', '打不赢吐口水', 'http://wx.qlogo.cn/mmopen/IhU3HFSL9Hia9FYx7CibQBvE1tbhQ2PsguFk0QCvL8SFDdw75HIl9ufqhUs7W7WJQrBX7wYFQYaicjoiapmoIUBO4NoRibm973ib84/0', 1, '', 0),
(1082, 'o72NAtw9NTwIldfKkR_Sg9JVvLWM', '谈深', 'http://wx.qlogo.cn/mmopen/qoeLU7RsoOs6h9JNp6tvE0K84icGAZqMDOBdGTupECDq9smYWBDUkWsp27nSkfF0fPpxlCCTO7mPOMqs81yu3esl0ktcYwdjp/0', 1, '', 0),
(1083, 'o72NAt8TnS6XLYR-QpgUGrxZebO8', 'Tan✨', 'http://wx.qlogo.cn/mmopen/IhU3HFSL9Hia9FYx7CibQBvA0B2VnbbuJzcILtm73OL6TGGQohcHicybIpfmJ0wUCc19LymZOTh2emYhrViatzBkNtp46bRT47jz/0', 1, '', 0),
(1084, 'o72NAtx7BEAXaMQ_I3N_JOYnvvSU', '风潇潇', 'http://wx.qlogo.cn/mmopen/qoeLU7RsoOvUHbCRFticV47VFGOLS9xKWWgZzwQmcxlGdjx1TU08L04W466Hia23JzFKeRZ9Yicw9T5f3byfer0m15ZrFfY5rIT/0', 1, '', 0),
(1085, 'o72NAt8JXiFD2MakbAfm7W9br5tw', '眼眸', 'http://wx.qlogo.cn/mmopen/qoeLU7RsoOtoSeibDmV8sPIVXUkfuuOxjwwnB8licGbc5c1UsenvcfyVgiaKgRwzNfdaKfOYojibzWyVV0xySGLGkjml9wibfP5FW/0', 1, '', 0),
(1086, 'o72NAt6sPrYtLSog2qJjRFFJbbU4', '张业鹏', 'http://wx.qlogo.cn/mmopen/FMajU52WvbGnPqntMbEgm14jkFCFibGF2Lib5Tfdouz2sQfDxpAp6PVvGehibicYOGfTxAiamrBFrCaSV2yFAqMBaORJhiaGZaYSl4/0', 1, '', 0),
(1087, 'o72NAt4I883HP4dVDAqjUYDdtxFo', ' 猪猪', 'http://wx.qlogo.cn/mmopen/qoeLU7RsoOvuXIFRHXWAvYFiaBgTPxbokTic8wyHc7Zfd6ibWJkepic7E0do05UjCE192msDGZj994E8vXebyEXicWVymz23ASx2p/0', 1, '', 0),
(1088, 'o72NAt6vcQ-tUrdppmqNbNF_jW10', 'CC木木', 'http://wx.qlogo.cn/mmopen/IhU3HFSL9Hia9FYx7CibQBvHw2Fp4yLERWx7nbiaZGQYho5NBHW2V7AibSApaAPqdTia2JazUzTmaYaZykaXQtqN5iag2fCyYia9yEZ/0', 1, '', 0),
(1089, 'o72NAtz_-bNyed06-9ZY_jmn1JD4', '   ', 'http://wx.qlogo.cn/mmopen/8uI2QPoOQRT4tVq3aETFYZrnq8iaicXiaPFLfXFWWRou71ZuyaolCicS21B8YWcjmzzSkmRzibmldGOKX7Ls4lhib7dnUBZzYvjHNj/0', 1, '', 0),
(1090, 'o72NAtzHXyQddoJAgBLEgGGIpMpo', 'ing', 'http://wx.qlogo.cn/mmopen/8uI2QPoOQRQQtu4uhwOTX1M5T6R38Db8JXNkzJ2lABINeXPDZUibDcVdtM8NaTapIZFic4xbNnk0iaqYOo2LiaFhVxfzAKCgkccT/0', 1, '', 0),
(1091, 'o72NAtylTdUeiJVVZejL1EB6nDYk', '朝阳慕熙', 'http://wx.qlogo.cn/mmopen/IhU3HFSL9HgIkJaHxaLZIjHB1ib9jawWMAOWU6B2euHuzedSMzxEibg18PcP5kWSRmyhOAonk6zOicib4bG9XwibutVbpaCget79H/0', 1, '', 0),
(1092, 'o72NAtzcRjb0TySIABTrlsvKVSlo', '元', 'http://wx.qlogo.cn/mmopen/IhU3HFSL9HgHIddibFWlJ7o99y1XhZ3VjBWeEqUDtibR50z8x5Nzc7FkNasickczuMfnw9hibt8ibHUabIGJH8PajB3FoZXplj3KQ/0', 1, '', 0),
(1093, 'o72NAt3qbrx0h-yjn8KW07FZwTXo', '许愿林', 'http://wx.qlogo.cn/mmopen/ktsXZCuLfHlt3fBgndRUyDEfoRdreAJ3LL47nw3SqdmsnFvz9ctkoMxc9uQbm10tqibNn4RaEgtKaWVVeniaDjYphQAL2WBBqB/0', 1, '', 0),
(1094, 'o72NAt4SHUF6XkyMl-NUNHNoOhYQ', 'I am 任静', 'http://wx.qlogo.cn/mmopen/8uI2QPoOQRSmAOLfWbHqqpgWv1s5FUibxtvzm8PAx8Ap6th3fbDU2MurmiahvR6wfEDElJ6YlOT6bWnhUjObYF5Ce2f6Ct59R3/0', 1, '', 0),
(1095, 'o72NAtwlUE6C3ZSdhIFYwwKFIfOw', '874044135', 'http://wx.qlogo.cn/mmopen/ajNVdqHZLLBBqL9c1aw9QAa2JdoCt1R6TxNeq9WdH79Via0WmoibicK5qKYx4JNJwLIicWEonC9gQTRLNkUJRZibBHq6WZXLXNqyCTT4fzUT43XU/0', 1, '', 0),
(1096, 'o72NAt3RmhPOYI0nUj_iz9APYCLg', 'Vito', 'http://wx.qlogo.cn/mmopen/IhU3HFSL9HgHIddibFWlJ7hOs4TL77lib94ZUG6xKibjg7YCX1teMwLyYC4dTEnRjibjrw25w9eLbfGQvGUHbzOLCv2DicVzVgicI8/0', 1, '', 0),
(1097, 'o72NAt7e16y9sOjapIl07FyqZfmM', '王芬', 'http://wx.qlogo.cn/mmopen/IhU3HFSL9HjQQcSPohobnkrYCjRy6s8Uiabc47kh4QxB9uBXcS9Aib4KhnayT0SY1hvbTRvZkOONIicGFXcrXaiaNd3obUxicZTCB/0', 1, '', 0),
(1098, 'o72NAt-gmMUg7zZmOVEZSM1U38NY', '智', 'http://wx.qlogo.cn/mmopen/qoeLU7RsoOsMtJXC0uRpUbuaYPDofPItVpSynia4LlQysuCZntM67DV1mOpZxuyZB9BJxknI01XibH5rL6NFoRzDHE4Qrgk9Ps/0', 1, '', 0),
(1099, 'o72NAt2IGkgPq9N_HTeXOwS5hxy0', '草木一云上航空国际机票国内机票', 'http://wx.qlogo.cn/mmopen/v0eAniby0MpmwT1YutnRZam7KvH5P8omKTibE1ZyX1K7IQeIHteGkbiacySXl0HGucSIVolYWMiaFSMYtD87QzibyHw7seiaXolpGM/0', 1, '', 0),
(1100, 'o72NAt--tAYxE81lG7RGmgADO_cA', 'xf', 'http://wx.qlogo.cn/mmopen/q5Oz9CVNAOiafxp2uIQFibUeCwuSPPCibyLsjNeuXYQyh0zPh9qS9YbHteMPprrFzHmhHnxwibOYUqWe7ic4PTFSwZRDnVA7Z2WLs/0', 1, '', 0),
(1101, 'o72NAt-6NE_NcuywdLk-jaNAGioo', '郭蕾疯', 'http://wx.qlogo.cn/mmopen/qoeLU7RsoOvbcpLCpKsqWFDdz4Oxud9D9G8ibibicIMDYwU4BnyJa7uljykBA91CLW18j6ZiaWbKJsYjkpELUSTYib8qP4Mu7yo4d/0', 1, '', 0),
(1102, 'o72NAt_qUQmVR84ak_PdHxAAUCFk', '谁偷吃了我的方便面😒', 'http://wx.qlogo.cn/mmopen/8uI2QPoOQRQE0qk9SpmVgvppzCvfzVM6xKgtSUwfftaFJjA2JzY0Cn1kqTy6f8eoaVFqBgdgHlyYoN6D3asR8YsJwbKRTGOU/0', 1, '', 0),
(1103, 'o72NAt-OjxbKX-herpy8ezAqt2T4', '杨镇海', 'http://wx.qlogo.cn/mmopen/ajNVdqHZLLCscibwEicia7SVXbm7CwyyOHyIR4E0RaoVS4NZTMib9icNDGjAvSCB9ttZkuAG3bc2GKq040AocdX8icBA/0', 1, '', 0),
(1104, 'o72NAt4L1oKOCGRkuFZ-cT01-Um0', '、杨', 'http://wx.qlogo.cn/mmopen/8uI2QPoOQRQkmd4xIE5IPuRLoLF5OKJMHAibSbsE6PJcwLTZ2nCjr5qPMK6F0TU7pr5wHFDUiaVBhl2RXyuibNIsfEfuvZU4MyO/0', 1, '', 0),
(1105, 'o72NAtxNxaHYBwN4yra52TtBB4P0', '邓s', 'http://wx.qlogo.cn/mmopen/qoeLU7RsoOs6h9JNp6tvEw1C6UKSCm3OXJc3uCkcmJuZOasTowRia9WzgowUyricfBgOpZeuOR8ibUdcuJXU9v84EdHJ7FicKjibk/0', 1, '', 0),
(1106, 'o72NAtx2J_qJtASlfDQcIErgJRwk', '晒着阳光◑▂◐望着遥远', 'http://wx.qlogo.cn/mmopen/FMajU52WvbGnllrCvO8Eccp0dKN7iaLkobEKrgUQkuVrryU1GQ0puvL6TqWIWl0ia0NqIiaudDphD70YGD4vmbMQA/0', 1, '', 0),
(1107, 'o72NAt5o3lQc65KL2valSC2O5rq4', 'LuLu', 'http://wx.qlogo.cn/mmopen/8uI2QPoOQRQE0qk9SpmVgqajFU9wy4iaMUvO0e2ZFibvFC7o28ic4Sxk8DLRkTQmTwz45ibZyZT6dsG85CmZ4sKfQ1Pn5Zn1urp1/0', 1, '', 0),
(1108, 'o72NAt0BhOGDLq9o7k6Sb-B2_WKk', '广元思埠—王若', 'http://wx.qlogo.cn/mmopen/Q3auHgzwzM7XOjWMj12iaJVr6q3SV4J3YUE4xG3Y5RPAicQnYUYTicudqYp40PouRE0wR1982pz2d4icZA7W6pNC9PiaHlHtUoGfhrt40NlFNNVk/0', 1, '', 0),
(1109, 'o72NAt8_kmEvzzDKYVDXB5atp1us', 'Sam Lin', 'http://wx.qlogo.cn/mmopen/ajNVdqHZLLCu9Y2DOqibyAIrwVeNnCLXkzdmy8eWzc5V44h8v7puj6t5eBtXZPX6aDQf5a6f0dZB9lhARVCWicUA/0', 1, '', 0),
(1110, 'o72NAt5YuIkoGa0024O8K8zjeZPg', 'Rian Sub', 'http://wx.qlogo.cn/mmopen/IhU3HFSL9HiaH5GEZxFaUtjDdSH5cW7QZibOSzxCPUkD6DnQTibBygSlGOITv6QpUIDE6y843AibwpS9GwIysD40tAxW0ZNicFAoK/0', 1, '', 0),
(1111, 'o72NAt7Z4qZWumbc6MYh2wtFtCHs', '敬天爱人', 'http://wx.qlogo.cn/mmopen/qoeLU7RsoOs6h9JNp6tvE3Ix0cTth3jwuexIKyxgIDscm1LSWqSPl0gRAWUkr2YRaE7RlFjjibNv9R814fOp5fysPBonPQiciau/0', 1, '', 0),
(1112, 'o72NAt5CbhR7YX-b9AP8XqfVoBPk', '周李', 'http://wx.qlogo.cn/mmopen/qoeLU7RsoOs6h9JNp6tvE0R0tGLZYukEofjAVw1NwSeiatnjjwlDjwIIHt8zrwecHJvjiaE20twKl2UF4V5VbOjyaia4KPxokzQ/0', 1, '', 0),
(1113, 'o72NAtwjirhHWEJf0esMR_0vePSs', '潘美娟', 'http://wx.qlogo.cn/mmopen/KMhLUq01JTJAy34Ic8pzOKSA10dcHUssGeeANOW7RWicJEib0JnwsHGVGfIODMuhOlfOv41V0XklL2Tdg0C9mUkmiaskCkruy40/0', 1, '', 0),
(1114, 'o72NAt9_DbDRxX2XUdqAotbyBN1E', '鹏少', 'http://wx.qlogo.cn/mmopen/IhU3HFSL9HjglfsriaJu8KTjyichXDgAMJxwG3icvTnFIfic3nQCvycYwucQlfDriaBW8BpI5VQZZqicAAhUol3Ceib9Fpo0I9vDCVa/0', 1, '', 0),
(1115, 'o72NAty92l9hXoMsxuT8v9X8cdG4', '临水照花', 'http://wx.qlogo.cn/mmopen/8uI2QPoOQRQE0qk9SpmVgs9aqdwMwsJWHvmPob9icAOCMqXq4X5FGBvoTfBYCrpiapHvM2PnlzygTyKGnCdz95XUKo5lKMs2pM/0', 1, '', 0),
(1116, 'o72NAt2cFBTy6hEprwmB0XdeLdp8', 'mf', 'http://wx.qlogo.cn/mmopen/8uI2QPoOQRQE0qk9SpmVgqfHrKhChibUic9KtVxM7PPib6BL4Gwic2DnmdywS1PqiaXLlvB2yLmz2ZRTjpdD5XibPSr6lsGmF4w0Mp/0', 1, '', 0),
(1117, 'o72NAtwEYx9ct-lwHBXSG2kcDx70', '罗大大⚡️', 'http://wx.qlogo.cn/mmopen/ajNVdqHZLLCzXc2LDt61mAVvHkuVs8BoS2lXt51LgUwkuiaScuibHrvmuJT8X4yPteeVxG79WJibCmUg9W6AXNfTA/0', 1, '', 0),
(1118, 'o72NAtx6eHuslwMeYbcOwEZhxUwA', '剪不断烟花🎇', 'http://wx.qlogo.cn/mmopen/FMajU52WvbF8DHOiccwy9VibuNqicZBxoa9GcUgJdibSqVpoqFyseEEvTCrRVFCok787MBCwEicQdZezSVvcMOW3VOiagsU10vL4DF/0', 1, '', 0),
(1119, 'o72NAt0bwX7WFZyBMYQyU2HAAAsQ', '焱爔', 'http://wx.qlogo.cn/mmopen/IhU3HFSL9HgHIddibFWlJ7rkxqI1S4L1XJvcvJibichyzgWJv1vFvfmrtKkAXUQYhGficsVO5Dkq8DRJostoOfZHh5cR9FgRpjvt/0', 1, '', 0),
(1120, 'o72NAtxou771kchZOZM2xVmLF8Ag', 'Y_慕杰', 'http://wx.qlogo.cn/mmopen/8uI2QPoOQRQE0qk9SpmVgkwFgunlbQ0cM72VYu8E3WYjBQPhMBWWTTFWJEFsiaJPq7icyaYl6ey9oyibxiaLaxx6LGSzer0V6J5Y/0', 1, '', 0),
(1121, 'o72NAt-vAlolHC_ybfnCsUQjQsK8', 'Namphy', 'http://wx.qlogo.cn/mmopen/8uI2QPoOQRSJ82ibF3Swk5rsOA6ToGIONrpgcPNsFjVQEPEILFCUCleWyemY7Hk9AlFU6P3xmej3julCCyHo4ribXyX8R70kUic/0', 1, '', 0),
(1122, 'o72NAt1Sb6_Of9D_Y5ApAZcn_344', '爱若浮萍', 'http://wx.qlogo.cn/mmopen/qoeLU7RsoOuYfnFxqGf3NVmQJqkibEQ1qRsVLUEoicz9TdzIBbgbjMxuZHDvTjhE20MEyzAySZEXibQIVdYRcnDZHAhVdhWcQ0c/0', 1, '', 0),
(1123, 'o72NAt_fbgr_BXsHpDzJuSD9WBNA', '阿呆', 'http://wx.qlogo.cn/mmopen/qoeLU7RsoOsVHFT8cra0GbBMJuA7Gp5ERm5yEXc3XWiaGVNsT4kTX7rQZIBPBhyod9rRtpgyUQeK62lFALV54dQ4n7ame6Woy/0', 1, '', 0),
(1124, 'o72NAtwc_Si_yYgILORLq6_-JiTE', 'Zoo', 'http://wx.qlogo.cn/mmopen/ajNVdqHZLLDtzUesA2uvvGgINIqa3nBhw6bgWre0ETgoicH5z3WZxUPPpdbFfnnOX5Yg15QtsgIvmlibvTsfd7tg/0', 1, '', 0),
(1125, 'o72NAt6CKlJBTGyLwyIKI6WzK32k', '汤洪棉', 'http://wx.qlogo.cn/mmopen/qoeLU7RsoOsfFicvnQOnhUwsB0cUfgx22iaKYTjLQn7R1hrKEa20iakw0w46hOrRDchI7XBvVlGmYzRRFaIxicGTMhoJGMCyV7MF/0', 1, '', 0),
(1126, 'o72NAt13aWz4L7aHenHhfCaTXYPA', 'chen👄', 'http://wx.qlogo.cn/mmopen/Q3auHgzwzM6cwacbxvoNLhZ3ujXHEZWiclqffnrEk6X3bJFs4ia9GbCXdwYYibQRtuCjxl82bccIGsGZibQ0BZ8qibTWexu2WJciabzpAqzaZsXP0/0', 1, '', 0),
(1127, 'o72NAt20MsTejwbaHJzZStO1_mfY', '柳勇', 'http://wx.qlogo.cn/mmopen/IhU3HFSL9Hia9FYx7CibQBvB0jZEUoibSd9DD2Vwozk7BXqVMXELEdvyLveEpH4qCGOm5aog41Vdskcdreo1m4yHNEvnVQboqmy/0', 1, '', 0),
(1128, 'o72NAtyiQPDPWa2cMH-6IHA9lcMQ', 'stellar 🍒', 'http://wx.qlogo.cn/mmopen/11r8qC86rYBlNPGdye7YobTVg3HqOocZtf2ib6RbxqHWHTnn4Jgyqgv3Y7yvm3P0CggvBrMgibLiaP17kg7icXyAlXOMv1qpBPM1/0', 1, '', 0),
(1129, 'o72NAt5jxTJXRzl21_rffECJFiEM', '慧慧', 'http://wx.qlogo.cn/mmopen/qoeLU7RsoOs6h9JNp6tvEzYaiaicZfbTiaYQOql9iccGStRKtx5Xf7wTmowZ1YBmXViajNBQVxdhatwsC9gicqO3PGFH6KbOVtqRTg/0', 1, '', 0),
(1130, 'o72NAt9UCS_JHlakeym2oFmF1tyk', '姚姚', 'http://wx.qlogo.cn/mmopen/8uI2QPoOQRQVj3vp1jyAjvJ0UOgyLW4bW4RTuIACOlOVgYPtQAzFodSaGmRqocOVor1vHHoiaeCIG7Ex1eg8oDCv0Urrt0FgD/0', 1, '', 0),
(1131, 'o72NAt-ogJQ9cwHLgjjtCEaa0Hf0', ':-)', 'http://wx.qlogo.cn/mmopen/Q3auHgzwzM7CjlWqtodNVgUsYhzUzTCd79Seiaxpvevmve8bqDiaqLVImPSN1O5fnJACpIPct4e81H9DP0KIjqn3T8lulTOnghxNTB4K4gsXU/0', 1, '', 0),
(1132, 'o72NAt9f1CBdeZViZFwizc05j2d0', 'YISIBUGUAYA', 'http://wx.qlogo.cn/mmopen/PiajxSqBRaELrcymlcbbNibNtEUsQqbAkEiaYQ4PRPsA7K8W9R7KS84Ch2pqAqTowibsAJiamL0gVvow4Go5Bk2982A/0', 1, '', 0),
(1133, 'o72NAt1ecxtH0AgLMDmU34CPAX5I', '张一帆Vanint', 'http://wx.qlogo.cn/mmopen/IhU3HFSL9Hgeo71bxt3B2zljTl4PbR7lyH9qmrSFxvtrY4LibBwwVZkAOHE4CBYiaL62l9c3ibmn8icoj9hehE8moamo0EZoIvd3/0', 1, '', 0),
(1134, 'o72NAt0yKPjbwLxeRzcyjVxprChQ', '捶捶', 'http://wx.qlogo.cn/mmopen/q5Oz9CVNAOheS7zQOda8AVuKMFRicl77iaJljLvW3XQGDx5aqBvhfmibicnZf8aXsb4CKcv3XgkHicLuqTTYsMhqlpl1AWJs4CibQX/0', 1, '', 0),
(1135, 'o72NAt9VNqiypbjoOeTjtZA3DurE', '李汤圆', 'http://wx.qlogo.cn/mmopen/qoeLU7RsoOvLAhibzjmnupzw7uICYBqBchZnniaicrAs08iceiamEqdphNmf3WtIaiaP94OAz3riaKLMcqUw9n9N4ArOQuhKtL0zQ1ib/0', 1, '', 0),
(1136, 'o72NAtywLJanwMRbLclGEXhcvpAU', 'Barbala', 'http://wx.qlogo.cn/mmopen/IhU3HFSL9HjYPZ99wIRSd9CVCn8NQ99L563cnLQc97aQpL1Wkicjd3cu6lsMcGLTRMxbgk75y0IQE7PTagzXpKT45wOK1YD1y/0', 1, '', 0),
(1137, 'o72NAt7SxqQpVE8BJmYpMSTDsm-I', '文刂王彳亍', 'http://wx.qlogo.cn/mmopen/qoeLU7RsoOs6h9JNp6tvE9d0aGIEia2jicP2UgTKibiayhibqdExAJZM0nGYdN4z37nYYAwCHDNj8lsL8EEFzUgpXEGFiavib1rrGiaM/0', 1, '', 0),
(1138, 'o72NAt6d0MJgG00mTrDnj3ZDnn2M', '时光如水', 'http://wx.qlogo.cn/mmopen/qoeLU7RsoOs6h9JNp6tvEicwKQgWbmbEt0WC7YKDPhbUNruMfGtG1NGIc2m1iaSzf1wYk2aXliaDVBYbWl4bFmokIOKKJAv3CZQ/0', 1, '', 0),
(1139, 'o72NAt5FkiDK8kyaq_taGjqdP9Tw', '中二是一种病，', 'http://wx.qlogo.cn/mmopen/8uI2QPoOQRT2YCiae9dtpBDdoyrlc25feau4bZXItxCfxwv7pn7qxVS9GjyYdFNYq6opebvwfMBFO4CvZMzj6FVy3ChMt5rtO/0', 1, '', 0),
(1140, 'o72NAtylSaG1nZeNKw8UKTr_4yF8', '青韧', 'http://wx.qlogo.cn/mmopen/IhU3HFSL9HgHIddibFWlJ7gXN4Vb5AVQQl8TVaUtg48v6iby470veiasFoqglncuHVxD0b1MJosqr3Dic3ZvhQ3U0FgNVMKyh0Wn/0', 1, '', 0),
(1141, 'o72NAt4fa8BlUcktfgNg7_wX1TTQ', '🍭', 'http://wx.qlogo.cn/mmopen/IhU3HFSL9HhhW3xDyDKv3f3ib5ic0x4735hg0Id8gTYEanHwFa7V2ZGjFmygmHpaicic5kVrCibiaTyI373rV1wWHL1c9awZCcVWaJ/0', 1, '', 0),
(1142, 'o72NAt1JtsdrvE4miahk7jZr5qAo', '铁呵呵💃🏻', 'http://wx.qlogo.cn/mmopen/q5Oz9CVNAOiafxp2uIQFibUUut0LY3lfiagwGbVYic0qtpYsQ9iagvugrj9c4TDCVr4GkHexicK3g0k8DJHdEGxNlgYLgbibhdgqvbu/0', 1, '', 0),
(1143, 'o72NAt4HlgSOHqxTLYa0OlqJZa04', '李思豪', 'http://wx.qlogo.cn/mmopen/qoeLU7RsoOvX3rrsJDOo60payu6OY9Jic2KywURbjggLkugYCe2g8XBy5RFkESF3IlE2HoauNZLlwKNhib0PPdBz2jn0p6QAwP/0', 1, '', 0),
(1144, 'o72NAt3hyOOW3EWSb0kC1v6P37vU', '小秋～', 'http://wx.qlogo.cn/mmopen/8uI2QPoOQRQE0qk9SpmVgrWBgR8Uwxkeep6DTIiaMIRafHhhNSeV8RCbKtw2vmOk3wIibculodcfrnQO34bN9ibKv3ckfcyUhIu/0', 1, '', 0),
(1145, 'o72NAt_ZfoxV0bQvkH6r_-QancEA', 'skyyye', 'http://wx.qlogo.cn/mmopen/IhU3HFSL9Hia9FYx7CibQBvEdBfh38YaAfQ7w474LNYgKiapDfAkm2qicGt8AoxkUpE71OTTKA1oWquuUrF9JNoGia2JQGCX9CpkV/0', 1, '', 0),
(1146, 'o72NAtw_cI6tkMo_UteMtIB0Sbf8', '夏建新', 'http://wx.qlogo.cn/mmopen/qoeLU7RsoOs6h9JNp6tvE3Xfq6RAVRxq304wEnuXQSdXkdr43icbR62bkMHxsuDM6fmzngXYNZ8Jq8SOx3R6QHoMtWGaKG9U6/0', 1, '', 0),
(1147, 'o72NAt397qH01-o_okdUX15hpBvI', '木子', 'http://wx.qlogo.cn/mmopen/Q3auHgzwzM7XOjWMj12iaJVr6q3SV4J3YxZ36BqKnIfG67EFhfsp28rbQtYH5FwvVKBvwoHGh37XV3ykbsvROv3oltgiaMrM2ibKJ8449wf5ibM/0', 1, '', 0),
(1148, 'o72NAt5TPbhLFrypqg4PACLrI9V4', 'Tbc 💭', 'http://wx.qlogo.cn/mmopen/qoeLU7RsoOs6h9JNp6tvE5Xsicg888pVCXBqvYBZVLgOMFfOXrga0ibmvtKic00sABYb0AwzeQJE2hayYqBLMxPgR1l5dWLG2CF/0', 1, '', 0),
(1149, 'o72NAtyFP2CCdCmZjFLOvsftDZb0', 'ISSHENGSHENG', 'http://wx.qlogo.cn/mmopen/IhU3HFSL9HgHIddibFWlJ7jib071xKro5tBXDxFmo8dvbnwKicibNbCJMLruB5yj1ChwboGbagcZGsmXV0yTFicFKtzTQpib5TtwYW/0', 1, '', 0),
(1150, 'o72NAt5tZUNLL0n_-tntTiPjupSE', 'LINNNN', 'http://wx.qlogo.cn/mmopen/qoeLU7RsoOs6h9JNp6tvE96lRlhveV7fIYRzDdic277mmLtmiaE2ic0qXtI39ASKAPnYHCu1EQUgt86RyyBJOWez0olfnnjGep2/0', 1, '', 0),
(1151, 'o72NAt2R332LZHbgKXrMeo3ezgpU', '王泽礼', 'http://wx.qlogo.cn/mmopen/8uI2QPoOQRRkd2iaMKdNMouxCD0E2ax8vNn98qXA7zwfvwGgwQibHS5UibZr7zXxRHgCLUMdnPfMaGM8d5ibht6WTpoQbFlRMfjq/0', 1, '', 0),
(1152, 'o72NAtwv5JgTAcTaYsrD_HpUObjY', 'YYy', 'http://wx.qlogo.cn/mmopen/Q3auHgzwzM7MBWLjJB8JwMDh5GO5aw90V7C5cgwDKibGw7Y1r4LcpQwKyGlEh47ribFBMncCUGOSmAT0Ku9awXPmAE8pA98hxmh5Wv00H4kTI/0', 1, '', 0),
(1153, 'o72NAt_RhgEuesgsQufwSVs-8vwQ', '吴非', 'http://wx.qlogo.cn/mmopen/IhU3HFSL9HgHIddibFWlJ7rOXD2NpedTJYwDSOJINwaNWrChDiczajrljR3ZXgE6GkXKKkod2V65L3tMZlFH5R97vicQb4XoFUz/0', 1, '', 0),
(1154, 'o72NAtzKRXhyWfnbO5VWhRzdlrIw', '小年轻乎 ', 'http://wx.qlogo.cn/mmopen/j0PdRx6Zlibke5YutuWnj0K1UHh4n0ZWE9tFZic1NX5sD568ucicGMYSicLGkAIaib0BwQVAuDYQxmGc1vKFnWCnp9Ta1fdK07Yyj/0', 1, '', 0),
(1155, 'o72NAt4jmmu0Vk8jr8v-wwPfi5hY', '阳阳', 'http://wx.qlogo.cn/mmopen/IhU3HFSL9Hia9FYx7CibQBvPnTf8hhyGRj7czezPCDJPngp6qNcJ45KawxBiatHFfVaY4PF6LOaPXiaWBzdJBYLPiaDMM6K7q6gYg/0', 1, '', 0),
(1156, 'o72NAt-3ttb6p-p9RrhLAMjf47bU', 'Y.', 'http://wx.qlogo.cn/mmopen/8uI2QPoOQRQE0qk9SpmVgvD6mbJ34JHibZxgqNDZtFiaP3QiazQZUFIfh8iamcyKucaib0pjyNCuMKHOHBufu4mUZAvXv0I7eLYhic/0', 1, '', 0),
(1157, 'o72NAt-uQZLpZztdB4Becu9wiwJs', '紫凤', 'http://wx.qlogo.cn/mmopen/11r8qC86rYBlNPGdye7YoVEllbVIEADrmyw6RR2ibdZNCaQsJFbTYsZDHodjjhzcqiaGy5TPTCRNFksKO4gibnW3J8RLfQYMiaLt/0', 1, '', 0),
(1158, 'o72NAtw2Hz9-VMltxh0GejQBuwiY', '欣欣', 'http://wx.qlogo.cn/mmopen/IhU3HFSL9HgBCicX3pqCrk2W7Grpto7Bvb6oLqbPHJFZB2cmECbRghiaK1kIVwjZqZgLTylIVN1ndwveQq4VHbYK6bAHS4scYF/0', 1, '', 0),
(1159, 'o72NAtxeK4b4W-ebrc8BR1NKQ_VM', '牜畅畅有绝妙呵呵呵', 'http://wx.qlogo.cn/mmopen/bPGOrxzAOs0HicAnzY6HuPVNVyePYuysic8zbtt68VaNLDeR0K9NfvRwKEAwicrQDcyP8F67k1YREFHSdAXZAD9wpjqM4NqydmW/0', 1, '', 0),
(1160, 'o72NAt4SvxjR1g9ve7SG9PMO2k4Q', '昕', 'http://wx.qlogo.cn/mmopen/IhU3HFSL9HjC77Y0bVfHeicbsg7HFXVnRqYKnKeDXcfPjjFNyBRkQpwD8wZFE4AojMFbBat33RNFZIX6YY35c2mV9nXxicWyzB/0', 1, '', 0),
(1161, 'o72NAt6pwgimXIijtrqmgHPdgXHQ', 'SOYOUNG！', 'http://wx.qlogo.cn/mmopen/FMajU52WvbFFR24FvCTyZdwmQGnyLp82m9oxzufXR25PX8tCicicG5ZR5YWbqql6y6icUmD0WekCewwFGiaTGibFrmI4nvObg7ge5/0', 1, '', 0),
(1162, 'o72NAtwXCjh1motTswpxvGKIv_g0', '孙越越🌙', 'http://wx.qlogo.cn/mmopen/Q3auHgzwzM40AOoxNyNWw0grB7sL0DaAWVa8NFI7efoRAWMOicwRia3lWQufO0g3edp3tibrBlFsSKwMeHGAekggeHyIG60M46JjGof0McrQrQ/0', 1, '', 0),
(1163, 'o72NAtw3vV99ykZFhm_AhZTB3QxE', 'Dear J', 'http://wx.qlogo.cn/mmopen/qoeLU7RsoOs7b5JHLsJicS71VJQ9eEYKSFHqUAtgYHA0aF05stk5ehia42EXfrBOEGCBib525GwrlgnWnEh7cXeIVLagCoN1xTc/0', 1, '', 0),
(1164, 'o72NAt_aOX8Olj2xheOrdmq4pg_s', '青春盛宴', 'http://wx.qlogo.cn/mmopen/8uI2QPoOQRQE0qk9SpmVguB34GyJ6pPd1n47nH4fPJrP38jkSLlL4ianaDm3ZKtyIxxoOricaeCibUTLmrLuEGC9Pr9IJxPSSTE/0', 1, '', 0),
(1165, 'o72NAt6tq860F7RicvNG2sQBUFxQ', '柠檬不加糖🍋', 'http://wx.qlogo.cn/mmopen/8uI2QPoOQRQE0qk9SpmVghutrZxxqaYkpuyBwxCicSxfWQxxYn549gMic9fCxMIRxD84aSTtPHC7QAvW5sKkZcW7M8YPwfNnSG/0', 1, '', 0),
(1166, 'o72NAty-Ex8Tq0HX2jEtUwlipFro', '        景页🌻', 'http://wx.qlogo.cn/mmopen/FMajU52WvbEmcJm8OkmITZdrg2FNT4mW2vpvQC2aIjbt5DCbnY2A05sfRvc6mD3XOEDC8ViaiaMiazeKSI8lSY6iauEXsaXPBqOb/0', 1, '', 0),
(1167, 'o72NAt5-8bS3RZVusHC2xnjfh-ew', '张张张张张露月🌸', 'http://wx.qlogo.cn/mmopen/IhU3HFSL9Hia9FYx7CibQBvEhTUSLCNIHcoeqLZIqZut0togmOnaMfj6h4lEy6Tq2nMKxlEr8kthS4bhLlyYNX0dxRwStHxCuS/0', 1, '', 0),
(1168, 'o72NAt_4GeqndHhffIwAF0ZdveEg', '露露', 'http://wx.qlogo.cn/mmopen/xUyWX7MZvmDel2nS3r5IQ61tAmVVnpv2GPib6DVF0Cha5K9vibkictvLAfACdfhKJep2okjSMibZibknqamxbGsy5ia52J0A29ics8C/0', 1, '', 0),
(1169, 'o72NAt_wx2DXuQQmg_Q4V11GBY-c', '南方姑娘', 'http://wx.qlogo.cn/mmopen/qoeLU7RsoOtxe6gOvgJ1fibLE3CT1BU71uzYf0XZZZiarT6XWNia9iatXiaSibaG6yIJDYpwS77ASb6HnnleIhpgbQPBrib1GyBcFAU/0', 1, '', 0),
(1170, 'o72NAt_Za2TzUHt1k0TVDzxL_1XI', '王彬', 'http://wx.qlogo.cn/mmopen/IhU3HFSL9HhNVGDvnaxnLGWAENIOrk2r97sXibtzT4kfOOyzPbwoHxrTQVSbHuCaFpAIZreZiavH4EcU73PzK9fqGyOnPH3QvM/0', 1, '', 0),
(1171, 'o72NAt5IL2w8A8qbuyj-T5ECgbQE', '神经质的随性', 'http://wx.qlogo.cn/mmopen/FMajU52WvbHPmW64fSvxFRmsQphUicMzU6aJAdcQ3ibmQ2etzpYovEUKiaoiaGZlF0kLu5tuzaMicBKia8IicMcSe7ialQ30NXyA9esJ/0', 1, '', 0),
(1172, 'o72NAtwJcEpcorVXV_cpQiGE9bsg', '荼蘼花。', 'http://wx.qlogo.cn/mmopen/8uI2QPoOQRSJIzp0atU66cY5lkJj0mcvRbIDmXd8O8U79hmzbT8k4XFIe6u7I0jcA11LQPMe0t7z6b77ibjgluCnAkansicFDt/0', 1, '', 0),
(1173, 'o72NAtzFQLo91UAMpYFhyrvlVREM', 'Lillian', 'http://wx.qlogo.cn/mmopen/ajNVdqHZLLAetXDYYfhSu9ic6Ngx1hzTv2OrHxX9S4mFKibrz3NXHD5OEm15PyibdFKuzCHfBzIe5aTHzCQHITSoiaGepxaXcCEuvhgY0ulPjEE/0', 1, '', 0),
(1174, 'o72NAt_t5QHC24ZXyDAGq8V7HdmI', '澜澜子木', 'http://wx.qlogo.cn/mmopen/qoeLU7RsoOvoEpSrrgJGu9raGia2hibnPvql6BdjZibn4zj30sjslHC8CaNywh5U1V3E9xAn0Nvgr5XcGlnS8n0sbm0m85S04Cw/0', 1, '', 0),
(1175, 'o72NAt8jjcuwFI67Xb1DBID8AL4U', '楚舟', 'http://wx.qlogo.cn/mmopen/PO0LKUbZnbTLDonn8VdqJ3wh7rjQJFVqmicDsdwCh0v4IfkvsvGTogUvS2tibLvQKdAL8VHQZPeq6OOic7hwtbYddpVTxqE68Jc/0', 1, '', 0),
(1176, 'o72NAt0PvcF91boT0Fxat8lupvRU', 'Casion', 'http://wx.qlogo.cn/mmopen/qoeLU7RsoOsMKLWTqnxjcFvgKYsU0j5FKWNunzjvVgYcUiaCMDAicBJibqiaQPoxQeJvN8eRMO6C5KFzhVnwFfiaYpyBroKJbDWkib/0', 1, '', 0),
(1177, 'o72NAt7Ri4Bz4fohHv_n7elE0MJw', '矫情小婊砸', 'http://wx.qlogo.cn/mmopen/qoeLU7RsoOvAn66AIibXnPgpYsibEtyk4MdlpUNqsMOTkprRMJ39MxGkL0SV6PftuLujgOulfbVUQp9PzDr7Z7t6B9KaCAw7n5/0', 1, '', 0),
(1178, 'o72NAt4NBrxj-EuY9XO5NLTc6h2E', 'ZZH', 'http://wx.qlogo.cn/mmopen/PiajxSqBRaEIZpSISWIT1zmSgp3D0jC6SndR9gMxUI8VLTy6Q3053HsAp8JPzr4SThEia8OQ2gdWiaoTbsWNyjbNg/0', 1, '', 0),
(1179, 'o72NAt2Css3usgfGe3LwOjH7saYc', '月世寒依', 'http://wx.qlogo.cn/mmopen/PiajxSqBRaEI0iayxl5r5icONmUG8ftOD2T5wIXVIrUlrPkOzvJkch4byvrAwGkZxPLYaGwyicZdXB0AwTiaC1asuKw/0', 1, '', 0),
(1180, 'o72NAt1O3vuXDFPfyN3kf99dUAcs', '🐷', 'http://wx.qlogo.cn/mmopen/IhU3HFSL9HgHIddibFWlJ7g2MsnXehW9tpiab2PJ9hN2HEtdiaDssx1z5rPAiaR8Ep80rL6x9XGHicZiceowicnibPG1mxpUnUIA2RNG/0', 1, '', 0),
(1181, 'o72NAt6kzt6hwutGFuNnRIukO9Bw', 'Brady', 'http://wx.qlogo.cn/mmopen/ajNVdqHZLLDzvvFG6C1rvdmFV4YkMHSoJpF2oOMFj7oOiaQCuINzC9HP0JE930KvRjMK2ZeG7YkR4aTd6lKRvicw/0', 1, '', 0),
(1182, 'o72NAtw_Z0isrovqpiP2lR2mPKoc', '王纯~', 'http://wx.qlogo.cn/mmopen/8uI2QPoOQRSrFGshuOtmvEa6RhZU7eA21cqL41jozrAtSW60tMIib5ic5QyTicQV5RHzXiaGjQBzhDTId4qE8EoXssgnAHEA31ibe/0', 1, '', 0),
(1183, 'o72NAtylEv6n7Qd5ut75AdQRye4g', '似水年华', 'http://wx.qlogo.cn/mmopen/IhU3HFSL9Hia9FYx7CibQBvO0WG0eTFdtibmnQbBW7RY6NBRtSKg3xVswljqCSY48Smlb3wqCHEwXBwia8C0vZPDtbcTEu9BiaIvl/0', 1, '', 0),
(1184, 'o72NAt_vHlnNRkA9D9NOeSZTNDDM', '贾蓝熹', 'http://wx.qlogo.cn/mmopen/IhU3HFSL9Hia9FYx7CibQBvAibK2dMmKaR2VGHFTc2eUnXuyLERJkDgcYA3yqsrx3AMCXGhFHc2pbp7eA8chxl1E9icnX5fjEDO7/0', 1, '', 0),
(1185, 'o72NAtxDXoSVigYLn5igwdh9D2CA', '罗元', 'http://wx.qlogo.cn/mmopen/qoeLU7RsoOtHnk9iaN3xWqe9m8SV9vjJiaDr0icdH2FTGbX8pMw9hFQpW9ibicJq2RcTqvRgHkr5gSbSrfm6iaUD1MvE0yYBczzgam/0', 1, '', 0),
(1186, 'o72NAtyUuBmB2SbcyO6GdmTR1hJk', '乔', 'http://wx.qlogo.cn/mmopen/8uI2QPoOQRQE0qk9SpmVgur9nAXfcEQn7ZLyhWVRw2J7bia90q6yibjFUib1koAqW3YK5s8kRGQn0icGMQdxda5FeMYhfib5PmoxF/0', 1, '', 0),
(1187, 'o72NAt6Tkh7-vaCRtWm1j6d49NBQ', '纪胖胖伊', 'http://wx.qlogo.cn/mmopen/qoeLU7RsoOs7b5JHLsJicS9NUl6jTF6kao3LHMet4elkTWRHRk7bPSBX2wNS7speH7gIAgDuP0iayg25O5gw0P2icdmNbOmjib3D/0', 1, '', 0),
(1188, 'o72NAt6QdukMDpDLTD1gG39E-0G4', '      困兽。', 'http://wx.qlogo.cn/mmopen/8uI2QPoOQRQE0qk9SpmVgukaSF9SVjhfUThHYibqrqujmYHoDzxg4acMj9Kb975JetYkZLCic57ib3QzsdEeNBPh7NOHrXmE2lE/0', 1, '', 0),
(1189, 'o72NAtySkB-5Pk8zY0R4fUF1pLvk', '无声.', 'http://wx.qlogo.cn/mmopen/qoeLU7RsoOs6h9JNp6tvEicjqnVhibkhuyCglgVy3PHM2FtSFpCNLAKbia7twOy4EwCDxz0hn5HZBn27K8ia9CVawbOY9GMgOC4L/0', 1, '', 0),
(1190, 'o72NAt3zM0FAkhBs-N3bnOeod_Ag', '糙糙的胡 ', 'http://wx.qlogo.cn/mmopen/IhU3HFSL9HgHIddibFWlJ7kxydE29MJvvNIeHqucCuLaCUtrIR9JXFy9g7G1zyhFVYlttdreJL33vCwqZiczic082BPfYH6fibGj/0', 1, '', 0),
(1191, 'o72NAtwz1VA393CwWy6NXNRAlXfc', '六七', 'http://wx.qlogo.cn/mmopen/IhU3HFSL9HiaaSib0rqA2JSf19jpWIAPcNKuYkETH54nNY3iaEre2QcD3Kl5kAm3LJY5iblJpZ9TrsRHWejAmNYZ87cIf5YC0rzF/0', 1, '', 0),
(1192, 'o72NAt8zb5i2NDn35mN4JJllqNl4', '韩伟', 'http://wx.qlogo.cn/mmopen/m2hcda6TsZblTO8POZlNPnxbzg3hBoJW2ehPjHq2EbKicT8x6KdEX601zIcGuc8sK6ibwWGB0J0OYrFHkomJ2mP9sIseGvA7t8/0', 1, '', 0),
(1193, 'o72NAt2wXsWEn7YSHu78tvGe1Z-4', '串串Chrissy', 'http://wx.qlogo.cn/mmopen/qoeLU7RsoOs6h9JNp6tvE8mBQmlEqkyWkVj5xgAj99HkN9SrOWD4NeXp6orrhE7icK1x6g1ZLL7Sick2EBnFbzPhJn2Y8qYib7ic/0', 1, '', 0),
(1194, 'o72NAtx50i2tpFQ_9H-XWdDyl-9s', '口口口口口', 'http://wx.qlogo.cn/mmopen/8uI2QPoOQRTHtg6ZxlV8hoFRTubQ7oAbZFI1junzMPGqHZTJ0EJlHFIGjPnmyPZoWBVuq1ND5fdoOZzrn9W1gHG0EbuJO65Y/0', 1, '', 0),
(1195, 'o72NAt_HF69WqFpamzg8xmrV7KGY', '徐梦梵', 'http://wx.qlogo.cn/mmopen/f8CHDtuWcWHQ5XSsOXGGnEfvic8LSn6Jo6KjxRknLnfunbKLXDVkvzibT9by9DSmQTgFFcQ0k680kh2UQ3pPda0IAx1yicLH19Z/0', 1, '', 0),
(1196, 'o72NAt9Q4kmt82PEcJTEJdgncDbs', '曦君里', 'http://wx.qlogo.cn/mmopen/qoeLU7RsoOtKsqbN6vaiaUB9sFJLicuucOI6uIKwicXOysT8FAJPS2axibwPB0o2RP8NWwVyXGDxU06rDrCxkBTbbjwSB2s4LpTJ/0', 1, '', 0),
(1197, 'o72NAt4xZ4eQnW63_HlcEcPqH1-U', '黄余弦', 'http://wx.qlogo.cn/mmopen/ajNVdqHZLLCCV4uVhgV77hqfLtS6gOeqWF9ziawxVVCS0oEeZjyHmmUP9l9cLV9WSSD8hC8QgLfCY0icQ9sHibHRw/0', 1, '', 0),
(1198, 'o72NAt22PhLzGGg9SziHisQViAoc', '。。。。。', 'http://wx.qlogo.cn/mmopen/IhU3HFSL9Hia9FYx7CibQBvL229U66Cu8tngJL5Er7vkx5KzNtARSE9eKdp6VMpEqV4VdicurRQwpJzNb948mKAVfkBYQZZibxce/0', 1, '', 0),
(1199, 'o72NAt1rp8u903nrrwGoMx7i-RsU', '弓长洪塽🐶', 'http://wx.qlogo.cn/mmopen/qoeLU7RsoOv7A9owFPwvkic8E80gPDmefiaibjtNJSTJf54zBtV2RkXF5NwkpPwD0iaksyhxQenSXuPNia60sdf9knyymfsTFUjAX/0', 1, '', 0),
(1200, 'o72NAt0z-j5sACzcj73jQKxayA40', 'Qs.', 'http://wx.qlogo.cn/mmopen/8uI2QPoOQRQE0qk9SpmVgrGtQWyH2AePuib8f6nSlOWVFthJGic8qR01xvy5qWz2wnibM8oqVYLcS8bmf6uLOPNV8rzRfAewGBg/0', 1, '', 0),
(1201, 'o72NAt4kBsmL7pmVMEry3wEii500', '小青', 'http://wx.qlogo.cn/mmopen/8uI2QPoOQRRoK8F3QyvRUpRW4ZTlG8mlDYBIPrUpLXJmv2QibbtxL77P5Nc98BCEYAiadFOcCoRnU7RoWVga24uic12ZJrojGibr/0', 1, '', 0),
(1202, 'o72NAtxGWcnJguHtB4i9iKVlUgxQ', '许桂彬', 'http://wx.qlogo.cn/mmopen/IhU3HFSL9HgHIddibFWlJ7mb7u0vJWib8W5JHicpsgx8x24j3neGkIXz8RpG0ewTvZWia8BBuUBVInDWzUz2zxDtMR2Sn1icyScSk/0', 1, '', 0),
(1203, 'o72NAt4Oa9MXhPwI1-6fbedp-12E', '沐馨', 'http://wx.qlogo.cn/mmopen/8uI2QPoOQRQE0qk9SpmVgq5ohHiaPpzNvs54DYpPQbNJfibOrjQLublDhHyWlFia3yydSLsVNiavpxxHkyRwIic0ticB2ibxsJvS3UE/0', 1, '', 0),
(1204, 'o72NAtwIyMUIhymu0MwyqmUscuu4', 'SHOW STOPPER', 'http://wx.qlogo.cn/mmopen/IhU3HFSL9HgHIddibFWlJ7j6LyWYRyZtN8BfEH9ZLYsXlWb0wC3zFnftXm3tlyTO9wBazYSKiaSV5vwPmmt1Vj9liaiciaiaBgs3DR/0', 1, '', 0),
(1205, 'o72NAt0neKXP4NHe-dN74HuExiXk', 'Sososo Stupid', 'http://wx.qlogo.cn/mmopen/8uI2QPoOQRQE0qk9SpmVgoqaEY09j3N5GNMQv8Gaic5yy4QFuZowVicXiaO3tdxvc0uxWxkJic6nPgviahjqHTPq40J6gXQkQhIuib/0', 1, '', 0),
(1206, 'o72NAtx3310fOFpfr7P18PPOXXqc', '(☆_☆)', 'http://wx.qlogo.cn/mmopen/FMajU52WvbH3MSg969yX4hMGAL49ErYlbEVEKknuO6Paa7BP7EcYkZgJlkUSSkiaMuynmugMUFjLgaXublJPNwg7PcZ9FMDWa/0', 1, '', 0),
(1207, 'o72NAtyWQ4i8bf8ITY4BmdOMJAmc', '梅珊', 'http://wx.qlogo.cn/mmopen/Q3auHgzwzM4pgBQtBIE01BWwE44AOibTC6AMwViaR0x8svY9fCnAlu2rBCsVYDcp6O9F8Wvqz4YN8et3qJz9AGAj12dgtNo1mwPh30ib9icqdT4/0', 1, '', 0),
(1208, 'o72NAt7-qAgU5DqRPzqKSj3GScNQ', '心有明镜台', 'http://wx.qlogo.cn/mmopen/8uI2QPoOQRQE0qk9SpmVggjdlH7Qaiaa95U3Gjia75CPYQZEYiaDHdGgFJflfktjlG0lOF2CllIY3EDIicLibrjxmrIeoE33OqZKf/0', 1, '', 0),
(1209, 'o72NAt52NgrYy8jHIFo2AUz9OGgQ', '梦魇', 'http://wx.qlogo.cn/mmopen/FMajU52WvbF8DHOiccwy9V6qFiaL61eicrKlRVDOv1dWiag8C3MkxksAvdFvmey65UF3Mx8NSOs2fGvnaan6H9m1zYCMPPdxc0aY/0', 1, '', 0),
(1210, 'o72NAtyc931VTjOlftiwRMa8Z3yE', 'Tschüs！', 'http://wx.qlogo.cn/mmopen/qoeLU7RsoOs7b5JHLsJicSylmEDCMFZib1UuzOt7qe7ahejgbtZfODxicdmt2tbtwWFBwBNd89vBXKaqVohsOOe09motdib73k2B/0', 1, '', 0),
(1211, 'o72NAt3cRRnHb9LZJWKsmVejCiZU', '明天，你好', 'http://wx.qlogo.cn/mmopen/8uI2QPoOQRSN60cYjib5uRlB9e3YOPMxLlARplfCpowJLI5pcuoicugxpnYbHvWLjareqZYW3ARhoRlODgwS4jVLdjYPkeNiaID/0', 1, '', 0),
(1212, 'o72NAtxVYmPiWvmA_YVdF9Yu1JHc', 'Luriousity', 'http://wx.qlogo.cn/mmopen/PO0LKUbZnbTLDonn8VdqJzMjXL2qFg8Nmzia9Usz60vlIETemSo5f3TEvTP0qBrobibb100p5FWibFibdlJXeL5qEDEJFzjvicI76/0', 1, '', 0),
(1213, 'o72NAt0mMqcQTPjsaFN8qR9ph-Wg', '皮皮球', 'http://wx.qlogo.cn/mmopen/qoeLU7RsoOs7b5JHLsJicSwvz1qrWlLSXcbtj2wnGKY79L80KR79G0PsOLn8fe4pm12iaYQxfA6qwWmRa5QGfXicCelnDAUFQOG/0', 1, '', 0),
(1214, 'o72NAt4dov_eaz1PnIyAArcTHBx8', '云妍儿～', 'http://wx.qlogo.cn/mmopen/qoeLU7RsoOs7b5JHLsJicSw0upV4kzoJej36CFFARfWmcV60leNNgrkEMr4Q3QsQ6FElgEMATG3sXpxkq4YT4aCCRCqlHIfKI/0', 1, '', 0),
(1215, 'o72NAt7KSXkv7gZBtAn9Ehss24IM', '花田簿', 'http://wx.qlogo.cn/mmopen/IhU3HFSL9Hia9FYx7CibQBvGkpONf41E8512CGmHMtdH3qCpSxYNbBIv7maDY7cbOnmAOOecGtZUTqBUYNFxsfKwAWzSXOxRIk/0', 1, '', 0),
(1216, 'o72NAt5LgaWOfFerR4ivBsayMdIo', '罗小娅', 'http://wx.qlogo.cn/mmopen/8uI2QPoOQRQMG2QNdia5a7oSdEtyMT0LTBVcrOsmppDMcdMA4xdkT3vrS1PXH5WRaKKAJIHJuPaiaobsJStUKSnohRK5x1wmTK/0', 1, '', 0),
(1217, 'o72NAt2WoEYRbdKLjdf15MquouSQ', '黄芃程', 'http://wx.qlogo.cn/mmopen/ajNVdqHZLLCLOevCJCXLE9UibBjUtibKupHC4FuwyLtEzhxkt2mP6aTxdU2cBjDWktkxnlWcQ9icXYtcWcib6HYicDg/0', 1, '', 0),
(1218, 'o72NAt4wlWT-S1qwXj8TNljtCHA8', 'Wi_sir', 'http://wx.qlogo.cn/mmopen/ajNVdqHZLLDBuod5Et7IOcPDWbrX0QKUXm7DZ8CicOaSxeBqx0pmlT6B3buxpn8YbdPHNCVlORPxDCXJCWo9gPw/0', 1, '', 0),
(1219, 'o72NAtyNw8yZE9TkHBxVXGLG_9y8', '晓芬儿', 'http://wx.qlogo.cn/mmopen/qoeLU7RsoOs6h9JNp6tvE6K5D5Ap8icFWRLx4xVMMibTmia2FgGuTjJ9eLIf6YdA4PY9ASES4uBDkuIraQyhuE65cjy55wR1ZEV/0', 1, '', 0),
(1220, 'o72NAt3sy0DJ6ccsMKIfGSaD5deM', '熙熙', 'http://wx.qlogo.cn/mmopen/qoeLU7RsoOtp6CNaAicqeYlWBrg5iczB0feucNolZqlIRkThFrxJQADVI5fUsWn7eY0ApZxlt6icGpHpbvHsmGgTIpCSq5a3llq/0', 1, '', 0),
(1221, 'o72NAtxxRBZDWY8ALxIyDll6yjQs', '刘超超', 'http://wx.qlogo.cn/mmopen/qoeLU7RsoOs7b5JHLsJicSwUI6vRcz0j4Wy5MsaHCQ3KjOTYp0vwYfklSdyniac1Ed2Sx3TUiaLa4qNCStCe3bdbdgoYqfCtR8l/0', 1, '', 0),
(1222, 'o72NAtwBTvFzRlnRTtwMoamgDUWU', ' ', 'http://wx.qlogo.cn/mmopen/8uI2QPoOQRTPN5QrFUxpg8MfwXjOHk7WbdU70nQ89kdyL9ib4wzKRjfwaS2eMwtKkYkLLyWPnnAOdibhvW3LmBZm45717bT9R6/0', 1, '', 0),
(1223, 'o72NAt4N3XnN2yitXPboS8Ibu294', '孙文秋', 'http://wx.qlogo.cn/mmopen/FMajU52WvbEdSicIPU2Xjso0r1y3kJ3St9p0B8zSSrLPVsVs3xKD3iax9wSVo0S7wmLZDXVMD0v0HPElxwq4FiadBlZYlyB9A61/0', 1, '', 0),
(1224, 'o72NAtyfJ8trEAKO3nTTO_wZSB84', '烨烨烨 ', 'http://wx.qlogo.cn/mmopen/q5Oz9CVNAOiafxp2uIQFibUdb3I9fibzXYsFdvAiaanj8A1bialvq9H72xKibNgoSwXm3I11BNaUhRibqsQvXmo704xK9L8zulPtmicS/0', 1, '', 0),
(1225, 'o72NAt9dtWLM3orsciD2D68tS6u4', '汪小一', 'http://wx.qlogo.cn/mmopen/Q3auHgzwzM6cwacbxvoNLhZ3ujXHEZWicfwkh4oNlJlPneNXA47Zq7fNZJJsZicgterza7s24CAwC8P4PsSRDsGETTMLnISWqPiatK3ouRS9mg/0', 1, '', 0),
(1226, 'o72NAt_gc1YxLePpUjl1sJ9_wRHM', 'Fermate.', 'http://wx.qlogo.cn/mmopen/qoeLU7RsoOthYknUMJ8RbW8J891ENXT8hw29tHsOGTqcuMzG4An8Bvp3LfrT6PqlqnTgPTKeibQVnMvAI4nUMH3odTcM1CQrW/0', 1, '', 0);
INSERT INTO `users` (`id`, `openid`, `nickname`, `avatar`, `role_id`, `password`, `school_id`) VALUES
(1227, 'o72NAtwH1-5d2_xoQZdh_25Lw4Xg', '棱姜子', 'http://wx.qlogo.cn/mmopen/qoeLU7RsoOs6h9JNp6tvE4VuFUicddJ2Nc6KymzWG5evrlTibxCyFRcPAmQc5P8AGlO6JAwJ7Sy5gCIk8ODn550qV1lPKBMA97/0', 1, '', 0),
(1228, 'o72NAtxDKpYdd5hQXTbIKuKJoRqs', 'x1.', 'http://wx.qlogo.cn/mmopen/FMajU52WvbF4UO92cn8co7SoibcOVFVHCU9RldukZ3AaZhiaRpv6DxZhMzX4x0Yvjao5GQnDibePeMhTrUA5jiaiaeX8rmWWHyabg/0', 1, '', 0),
(1229, 'o72NAtzSyjwUtQDoooryY6oSO4eU', '曲二镜镜镜', 'http://wx.qlogo.cn/mmopen/sXnB9tx7SZfj4Rib5DoeEODibvxDU6DxGEI618FE1ecECq7u7t5Rt9vGKDWV70dRxxst9emAUicW0ryj9sUXTic2YxuEHvNv5H1W/0', 1, '', 0),
(1230, 'o72NAt_X0hz8ZNyoWfBEE8IwogJY', '霏霏霏霏霏●﹏●', 'http://wx.qlogo.cn/mmopen/sXnB9tx7SZfj4Rib5DoeEONs69kvc2Z8YxUTQIvXAtdmaPzYeSKYeQDEKKqaXpN38YjkeLomYyAibsNtCInjWvpHn6rlUI4Bibs/0', 1, '', 0),
(1231, 'o72NAt1fGiOiQDWbXcTvwBxeXQnk', 'NEAR', 'http://wx.qlogo.cn/mmopen/IhU3HFSL9HgrvAt1pIGhU0dTap1rJSxmjuCBXQMic7jejib6fuwxFX0UoV6r0z3NjgLWSxpnqO8ehCics215mEiaicohicqrbL3Qpe/0', 1, '', 0),
(1232, 'o72NAtwmxCoCiECJTMyhfN1CD3B0', 'AMBER', 'http://wx.qlogo.cn/mmopen/qoeLU7RsoOtMVGDtyAOBicXrqbmV98PN7FECYXOYGuOzDXzEhHerVHDNYz3CuibDbPvTbXOxhjHgbibmwzz0BAztuLibLf1XWoLw/0', 1, '', 0),
(1233, 'o72NAt3zMV84TNbGiI5SdulZIjSA', '小夜', 'http://wx.qlogo.cn/mmopen/8uI2QPoOQRQE0qk9SpmVgoFAwq7kcYib7sSwfjeZPXBia3ZrfZiaPeVM2cDrkkZRmUXgpTyOOO9Z1tnOH8XQ1tL1YNkJ4RakBkt/0', 1, '', 0),
(1234, 'o72NAtw0Mjzpwyn2ttuEDgGOH4AI', 'xiao yi', 'http://wx.qlogo.cn/mmopen/qoeLU7RsoOs6h9JNp6tvEwicprVhQiaOxZPsdIw1hPH8T8A1kVHdzmlGHVbbFOZYspV1FrqndXNichhUS7mJp6YicicOdRVicHhDml/0', 1, '', 0),
(1235, 'o72NAt0qJhPJRHVR-32Dd_iIzM5Q', '橙子', 'http://wx.qlogo.cn/mmopen/IhU3HFSL9Hia9FYx7CibQBvGtOAW1mFo1ZUjI3IV6JOicnfXKEx866seHWn1Sia0bSf4zEs8szIz4Z8qZnLoIY71YaMV0DUjvG3b/0', 1, '', 0),
(1236, 'o72NAt9hE3lzW8KTTpX3FIJzhkMQ', '白云', 'http://wx.qlogo.cn/mmopen/ajNVdqHZLLBxe40VYoCkCnZOjbkYibibF2Iumlpz8MgaZ96AIqQbDibj4URialzwnKEslghu4HWklE4v6cxARbtPXKhxEkET2rrbyPiarica5gbSg/0', 1, '', 0),
(1237, 'o72NAt4BTR9U-RtL-XHigdDoBUXs', '静临烟渚', 'http://wx.qlogo.cn/mmopen/8uI2QPoOQRT52xncqb7fOC0VBmZp8f1ab4QjYV2laCHQcu1ibIlOuiboZjDs9cO91ZJrWwAnV52ZNehopAo7n3l0VeGbpTPlSb/0', 1, '', 0),
(1238, 'o72NAt0IQhvK4KeN1RK4Lsx5--U4', '与你无关', 'http://wx.qlogo.cn/mmopen/sXnB9tx7SZfj4Rib5DoeEOFD3duMqRp3Upa74g7gFRlGunOFjKeAy1N6Soowoib9VlpLRI2vhVogHJWB3AL2r0WqSJUJVW8TUa/0', 1, '', 0),
(1239, 'o72NAtxE4SWQJwJ3tGbDgaD8fI_E', 'Warm。', 'http://wx.qlogo.cn/mmopen/qoeLU7RsoOs6h9JNp6tvEic06K8bMQflkrIrpFWu8szOP3Gg56fqR1B5Kr0A9eH1NEtVB4GgdWFxP1bpjibRx8Y50aPNYv95Pp/0', 1, '', 0),
(1240, 'o72NAt7TwGLieSX097QRv90zrn9w', '叔辰', 'http://wx.qlogo.cn/mmopen/qoeLU7RsoOtZvZBibazCjBU93PFrkNuJT0eibcLLgMqfxqzgITDdLxeibSnGhj11SFQVqCACIzbkeHshd8qicGoWj0HSrdqBlNfW/0', 1, '', 0),
(1241, 'o72NAt5hnJQnY_Re9mYwVYKa5a28', 'Doraemon', 'http://wx.qlogo.cn/mmopen/q5Oz9CVNAOiafxp2uIQFibUTiagic1nJibTcvCCL06zNvYX0pM4DxmUe4CoGy0TRvqRRfxHKuibciaYc6TUPlxMCazkYmqQQ367rPch/0', 1, '', 0),
(1242, 'o72NAt4VbNiytAw7DuCSux6oXE2M', '赵洪波', 'http://wx.qlogo.cn/mmopen/qoeLU7RsoOv3XZbiaibo6zp0Tcycd0ryfogaR77PO5ma5hjjpu5iat6icb56yAicxSVeibsVeCLnNFQ0C9ADlXvk1HSY2OoFjrFkdib/0', 1, '', 0),
(1243, 'o72NAt8EXarK9Sn6Pz-BQKdHwwxQ', '明天会发生什么？', 'http://wx.qlogo.cn/mmopen/qoeLU7RsoOs7b5JHLsJicS9ibUmkibQYgSdv31tGQGAibdnzfk0In4aMvaWUryc3VEzNNtFP0MM0nghcoqJUGNgRuqlGl8z7uiaEz/0', 1, '', 0),
(1244, 'o72NAt7lrCHhf-TcTCRy9awP9ceo', 'xiao救星小杜', 'http://wx.qlogo.cn/mmopen/IhU3HFSL9HgIEUsxGweGtnX36aeYMeFfn785vpadV4n2vlObGdhotogNO6Esx8ngIU9cFaLaI6q3XLldvLJxoeVIF9wUzLmv/0', 1, '', 0),
(1245, 'o72NAty4D3U6PAJHf7IlLPET_Om0', '张墨轩', 'http://wx.qlogo.cn/mmopen/qoeLU7RsoOs6h9JNp6tvE4a9UbJszlvUaE0LqumUGCXsTqOE2wMhQd4b0PXbQMVU0b4WuABMnqicgeyKJGebKPQ7mr46QIWA9/0', 1, '', 0),
(1246, 'o72NAt_ON3_rPYjj4uQQwn10Tr7E', '黑虎农民', 'http://wx.qlogo.cn/mmopen/8uI2QPoOQRQE0qk9SpmVgjgffeEIDMfua1mIxsd9by5chxmYYFP3vhcyicK0SohJD7azhaYOWvJEYXQ3PFP8J7uOwo2XMV6Hv/0', 1, '', 0),
(1247, 'o72NAt7bwXV57XE0UB8QljwZGveg', '梁坤玲', 'http://wx.qlogo.cn/mmopen/IhU3HFSL9Hg1S5EGFba9FQnGcFX1yjAJhpEbRc9kuhAETwKCF8oF4NQ5DzbspzicuOSPmBdkSGA1Sqnra0APlU3HBdxQOJDGC/0', 1, '', 0),
(1248, 'o72NAt68jBeI9DkWpgdf9VwcVBb8', '袁明静', 'http://wx.qlogo.cn/mmopen/IhU3HFSL9HgyHYkaJdBq8urFKguFW0pURibRXajGr20DesfD7aQiarRxzSa1KT0wSyRA0iaSicfPeXtUJMUQL4Tb3KT6lMzck0ia3/0', 1, '', 0),
(1249, 'o72NAt67wIFZea3ViY8w8YkxA8a8', 'yu', 'http://wx.qlogo.cn/mmopen/qoeLU7RsoOsmQFtPABMsXtfEe8q4m3JGwxicDDtYhKDlSUjicwibcg4OQiaEhcIzn6ZpdlVThYicaBqm0ds3u7mrzvKwuYnz6gOGG/0', 1, '', 0),
(1250, 'o72NAt6bbOagVsAFJ09nohHeGGnw', '🌸', 'http://wx.qlogo.cn/mmopen/8uI2QPoOQRRoK8F3QyvRUuN1rvCO57aibicjsasCUeiaUhGoQXsXpXbxEibIiawtNQUUa9K73Dib7KDoHsybpVCWsoM4keMEiaC2ZC9/0', 1, '', 0),
(1251, 'o72NAt49r4fUo5BgcBgxLMxbXbec', '张鹏伟', 'http://wx.qlogo.cn/mmopen/IhU3HFSL9Hia9FYx7CibQBvCMibDc06Vdk29K3rRNaSEem3xN6V8I1B0X5TNQ1UIcKKuvLH1njGbkuL2CTHOMbfcaGic3ZicJRibzP/0', 1, '', 0),
(1252, 'o72NAt5Op6-XVUUfa-hVqhzoDCAs', '于是乎涛', 'http://wx.qlogo.cn/mmopen/ajNVdqHZLLAnUGsqKRSncu8OdGaD0JyBZ9PMYfdjcU6wxLn4aplKyyMflnqE9nXciaNukfT2KgSBlcSXkAzXOvg/0', 1, '', 0),
(1253, 'o72NAt9_M4MROtkQPUu3zq9MdPW8', '缸壁', 'http://wx.qlogo.cn/mmopen/qoeLU7RsoOs6h9JNp6tvEwBHYxdn1omzAlIyUibXwwpUdSBs1XkEJaTIP2s8Xof85Z4PCudnmiaSicic0AO0HBiaz2YcXLtflEpad/0', 1, '', 0),
(1254, 'o72NAt1t_UbArylrqo_mHJdjBsqk', 'goldV!', 'http://wx.qlogo.cn/mmopen/8uI2QPoOQRRqibGR9D2ayT2Q88ibra91ticZN82mQiat7IJzfg8lPoE3XcPsmgLszeRMkibelXwvsHkUiaf8TWsYygCvtWicWqFY15P/0', 1, '', 0),
(1255, 'o72NAt6YiJZxDtCfT0F8e3hYRb30', '席少星', 'http://wx.qlogo.cn/mmopen/IhU3HFSL9Hia9FYx7CibQBvNianXDrqBUu7HpicVWZx8Gb6Hu5tQiad4znq6SKQrAAKLTUsWBdgyDWacCyHxwMOmh7Gnjjx8626lp/0', 1, '', 0),
(1256, 'o72NAt-ci4DXB0YgNxEZFf9CsnjM', '👗刘 钰皎', 'http://wx.qlogo.cn/mmopen/PiajxSqBRaEJqYdYIDg0DY35jsSPL4ibSaBiaibN9pNUpQz5icm2llAQXRP9rtT25Pib7H9KFy2FHrkq1Riaua5ES1pcA/0', 1, '', 0),
(1257, 'o72NAt65M60DlfJC2wa7ZC4A6Ma0', '展眉未悔平生意', 'http://wx.qlogo.cn/mmopen/y9mTy3c9LTvVBHU9YabNkt7jxWhA0HzNJSCzhic2C9AINF5LNMlBk51Utibb5GDbNIpgiclzftWyspOdqCfstx4SpVY45DCK5SV/0', 1, '', 0),
(1258, 'o72NAt_JJV8jn2qjvHGYHAKP09zY', '高曦曦', 'http://wx.qlogo.cn/mmopen/8uI2QPoOQRS55oPp71ic1LuYaiaa6UzeokgV9DAMvKDNdg5ECF2LDr2Q6zSJB1giac3GjzYZYm1StWe09xrymos5Awqkibu2wJ8y/0', 1, '', 0),
(1259, 'o72NAtyTvHRiEjsdHHTpgOezvCTM', 'feicol_燕芳', 'http://wx.qlogo.cn/mmopen/FMajU52WvbGnS9eXyyxyNBL0jRPONaGmL6fSF4icVGH8faeFpG5WlLomUl9nicw4BgWEfkv4n4hcwBM5fybWicmVq1zIHKJcyMZ/0', 1, '', 0),
(1260, 'o72NAt4B8xnsNUqZWXAmgEiY-Yvk', '骆驼', 'http://wx.qlogo.cn/mmopen/8uI2QPoOQRQE0qk9SpmVgqNDia17uwBB4kp2qzxOqyb47nqQbBcoKBNFLDW4Nhv9jyLic6huEc5TfgMo8D4w4qrfee6FSNngqg/0', 1, '', 0),
(1261, 'o72NAtzJy2y2LJMryOocnT_yPCcc', '咩咩陛下☆', 'http://wx.qlogo.cn/mmopen/FMajU52WvbHEfCchwhDjWZRRry2dpfYvnSSVVfYlBXMC8T8szLfGKicsbGic3XxFNicclUdNg9IzUsgpdkHYhLvWA/0', 1, '', 0),
(1262, 'o72NAt0RHufprnz5hS6Ha7ffLcfU', '像一朵花或一块石头', 'http://wx.qlogo.cn/mmopen/sXnB9tx7SZfj4Rib5DoeEODibXOSNrZF5W0uibEZ3xjWAhoqEZdJkfR1SzkclfypiaVIjJz8FveFCqUs2ZTZJ4CxlQK7KBGPSg5J/0', 1, '', 0),
(1263, 'o72NAt4GIPIv2uI03O18AwLo245Q', '以梦为马', 'http://wx.qlogo.cn/mmopen/8uI2QPoOQRQE0qk9SpmVgtL1F8RF9icMmDAtUib6rwftTNgEZtc4b5IRJA4d7qUkLXp4gLT3J9jVfBkLChUPKv9CsQjDicHUuUW/0', 1, '', 0),
(1264, 'o72NAt2ESPl25vkSNVXOiFE2p_aY', '小太阳要长高🐣', 'http://wx.qlogo.cn/mmopen/8uI2QPoOQRQgn0xfMXXDJK5PIzWicbmA1u7EWzwlR32tONpCTePMpfU5KuPtMc8Q8fibT9eAh3sqjoCvtALprwCSyO053A2qsJ/0', 1, '', 0),
(1265, 'o72NAt9ZWo6nWqXE8-4VoUZ3E6l8', 'shmily', 'http://wx.qlogo.cn/mmopen/ic5jeueP4lL6UaLgiaruWLahYEFAPsUQQcic1Rg7gxLtV7mo8lP1g9wtPUYwibvaCBhcnAUt18BMyqT3IEeB69iapXvyOS1CfXlic6/0', 1, '', 0),
(1266, 'o72NAtxJG32yjlrGw4ntE1XwmQZU', '╰ ╮想╰戀の伱(り℡', 'http://wx.qlogo.cn/mmopen/qoeLU7RsoOu84jQcWXIJulWAIbrsD1OKM37ZqCMibE4bfZk6rs4BiaJk5jZ5mxlsszjthaTBgkFEj02sQb1ZkyWUq0IWPh7lmk/0', 1, '', 0),
(1267, 'o72NAt2FuDiOplTF5r9AzRxUGNbE', '废铁ing', 'http://wx.qlogo.cn/mmopen/IhU3HFSL9HjFfOianwv0UcoWlib0c8QGm8axnic8THYAopibN29btBQ0fQaicffK5CmIseJ7rbqeslDfiaMDdFDtGNbwAESjrF3qnq/0', 1, '', 0),
(1268, 'o72NAt2pfh-n4FALPDiHoqcX6nHU', '涂琳垚', 'http://wx.qlogo.cn/mmopen/Q3auHgzwzM6cwacbxvoNLhZ3ujXHEZWic9I4Z3MiaDpAmFws31aTJasVJ7KTP4eOPppNwUgzXW15brxmGbM98RQV0m8mhLicpyWrFH6JNp5O00/0', 1, '', 0),
(1269, 'o72NAtxL6S7SfiCmj4LOnov6xMYY', '最可爱的丑丑妹妹', 'http://wx.qlogo.cn/mmopen/Q3auHgzwzM6cwacbxvoNLhZ3ujXHEZWicwf6DhibQeobaLfdhWycREWtazZCQZzJ0UVE2ekKNwSrrU2ueh5ejkET0svEcxv086U20gUfHY6c0/0', 1, '', 0),
(1270, 'o72NAt_cZ99IhRlZdeNNlYPFdy7o', '天缘', 'http://wx.qlogo.cn/mmopen/sXnB9tx7SZfj4Rib5DoeEOPjaZJDWlYwC77lQ5nV0qY35mF5r4ZOpz2OVod9rYaoQqRK29PUnbuftYEWVDHaEHfPPBE62Z9VL/0', 1, '', 0),
(1271, 'o72NAt9mrD0iOAdSDR5TDc5nZSj8', 'Color Ful  ', 'http://wx.qlogo.cn/mmopen/IhU3HFSL9Hia9FYx7CibQBvDd2p5ll8PpJ35NmDomb0xiajO2Oz9vNiaPTLsW83FSWkKUvj6iaTmDAWZdLJmSMapJ10w07ED6jR2k/0', 1, '', 0),
(1272, 'o72NAt5HvSM4RCQTUU2siK2wvTU0', '张路', 'http://wx.qlogo.cn/mmopen/qoeLU7RsoOs6h9JNp6tvE0v6KGib8UYUrkxbvcSTQjJR4PAddFDFyZG5mH792acytoJmALN0rUDMCDrRFfNBvX6mhdY2PcmOr/0', 1, '', 0),
(1273, 'o72NAt6dYlrnhGKU910Ku9mL9SZg', '刘不金有🌰-', 'http://wx.qlogo.cn/mmopen/ajNVdqHZLLATxAIf8WyKQPuAUklpO26sLwib8qiaqTRAOaZckGRh9HWciabLopUGmt2CIo0m9TYu6PbuicNh8aCM0A/0', 1, '', 0),
(1274, 'o72NAtwhCspy826Tv3avhjLoSVhE', '赵敏健', 'http://wx.qlogo.cn/mmopen/IhU3HFSL9HhqKrISqia22psdn48xATa3It2VtLyareiaqhx3oNp2up7nX0yQqKq1QicPLCFgTCekR0x8gkOGxpBAhP2e3Tzcbic6/0', 1, '', 0),
(1275, 'o72NAt__YqXo2u3-0G-PS-khT3BM', '吴彦祖', 'http://wx.qlogo.cn/mmopen/8uI2QPoOQRQE0qk9SpmVgtakOZibNgJ11KT8dILzhJXbWzjBfCmAzyvYaibhfAjNuZxOaPdibKVX5Yj95eLw3GejrdvtYgP2EjA/0', 1, '', 0),
(1276, 'o72NAt7LHaLvOlFnkmtF7RjX96sA', '梦蝶', 'http://wx.qlogo.cn/mmopen/iaicZaxDag1cDSiaf3ffRMEx9Rjz10M2aicI30diccibcbNW6suXme363iaKjcgdoLeyUjzVZYCKJBtdxhyaNyp4pY0emFPVVDq4TnO/0', 1, '', 0),
(1277, 'o72NAt1h11tKOliw1zrm_UAxp8JI', 'love雯雯', 'http://wx.qlogo.cn/mmopen/FMajU52WvbF6fRtia1YQYNhOHTEicRxyyX9u5ib8gtTkwNKDkVZjNAjp1Hr3o4XJpmhSQ8Jd7TQpQB5CNugeUR40QRvU8afkY2a/0', 1, '', 0),
(1278, 'o72NAt_-oN-YIzMiQfgsVwleogjQ', '御风夏后', 'http://wx.qlogo.cn/mmopen/PiajxSqBRaELAibzeBpgh9lVc5nE4tibNSs0ThnlvdFUxA50HkOwoD10yX3codng0w5jZPbPTCOHOOytvc9jgheHw/0', 1, '', 0),
(1279, 'o72NAt-jd9DIhLBt0VZqYl5OSrwQ', '靳月', 'http://wx.qlogo.cn/mmopen/8uI2QPoOQRTCib7KImV9RwsMLGgFcQ7icU5icGWWRssBicKibepUeXGtyOnf6b4Ph3h8q0BFSp4Ora8TjvqickVeAGbNwKbvicP0vyO/0', 1, '', 0),
(1280, 'o72NAt2xCawPtcDGp-rh2ANgt6o4', '🍩', 'http://wx.qlogo.cn/mmopen/qoeLU7RsoOs6h9JNp6tvE6ssiaJ37cIVVO9La0UNHA2ibKwtwFNycjNVGWdaERHzykClBwoNPgCG4nXxL40NvibLV8bfHTbtVsB/0', 1, '', 0),
(1281, 'o72NAt-2dSbhGvIyPgO82SnbSkfM', '男神气息的大坑货', 'http://wx.qlogo.cn/mmopen/IhU3HFSL9Hia9FYx7CibQBvKaxrBzEhoQv00jtGjDMPQiaNWGXoD0K4vWIpyGvqmDLjrYX2jibdAdlAkFqiaATTNdsvwxWTC7QWv3/0', 1, '', 0),
(1282, 'o72NAt_3FP8osrfY9DCzig5qMKQA', '陈光光光…', 'http://wx.qlogo.cn/mmopen/LQhrHEyklkKSibMfqt5W76R7p9IefibziaGCD1bBYO9qUQnE3LEn2uzLbGnP0rIgfYePBNGEl2Y5n7p98FJOoOBtdx2WJDMAqn5/0', 1, '', 0),
(1283, 'o72NAt1s4RSnzn-dgu7N-OjpY8lU', '陆叁拾', 'http://wx.qlogo.cn/mmopen/Q3auHgzwzM60mfaycPEJfllQ0bE06n3RibVbV7W5QqOhCWnPPrNQYhGicaOy2RObHcaNyfqanuHicOPqsdfOPSwZC3bNFXqgiaAtYCuTTu7cibwc/0', 1, '', 0),
(1284, 'o72NAt-aHTN5DzcqGITcL-0jcgi8', '一泻千里', 'http://wx.qlogo.cn/mmopen/Q3auHgzwzM49sb4ZDhibZpdm1PoRJqX6vFiaRSLfmyvj2MdKbdBLIJ5B8UF271xAkc4REcAErxrdN31A9Q9TEHYon36aic94Io5P3lZvY1PwLE/0', 1, '', 0),
(1285, 'o72NAt65M9E-EJPwUl4DRMCw-1hE', '董董董董董小姐', 'http://wx.qlogo.cn/mmopen/qoeLU7RsoOu84jQcWXIJuqLx2sicPAPbelU53LXiaTlr7X9X1tH0L0RASvHwvabwccsrY4J6ChibqciaTHOpr1rZuo68VSH2rO2W/0', 1, '', 0),
(1286, 'o72NAtxtzFyGhB8Sx8YxYeSc6qG4', '若雨', 'http://wx.qlogo.cn/mmopen/8uI2QPoOQRQHBKl9vJqVYAzZd51UbGsdb8rQ7CwJMgYXD8J7NAvTFr2Xv2AXhVL5aLfL7xPFf8iaNEmD8V96JgDehybVsxbUn/0', 1, '', 0),
(1287, 'o72NAt6R3ERzChUuPG2vlmLrVa9g', '战士💪', 'http://wx.qlogo.cn/mmopen/8uI2QPoOQRQE0qk9SpmVgrowcPvXicgmEiaicHVXgNfBUmptDAv76ARczIPLZSaiciaB4I7cKaIPwib3Qv7WqoYpeQ0gh9wCGLAiah5/0', 1, '', 0),
(1288, 'o72NAt3LnqZA6hzIajL1yw3r6gDg', '林玲玲', 'http://wx.qlogo.cn/mmopen/qoeLU7RsoOs5z83sjwTlbsaIwPBrdt4yDb6O7t9ggsq2pnNAQgmysE1Ocribx65swtFfGNV1FjZMGbIiarILic1X6zQADibVHNOE/0', 1, '', 0),
(1289, 'o72NAtzWTGnisCWZzPn4KI28ddyE', '🎾', 'http://wx.qlogo.cn/mmopen/ajNVdqHZLLBJ26fvm4Yoc072Xp7koeLGibSeqD1eUkI2bIdNSh52roKhvmn9ydH7HicHnc16X8RcJtvlym640micqia8O6Q0gHqTNXPBotl0EOk/0', 1, '', 0),
(1290, 'o72NAty279R5uPX2QLa-0GFS5-YI', '暴暴', 'http://wx.qlogo.cn/mmopen/qoeLU7RsoOtZNO8rM1dGjdpWBvJIOfkZs5f5OAvusaibMu3IYia9GmgIPSdgMRr52gs3lOpzMw3Jgkev82EicZrU1ugTbapUKCF/0', 1, '', 0),
(1291, 'o72NAt5j0v0w7rHB1NQcX_Cs3De4', 'belongs。', 'http://wx.qlogo.cn/mmopen/ajNVdqHZLLB4WnlZ0uibnYsMuxxNp1SxjOHPUPP7hQ2H2r3mJodBq5KeRw3GcT8mdg31alm7Qbm442VcibjugHXa5ELHzPfmI6CIWI7F6Eqps/0', 1, '', 0),
(1292, 'o72NAt8yM5Clfb5Ywk6QnaaVf4G4', '宋可欣', 'http://wx.qlogo.cn/mmopen/XF8XC4flhz89ZNJictELvwqk2TRq8XZlVoZFpZSib9x51hwuibW8ayRIj4FWvfDVKMCvaovPkcwPXM5wUTJkCEMAu47ibcsiaG0fq/0', 1, '', 0),
(1293, 'o72NAt9DdpHivPX62-1GdIy36i8o', '🐻恒铭是小学生。', 'http://wx.qlogo.cn/mmopen/qoeLU7RsoOs7b5JHLsJicSzaQd91ACauic9vseqAGVyJaQ7HSbPZWSYZSibbgq8HtOricgliaa4KcaNOGcv57XwpLXQ9dqMs7cSwm/0', 1, '', 0),
(1294, 'o72NAtwn8NAzCWSePlcTLfN-Djvc', '姜人杰 ', 'http://wx.qlogo.cn/mmopen/qoeLU7RsoOtZNO8rM1dGjcgxt1vyQ6yOOjxOoX0tQ6LgSH5rSVkZibuhxnH2U9PnkeQPcyHF9Gky3ARlwoOiaM86icLgiacAFIgy/0', 1, '', 0),
(1295, 'o72NAtxVuYfZ5aI9Y8tTVTOECHyI', '  祁喳喳', 'http://wx.qlogo.cn/mmopen/q5Oz9CVNAOiafxp2uIQFibUbeqkH6O5rIrick0EhVrWlUh2ziceN8heVzM3wIw9GeXW14WuSXUkdLC4GFNicCnK80XfQIiauYFAmnn/0', 1, '', 0),
(1296, 'o72NAtxvm4oHwStPTW2R_-VPgKro', '大勝', 'http://wx.qlogo.cn/mmopen/IhU3HFSL9HhmBPAB4dqBDgLV0t8NDtEPJficiaZ9xSeVkLxo4G8R3icGXhAuX7zEPY8QEic9rSJicaTJdXKfeYlLDAqx1hOqcFbUv/0', 1, '', 0),
(1297, 'o72NAt67rMT15ZFgvdTZ28TOCh_k', '可苦可乐', 'http://wx.qlogo.cn/mmopen/FMajU52WvbGRF85JibYwPF1qolXCvubDMWXjVEnpKwvgtTibQw7VJvbJGD48RubLRG8Rc983eSZbAEnL8giczias7owfBA1GtnPg/0', 1, '', 0),
(1298, 'o72NAt_Jtzxkprv64U1akLa0Ha2A', 'Petrichor', 'http://wx.qlogo.cn/mmopen/8uI2QPoOQRTQAZh0nsUiaUdicIFK0FcQE5s1TQLic1jq2ldmwkb1PjIMdBPzxxbtaib9WorTPFbzAAeBibZw23KPzkPXHakhemeIz/0', 1, '', 0),
(1299, 'o72NAt56FVCNGwEUqTeSsFAeE_MQ', 'jun  zz', 'http://wx.qlogo.cn/mmopen/8uI2QPoOQRRydRd7NwqjXmBvsibVg41TcDWauFH8XRxwtEJ4heFCuLsP6IpiarapTWnotABk2zyvtp9STEOZkBNg/0', 1, '', 0),
(1300, 'o72NAt87UozfQ7gpKnNy2vxD-t5Q', '球', 'http://wx.qlogo.cn/mmopen/IhU3HFSL9Hg8Vv5icpAFznovOrMQlwbJVyq16jytKGJaIewptwbGQ2pShwCI4PexPuJXL5a6uic0UvQBPNa2I6r1Y78CGcwMwL/0', 1, '', 0),
(1301, 'o72NAt5tHs-KYck-CO1bfGd8MSHY', '我和一只猫', 'http://wx.qlogo.cn/mmopen/Q3auHgzwzM7XOjWMj12iaJVr6q3SV4J3YvFwkQsCR8PTrQ2fPaXO7PpgJF8ZgRP6WSWWib62AJIibOibmUmtCIxfMyoYbz1JZRGxXZZWPokP4jc/0', 1, '', 0),
(1302, 'o72NAty0_HWc9Q6-f4X1W-ly1A9Y', '执着', 'http://wx.qlogo.cn/mmopen/8uI2QPoOQRSN60cYjib5uRhLBnzibKMw9QCba2eANZQ4kX9Drn3DApMWnibqvM4AmcOh0fld881YWmYqiaXIAHFvysKKMyOu3CD8/0', 1, '', 0),
(1303, 'o72NAt9LF1FvPJed0qf49HF0HiBk', '忆峰', '', 1, '', 0),
(1304, 'o72NAtw-THqSkf3fxgXRRdimoaHI', '李想', 'http://wx.qlogo.cn/mmopen/qoeLU7RsoOt0Q7PGKPxfgSzTMNopmmOEU6g0TF9PQDQrdY5wkoXRSNfWfaZmvSP1U2CgRShTd8mLyibia8qClbVA/0', 1, '', 0),
(1305, 'o72NAtyFWxK08O5LS79lQnk9RBXc', '罗茜茜', 'http://wx.qlogo.cn/mmopen/IhU3HFSL9HjYdPaVpmZZphHUGJsxKycuiaXKMu1ZcFst3mXuc8kafLQibbKwDCtBQXWNwQ0UR7UxwM1BibU1Vbxj72GLxC2OMaV/0', 1, '', 0),
(1306, 'o72NAt4n159klT3_OJBBiLQgdGw4', '伍映吉', 'http://wx.qlogo.cn/mmopen/qoeLU7RsoOtIfLdyDCicX4qStQfzldwNWsluSlXFdgJRJN0SfTLGYrTniboiaYrnzhyby0tPK9WdPKZWoQfovickEnAY9IvQ7IoF/0', 1, '', 0),
(1307, 'o72NAt4T1aS9jOkPeRZZoL7bEAbI', '孔瑞', 'http://wx.qlogo.cn/mmopen/FMajU52WvbFqGM3VRsZJcaicPqxzduqicfd0x1LMSUibI1CIbib2aRZ5XEsOXib4LSyVWw0AGAKMDiaVb4C6uOTN2EvdXRrygKPPbt/0', 1, '', 0),
(1308, 'o72NAt7YcZGxFFX1rI2mwagNjSpg', '三冬', 'http://wx.qlogo.cn/mmopen/qoeLU7RsoOuCxoMF1zjEfOpOdibcXE9bgavIbGogD4E7ibeYChHsANGTulox05nV0UegvHu6baicPxhzwB9uAKDpA1kDDVFnDbM/0', 1, '', 0),
(1309, 'o72NAt2PiMj_EAZhKBEkHbRwtOhU', '陈公子 ', 'http://wx.qlogo.cn/mmopen/PO0LKUbZnbTLDonn8VdqJxU9YV5SkHEhKBq1ibOvjtAaNPhplVgrWzd2NIp3ib6g6kibB6WjlEqNBCF0gOCXsncXn1bdGXTu7DB/0', 1, '', 0),
(1310, 'o72NAt66Csv0qaW2a95Z2T46HwHA', '在松果里找路 ', 'http://wx.qlogo.cn/mmopen/IhU3HFSL9HgHIddibFWlJ7qpalOpjstXYVK3IwrxrUMiaFz07cJGwtUUAaNs2hjXdYMnCGHsfVJrBsTYzvicOCEv97c0GWhkjEY/0', 1, '', 0),
(1311, 'o72NAt3EZid8LJVIDua-Ve-sSzDE', 'A', 'http://wx.qlogo.cn/mmopen/IhU3HFSL9Hia9FYx7CibQBvOYo25YeXwZsaNkL5yWribTLEJWQ6HlKAkV61apibyC3mHJd5c82wnzPguCib7SBiaLPjS4619ibtIkAK/0', 1, '', 0),
(1312, 'o72NAt1z6WnmEhFVOgjU9BGROrt0', '粲然如夏', 'http://wx.qlogo.cn/mmopen/IhU3HFSL9HgrvAt1pIGhU5Voaq6ic2ib9cXG85RnKxRzOZjWib5LrFcDjkkafWo55s81EQk3Pc2Nft57mrLmV6ULlWTxL0cB9nl/0', 1, '', 0),
(1313, 'o72NAt_Rp5J2l4lkH5IyPK83OYzo', '〖想～念〗', 'http://wx.qlogo.cn/mmopen/IhU3HFSL9HgHIddibFWlJ7tCyZMIfiarojfrnrhBaZIR9AnLqomIacy6gGZGlLykkPcoVcSG6kjp4uLHN4AicD5Gwv7otEiblEwV/0', 1, '', 0),
(1314, 'o72NAt_WrFhwkvfE-gTnBNdIysac', '韶筱帅', 'http://wx.qlogo.cn/mmopen/IhU3HFSL9Hia9FYx7CibQBvFdoXiamFxF9o2mgzJ5YAtlbjpQ75J64T6gibyaRRHWe9Y61VUcpXicXRtfZW7zxBDwoWhJ3GmzjPbP/0', 1, '', 0),
(1315, 'o72NAt6h2AtKyZMvI9vtW2xvw76Q', 'y', 'http://wx.qlogo.cn/mmopen/8uI2QPoOQRQE0qk9SpmVgmicmLZjFeaLltkLC7am6Zy8DSQIoRWeFTLYWwWP6ynIbZefgbibsCuUvFlm73ibVicicZicO4Fp1OibCM9/0', 1, '', 0),
(1316, 'o72NAt76K-b_Vn-V52zXzQAdjmtU', 'singsung🚹™♓️', 'http://wx.qlogo.cn/mmopen/ajNVdqHZLLCmGVuib8XRVKqYBHedrm0CSWt2O6VnibjWQuia26N7RXPZB1IGnKJzgUOuepnrHg6bVoPDP42mTY7wIwX095Fkhiauib2VXFtwXria8/0', 1, '', 0),
(1317, 'o72NAtyUCDcCjA7nxx-6NMndIyP0', '邓真鸿', 'http://wx.qlogo.cn/mmopen/q5Oz9CVNAOiafxp2uIQFibUSia4ibiaLAKd1ia8kG1kFxFMhhXZFfiacGzIqHM5vwbcfL23ibHXYxD8fGUV4pZ8OzjAgVAibSZLWicsIm1/0', 1, '', 0),
(1318, 'o72NAt6bxeuyZvsec-fwkiOv3vbk', '丹丹妹', 'http://wx.qlogo.cn/mmopen/FMajU52WvbGWVo1l8N7e7gjABI9cHFsI2HicfRgbdnVwBB3CiapAV27ia2fSd8IR3ByL6Cc8SXkMV62n0JfacANgA/0', 1, '', 0),
(1319, 'o72NAt7Pma8NOk3DHqmqIZpWrQnY', '爆破大队', 'http://wx.qlogo.cn/mmopen/qoeLU7RsoOtUibw03ojK3cABnOxW6qsd4tKcqlKvIyLexwKoGK37RRWndMUuicUV7K1akrVNNPqQk6licTUgNzALPlGuuZMjtkq/0', 1, '', 0),
(1320, 'o72NAtyVlYvj5uSv_qTl2wDWdxD8', '。 小妮子', 'http://wx.qlogo.cn/mmopen/IhU3HFSL9HgHIddibFWlJ7tmFcMzffuf6Mz1MrYfOmndR98z5AhNjYtYiacoPicITXtY4sSdatdaWnVlHWOt0onicGtT5HQWFDzZ/0', 1, '', 0),
(1321, 'o72NAt3HyZwKoSPiSXL53SU0MqN8', '阿陈', 'http://wx.qlogo.cn/mmopen/qoeLU7RsoOu8SXgibamefibtVnGn8aSWtia7aKcibbBlYHeNHcIY29IibyicXxsdxl7KXbLEbG3Zpaj4hQlUAfEn3Z47gK2xxVxSPB/0', 1, '', 0),
(1322, 'o72NAtzDSVILjbck9JA1Wka4LDoE', '张荣', 'http://wx.qlogo.cn/mmopen/IhU3HFSL9HiaA25lqyWAgkvuCx3OagnetaetsV7Y8O06bxxPl7LfgxWEAibkO9fKXcd47iaCBBaAgQV76dJSmgN2HMgqVZOBwMK/0', 1, '', 0),
(1323, 'o72NAtx1_DEPyDpZXRKmQAH1f-JI', '温斌斌', 'http://wx.qlogo.cn/mmopen/qoeLU7RsoOuYtgfA6bvm2mvKLJhJXmAicsG3vNpAxcszuouSAjO0k0bXjib6N574G70aO4LaqKIvgng2JJz4fBicxbbufD0LnYY/0', 1, '', 0),
(1324, 'o72NAtwaUx-KjFOoeD-W6Fl1AVRc', '维维', 'http://wx.qlogo.cn/mmopen/qoeLU7RsoOuAlUhK5HzzlZVK3Ule3UqJPDFsiaXZpmicyLd6ibdGFG4V0fN4KVQM0qJLF8czIu2tia3W6KyMXmhnlAflGNhleibhl/0', 1, '', 0),
(1325, 'o72NAt37LdKIg8FtT0IPlstguDGM', '狼行天下', '', 1, '', 0),
(1326, 'o72NAt66zeOKuDhom3zQF0eAHt1A', 'Salute', 'http://wx.qlogo.cn/mmopen/ajNVdqHZLLDfTVxEOvDMlLafWlbeUxmCxUN86sFMQ4B0viamYvJOZ6HJUcZKlsU7YgKShGB73vhf6hVtxpnQaYg/0', 1, '', 0),
(1327, 'o72NAt1_nw7_2uuliKa3vMrjWA0o', '江', '', 1, '', 0),
(1328, 'o72NAtxO-X7MjDZoHC1AjCfMR8Tw', 'E丶', 'http://wx.qlogo.cn/mmopen/qoeLU7RsoOtW4XTLbrvnV3ApQT3gAS4XMS02p7lVbNaskz8zNApYcgVFaibcFauBOJxjXU9dpAs9hKcQQn8tYCsKdcqicvCiclC/0', 1, '', 0),
(1329, 'o72NAt0zFo4TSw9QbW6vod4QGBvU', 'joker', 'http://wx.qlogo.cn/mmopen/qoeLU7RsoOvzOaz7MJNYf3dmU83W6CCu2ogg6NCFnwUR1VLQ6n05YGDb04eT5K5kSbQjKpRVRia42L7tXNQ0WqTfp2qhXjKhd/0', 1, '', 0),
(1330, 'o72NAt-_nNJq1H1pHB7MgtUCZ0UI', '＞＜', 'http://wx.qlogo.cn/mmopen/Q3auHgzwzM6hArSSFveyD0Y0icjyLGwG9tshwD6AEQf8A7USkeqavm1ub64xIuChNxfkuYM6NAAfylicDgTXibhug/0', 1, '', 0),
(1331, 'o72NAtznfNdITPOcU3wi8uRC7aOE', '陌上花开', 'http://wx.qlogo.cn/mmopen/qoeLU7RsoOuib5GwCkaTuZbCllgZ9zPdJJpSNL1QWF1jAIFdzG4ZgT3zDDqpKhDtpYJnZczEZFiaicLS3ShkV9COPDhLjEDjcoj/0', 1, '', 0),
(1332, 'o72NAt7CWoXO1g9MMOJiClIsvVno', '明天', 'http://wx.qlogo.cn/mmopen/8uI2QPoOQRSrFGshuOtmvCMyDYGTslMHVFSV6LC83dqao6cBx8Qfx0hClcF1F9zsXhvzaIJriaM1ucHaeQV6wHe8nNYO9ia0jO/0', 1, '', 0),
(1333, 'o72NAt3T1F6g6q-_gzd9vCPZ1f4A', '小宋去哪儿', 'http://wx.qlogo.cn/mmopen/sXnB9tx7SZfj4Rib5DoeEOMTamODdsewXdy2gwCNxl7mOqLmORs2HyMicVqCibBAzoBmO2Eqz7A9sFe1UrmxxLL4U8mHoFclZoa/0', 1, '', 0),
(1334, 'o72NAt138AQbPu-HrZ5quI5QpHRI', '超人是蜡笔小新', 'http://wx.qlogo.cn/mmopen/8uI2QPoOQRQE0qk9SpmVgmp6puvnd9LUhuHhdVCGssKP9YBrzwpdNdIpNZ5IbN7CaUNtAhcjwIuk3USNfiaP3sK510qTFsPric/0', 1, '', 0),
(1335, 'o72NAtzzzzzeRbRu3YjmHZYRAlPQ', 'Soulmate欣', 'http://wx.qlogo.cn/mmopen/FMajU52WvbF4gHnrBJFppn0CdmZcicKX7cMxfkYQJ5HzodyCib0JKWZe5tkOicNnCm7krwJ4PA2QXSBAHkGRmicDEaSqLc9PM0oA/0', 1, '', 0),
(1336, 'o72NAt3Wlh1QJ82JPcwnV-5yOG-I', '青春丶', 'http://wx.qlogo.cn/mmopen/8uI2QPoOQRQE0qk9SpmVgphedp25yQ15GAKpAYSHGyotiabem1kP3TY3QYR0dhZc7JcfBVV8y5qtUtxf3BHO0XE52tErUy344/0', 1, '', 0),
(1337, 'o72NAtxn7kh3EGhvLmyVnXU30t94', '美丽夜景', 'http://wx.qlogo.cn/mmopen/8uI2QPoOQRQ1ODFSoDTia8fiaF9MW6BK6pIVP3jbxVfC80vFnkkkXGrMLibyr7BOjtK05kicKe6FJiaJrqt1KeyRCGQ/0', 1, '', 0),
(1338, 'o72NAtz3o4RBg4PMRl7Gun9HC4Kk', '庆秋', 'http://wx.qlogo.cn/mmopen/Q3auHgzwzM7Ed78MjNdX1icsYicLAAMichicWic5tBfvIQjOiczPjgdnqekg0WzGvupClHCY8mC0DNglqicIMrRqVk4V30dqZ7YQ4k6E7A8oRf2WsE/0', 1, '', 0),
(1339, 'o72NAt0k8X0j0VN3pkZAczyruYgU', '言午', 'http://wx.qlogo.cn/mmopen/PiajxSqBRaEL7lbCkiaK3MdxbSmODxXbrA0D6FuVicVmrggJVa34YiaPsZsBONee8nic1vlDlw7u6wc8EbvtktxIcGA/0', 1, '', 0),
(1340, 'o72NAt33fvR_4mDBDt1MvhIURuYE', '程鹏卢', 'http://wx.qlogo.cn/mmopen/q5Oz9CVNAOiafxp2uIQFibUViaiarZ64ut0sPqMcYOI8xia7zTdTGmiaBdJhpFibibTbiaaHafBVOmReE79foGomDyxwRYTOV5cly0PE4/0', 1, '', 0),
(1341, 'o72NAtx_DHwZGtS4BZQI-UFqTcgU', '舟  亢', 'http://wx.qlogo.cn/mmopen/doZzLyZ0IgRlrWAic0ib9Lxr5qb3miaGsIGXTcdF99dickTxBNVOibqzz8vH0slEFI3qNOJUmu90R4e3kHbVvcuzibU0RZPLWBzyRB/0', 1, '', 0),
(1342, 'o72NAt9BZrHvu3VmFJdffG1oh_h8', '.', 'http://wx.qlogo.cn/mmopen/IhU3HFSL9Hia9FYx7CibQBvL5WQmEeFlvA16CspicMo4H4D0VepHJEu0Wicpibc8ic4U7gUBTDnXEHZhzN0QibrIXcyFiasGka0J5dR4/0', 1, '', 0),
(1343, 'o72NAtyzamwYa1rm2eSN1SS3vW4U', '倾城绝恋', 'http://wx.qlogo.cn/mmopen/IhU3HFSL9HiaQAiaL9FlZ6WsvqibLqic1rTfAwzzibbMxaQqII1F720AeLotAM84xWSWFHFRKAKS0mRcXHepZke4oZBsBYYuOEonO/0', 1, '', 0),
(1344, 'o72NAt-RwSwcivC4Wf9F2-E8r5G0', '庞瑞翰', 'http://wx.qlogo.cn/mmopen/PiajxSqBRaELN4MGYiaaPXKMEibxfNOwYzyk63H26OLDydq5HaFl41muMO2MgY8QicV9ibs1Udb0jfYb4Hl00UJoFEQ/0', 1, '', 0),
(1345, 'o72NAt-2H1gvtI5ByFzU5xbAnjzU', '多多亦善，少少不拘', 'http://wx.qlogo.cn/mmopen/8uI2QPoOQRQ9EwakzVmvoklQsYaJibeRo69GLwGShJQEg2q4P5XqZicEXF1evicmXZyibibNG5iay0hqicOAxbdVUB8NcPGGeibLRX3U/0', 1, '', 0),
(1346, 'o72NAtw7JOsG7R6sqLPaUOWc_EDk', '499besurebebetter', 'http://wx.qlogo.cn/mmopen/Q3auHgzwzM60mfaycPEJfllQ0bE06n3R50SSNVty8IGiconWyiaBA4OJQ3eI9bsh6UF6GSsoX186HLdHWiclibg2ZVmGYNzDs8L1HZA2m71Zdyc/0', 1, '', 0),
(1347, 'o72NAtx5nYk-Efw1_qUUcbHzZlOI', '席伟', 'http://wx.qlogo.cn/mmopen/FMajU52WvbF8DHOiccwy9V8iaoViaXr5jK07RufOucBDmLobkIBcqia9YosGUFLb9xck6vlxUPm0FJyqeicdgu6gBQOM4iacoX1iah6/0', 1, '', 0),
(1348, 'o72NAt4KYN78PDk6o3Ekinktx42k', '小鹏鹏', 'http://wx.qlogo.cn/mmopen/qoeLU7RsoOs6h9JNp6tvEwJQsSH4pPhyz2QGBYqg23wwmjXrHcVza6nvMaKjZYt9db8LnM4ag3bSYXKSW1ecbmpZTBsNich7t/0', 1, '', 0),
(1349, 'o72NAt2Fo8ocbK0onvRkwArkR7sw', '小竹子', 'http://wx.qlogo.cn/mmopen/FMajU52WvbG2L31b5L951MgGZQ05TyiaEzNyOawvRZ4zbl9HxC5ciciblaWj6IB3Nu4QibTdRBurPXal7XaSQOhZlqbE6bwQfrVD/0', 1, '', 0),
(1350, 'o72NAt8GpeBX-gYPH1alXWk3O7cM', '海海海海', 'http://wx.qlogo.cn/mmopen/qoeLU7RsoOs7b5JHLsJicSicj399ODpbLsMywk62qwBhVd8YyFDUSbzicesdHs7kPKia8kEP5TnzViarVXFqfyA4xXO0qwBtId3J7/0', 1, '', 0),
(1351, 'o72NAt3CpBixsnX99nU-CtGjNEMQ', '朱朱', 'http://wx.qlogo.cn/mmopen/8uI2QPoOQRQYIiazJ1fTnkUhhdn2huic8pgSicySiabSuzP2iaOicbbibYyvC9HFPOTt5SibmOcJNJr7ibqa3ounDKweboibnOKyicXCZv2/0', 1, '', 0),
(1352, 'o72NAt8FNpumoTXAb02sUCctpKyk', '好心情', 'http://wx.qlogo.cn/mmopen/qoeLU7RsoOtCT3zMzb4CCaKoibqTKpUWk4dWebYqKjNFqnnl9nNv7MEbUwWg5dOkfriaJX1pBCqgEr06auRHFMSAibVj2cPmIc7/0', 1, '', 0),
(1353, 'o72NAt4BvF0GwaHqKePagUozR4h8', '陈姿伶', 'http://wx.qlogo.cn/mmopen/IhU3HFSL9HgcBrk1o9nd4XaiaiaG3UrdKib3B6ZiaJmc6QhSDr4Aicjdcod3icekh62xtsVtib5jjL3iah6aIae1fvWFDvAkmKnc1ibOH/0', 1, '', 0),
(1354, 'o72NAt3jewmEAbyYEdO3CoZZSqvg', '此去今年', 'http://wx.qlogo.cn/mmopen/Q3auHgzwzM5jdogkXGZyV4dRKAjDmbDTia4bhrkJfNS52rje8faKLWNa9F3syJKD9tfDASqNXTc4dG9Hv2Mz18n2fLLLTdl4gMIgkaGibCl9c/0', 1, '', 0),
(1355, 'o72NAt5W-vSIfKxYLK0DbZJaRg9c', '颜威', 'http://wx.qlogo.cn/mmopen/8uI2QPoOQRTib3OTHSVPV3lg4mibDfQXLOz7GLicGTv05OT1vadh84JUkoXJmAQArYvWuNRicXYO2TO7PxwNS5BC48TOQNtclUJv/0', 1, '', 0),
(1356, 'o72NAtw9ut6YmS51O5yah76BhuCU', '心情好', 'http://wx.qlogo.cn/mmopen/qoeLU7RsoOviaCHShiaCLRa1mDz6RJpwFeanqJtzknnKvOeicI9cN5fzr3hlzhnn4u06NGLQIE4GjEAncs0ZZGr02Qq7XLPII7w/0', 1, '', 0),
(1357, 'o72NAt2bdYU1CMSXW7UmFhQ875nw', '刘羽中', 'http://wx.qlogo.cn/mmopen/8uI2QPoOQRQE0qk9SpmVghEqicBjhwjgzJULpVEx3rxJYBHl0gOLNyCbyR28sibhWsBIEzERl1nAPpFpgLABhRUepbK5FA9UbG/0', 1, '', 0),
(1358, 'o72NAt-5_o4-k3yLN4bsPJQbiDOs', '开始好了', 'http://wx.qlogo.cn/mmopen/Q3auHgzwzM7XOjWMj12iaJVr6q3SV4J3YhI9ibHmYJUgeG5tKRJtAibI6KbuHR1xVUqpZ16wFKwOjUcbTXSXVibe2iaj0ic9WolTEKpqyYmpiclSKo/0', 1, '', 0),
(1359, 'o72NAt-H6IghPAbayoES2NtbPHpM', '张琰', 'http://wx.qlogo.cn/mmopen/IhU3HFSL9Hg1S5EGFba9FVtb80wVYKlhiaENj5plq773gfwRtW28Y97kU8x8A6BA4aNhZ6xHpG0cvCQXLrNmnKviapjyKJQNiaD/0', 1, '', 0),
(1360, 'o72NAtzlh44dN5uTyM58ai3sawXc', '深井冰', 'http://wx.qlogo.cn/mmopen/PicDH5Oticnxzf1NBWkaQANicLznHMtKa3icuobTRGFGcCy4suVlvnBSOia0rUr3hS2ian3eKfJRJ6JNIvJ0SPqE1R9t3z0xc8Cer0/0', 1, '', 0),
(1361, 'o72NAt0Tpiqi42h4DvATFRzXdzks', '像风一样自由', 'http://wx.qlogo.cn/mmopen/8uI2QPoOQRQE0qk9SpmVgprbwgpDDhw8u5qx10Zerhdiads9tSIv2u4JcBS8ggib6GDnt6WRbb0wasIfybVMWWqDAe7Eib4FWIQ/0', 1, '', 0),
(1362, 'o72NAt_k5QqeKovPtWZ8AN_m9w2I', '汶子', 'http://wx.qlogo.cn/mmopen/IhU3HFSL9HhHzgYQicO4fB2EKkqkveuRXXKQ24BhRn9PiaTuDwBo5jzhNdGutwLscfOEEWD99ke4YfT0SQru8YQzarqr7Jr2Hn/0', 1, '', 0),
(1363, 'o72NAt52Uc0GqaMEor0RVRSi_uko', '贡菊小公举', 'http://wx.qlogo.cn/mmopen/8uI2QPoOQRQE0qk9SpmVgtb2aoHDZRSMmjKprBRiaSW3NiatSdoQdJU7AiaKyK7s8e9h7nJsKMH8lVH6LRwbU14RPdgHH54G7yB/0', 1, '', 0),
(1364, 'o72NAt1L_XMgGJe1JNkcmhG_RJKk', 'PIG POWER', 'http://wx.qlogo.cn/mmopen/IhU3HFSL9HjHykctsqicRd7Mgfiaum1fo7V4ovYlFZSSGPeu4Vg4VAalkWDK6ZhTIb75VpH0jfTyssFBglXDDicgza0iaVPkjxkD/0', 1, '', 0),
(1365, 'o72NAt2PNGggVYGE7JEvNqZK2FsU', 'JoyceZhang', 'http://wx.qlogo.cn/mmopen/FMajU52WvbFrynSMD80Xyiaw3ib32xcQf0QjPxj3Q5CrZ1I3MhJnSOO10aknAVqhRe6MnBX2vQ5AhGKDjia6s77gyH5J6H2SUoic/0', 1, '', 0),
(1366, 'o72NAt-tgyQIH2yGtgsUDClq_r3E', '叫花子。', 'http://wx.qlogo.cn/mmopen/IhU3HFSL9HjW9prfWG3tM5eAOoic6kVqZXmdQ7uuWn51XD5y1Pq4GpyGOTjgUeeJqssSwo9Dsp5dC2qXgyQdldD7g6KLNcTnk/0', 1, '', 0),
(1367, 'o72NAt1hAmzxM6ZDCwZVmn5WH8pc', '田大胖', 'http://wx.qlogo.cn/mmopen/8uI2QPoOQRQE0qk9SpmVglIpCk0948DW9RIaOofzcyPzAJufo3jzY0CMGm3M2TQpF2CwHyLicn4GQiaXibNmiaicItDfJfJ4UpRG5/0', 1, '', 0),
(1368, 'o72NAtyB6x69i-IcCN5I0zWiyEQo', '宋大晴', 'http://wx.qlogo.cn/mmopen/IhU3HFSL9HhfyDPmJVuiahh41fjo1Ohgr4u3ymiaBmeIvmPDTASzxK3B13uslS6RCb5sUOGprW3Mu0ch5JibR64lg4wjxVIvYTM/0', 1, '', 0),
(1369, 'o72NAt6FlS88SdJduaYqThwVgIug', '华琥广告(周志明)', 'http://wx.qlogo.cn/mmopen/qoeLU7RsoOs6h9JNp6tvEic8qk9yy9iawibtfmP7gibbahKpxXYAQBicTM381OOKOw5mWxjicbso9dlMPWSOSaUNUkibkgK7He6QT57/0', 1, '', 0),
(1370, 'o72NAt14zp91TxDqce32bgInlGpg', '陌离', 'http://wx.qlogo.cn/mmopen/qoeLU7RsoOvUHbCRFticV4yfUvf3oNjsyV1ia1k0WwOXZZkzS6zlsAkRibJlVUdBonZsPxZNFpJIg0Efib28u80ZwOxt90nvJgYF/0', 1, '', 0),
(1371, 'o72NAt5gbqVoP52BmFwWFmGTTcDI', '💃 🏃 🚶 👫 💑 🙏', 'http://wx.qlogo.cn/mmopen/qoeLU7RsoOt2lmrebBHY9ZGthY3x3KSehsz11b5lsbr2eyIng3r72FSoyBNiayRJ2C1q0DnDcp3ulqTewiboSqBbFuQ6y5qbTf/0', 1, '', 0),
(1372, 'o72NAt79L_e77O1GkkdnUTfAIPkk', 'Wa珍', 'http://wx.qlogo.cn/mmopen/PiajxSqBRaEJyXvozskZkS68RcSuiapiasgWIEp4icsl51X78WYibR2CNqKInib4tX2MwC79YoajFchzGpf02syUvmEicfS5m86NKK5GIv6FqW88pE/0', 1, '', 0),
(1373, 'o72NAt5MGPVsPvW9IO81rnyyOd0c', '恒羽居士', 'http://wx.qlogo.cn/mmopen/8uI2QPoOQRQE0qk9SpmVghJzVJyZsknekyRezYfZsFZcqBdPTlodZ9zvr4hzkqgbBYbg126bXM8yCxNshj1tvO8u0QeSCCcJ/0', 1, '', 0),
(1374, 'o72NAt29UWThxD5K7f6lz2Waeshc', 'xys-xxs', 'http://wx.qlogo.cn/mmopen/IhU3HFSL9HgOpI1uyWSgxLicREsCzQb83vRd1tNia1FapduNjb3SKdvrXU7uOnXsLRhiaPXGYlwUfFgMibia4nKkQMia44jIr2xsc9/0', 1, '', 0),
(1375, 'o72NAt1j1QVFEYp_BZgjVPDo0w8M', '               Trouble💤', 'http://wx.qlogo.cn/mmopen/IhU3HFSL9HgHIddibFWlJ7sVjEpWvHRxuRcmy5LlEXHlgqyQiaVeib3eePLrA9RKIk3z5g3UbzwOSXXMD3wfiaOTsnDlRztIj0JQ/0', 1, '', 0),
(1376, 'o72NAt7DdegqWaPzIlsCqugOa-ZY', '小樱', 'http://wx.qlogo.cn/mmopen/1WcfXJhQ7u5Kf1Zbx5iahMh0iaPMaXaFTajEEkoWm5l7lDCRU78iabrI8ia2ez97uQacFqW9ocPsBCpzfnOFNPor54zPQAt82hcR/0', 1, '', 0),
(1377, 'o72NAt7iEobtitHK5KEckIUcXYw0', 'Z', 'http://wx.qlogo.cn/mmopen/qoeLU7RsoOs6h9JNp6tvE3XsKImE9RxichCMD9H3aJibZwB2zib0pniaQ3B6DQZib39hicgoWar4ibST901xGOSIRhVuDzu4YAlZm8c/0', 1, '', 0),
(1378, 'o72NAt__MLNcO4NWqxDKPbWtF9KU', '西西', 'http://wx.qlogo.cn/mmopen/Q3auHgzwzM5u11Mh49WAA90B0KoPyvCPClm87Z1nTFskMR9BnI4v2gglCvqqXQibS1Boyjh7obpwZtRw6YBreaKFibnhq6bDg3D6hWGQBrN18/0', 1, '', 0),
(1379, 'o72NAt_4bkdpcSTFxMGbsZkRJscU', '不戒', 'http://wx.qlogo.cn/mmopen/IhU3HFSL9HgGjUvibib7wB1EwzHO3EGLxrpwciaZ6DyydF4nEA2rZ4FcJbzgibPAKXicfqcicSUiaJgz8GEwbzUzNWN4WSx1eE3ghB1/0', 1, '', 0),
(1380, 'o72NAt9QJAnOnVpLg375ZUxGSHZY', ' ', 'http://wx.qlogo.cn/mmopen/sXnB9tx7SZfj4Rib5DoeEOANyYWO1yN8BImg89A0EavDTLEmiaDdIRricmUexq7ZAqjF1gU7aeAfjtkIBJniaQ0icJuR13wf3qXpS/0', 1, '', 0),
(1381, 'o72NAt1Y14fY33eLbq8XtKhK0-b8', '東窗', 'http://wx.qlogo.cn/mmopen/IhU3HFSL9HjAG8ziadCZ3hHu11ibzCibecVjS4IVT9nnibXLQ30cnlIltyA9Z5LqWBc0hv9VibdFMLjiamxmhibibGlc4R9HXGdS2lT4/0', 1, '', 0),
(1382, 'o72NAt-2DBNJhCExj1_VVlQFPi8Y', '李焱桐', 'http://wx.qlogo.cn/mmopen/qoeLU7RsoOs6h9JNp6tvE13BVdIQOyLtpicewZ6vQ9zvxkwpyEogJF1YwFqNSY38ibXPtKmyr0NGSUdsTyAichknibdh4lKRhx56/0', 1, '', 0),
(1383, 'o72NAt3DUkD3iX7BPPptwAhYO7c4', 'A😊岁月静好~', 'http://wx.qlogo.cn/mmopen/ajNVdqHZLLCxZjdzvv2iclyRHS0rw9hhwBVkFyQlZgXBeyW9v7l3lcnIGxokU8jux3lE1rHAv9tR4Duq8Ygz7arxhfrMvViber6kVL33j8QJ8/0', 1, '', 0),
(1384, 'o72NAt38k8yOGUFFwdgIa4RsxS-c', '侯', 'http://wx.qlogo.cn/mmopen/PiajxSqBRaEKbUxwWvPKILwwqA9icr451mVrog01bJG3vR72EMr4Cfk6EqH7HCsySIEVJlmwjGBhjW4xnDl81bfA/0', 1, '', 0),
(1385, 'o72NAtz-r913Bbmzj89vrUK_-J0Q', '果果', 'http://wx.qlogo.cn/mmopen/8uI2QPoOQRTHtg6ZxlV8hqkMNItcYkqcQMNOe7mCb20iarGGIiaP8xsib8JicOick9GxmvJk1XviaEibm1coG8ibjF549lcFAI3HCF4x/0', 1, '', 0),
(1386, 'o72NAt3YuSAPL4Be0wAimBznK9ss', '无名', 'http://wx.qlogo.cn/mmopen/sXnB9tx7SZfj4Rib5DoeEOHnaKg6W00KsI1jBIAx7ib3wpctcCcFStwtjmD546cWzC0AWd2MdIDJv6ceop5m71qibP9ApyRibeSj/0', 1, '', 0),
(1387, 'o72NAtyjsFdSsbToKm-OfRYJA-pA', '可你鸡娃', 'http://wx.qlogo.cn/mmopen/ajNVdqHZLLDa6hfrrKGEyIYycsjKic6vo7jX8mLWh2JiciaD8iaEy8pRmRFAW7qHsu6cFa0Y6PUg1knUUSxdDA1IOQ/0', 1, '', 0),
(1388, 'o72NAt4K3s5lU0eqgC2OOvabzqKw', '张振', 'http://wx.qlogo.cn/mmopen/FMajU52WvbFkg9SOOQajUuyA0qiaCaVcThgonDZQ5IljWp1jbVpxYh5v8DqSzl6Zia0OlGctxniaNN5ibTPrftaND5VpKxXUcmEf/0', 1, '', 0),
(1389, 'o72NAt63l1ZbwLwrPbWDP1LMSdHs', '', 'http://wx.qlogo.cn/mmopen/qoeLU7RsoOs27wwfiaEdqvVwF3In8avBNE7iaibLY0BFUVl8cdOPQbYeHPRRu0C2CEKtlEy575XRnHia5TDVXS5kL8eJy990R7I2/0', 1, '', 0),
(1390, 'o72NAt9HztdNbYja-sR54YPqXXWo', '沐沐', 'http://wx.qlogo.cn/mmopen/IhU3HFSL9HgHIddibFWlJ7oQGjvWcPO7VwB82M8MibCKfF2hcyflE6Ws6pqtRDfazT4sghODyybY7hSYlkk2ic2eiaE1GWs3Eqz9/0', 1, '', 0),
(1391, 'o72NAt0GVrdyu3UWKHQQurwwBHYU', 'Linan', 'http://wx.qlogo.cn/mmopen/qoeLU7RsoOs6h9JNp6tvE89mafRocibNe27a5saAC2CDLIC4MWeOicpSNIrkfxcBr6SIe6bSnL7gW43dCmj3UaU8SUe8JR14ls/0', 1, '', 0),
(1392, 'o72NAt4YjQkyPINY0e2yKgtL1AwU', '杉杨', 'http://wx.qlogo.cn/mmopen/ajNVdqHZLLCxZjdzvv2iclyRHS0rw9hhwiayJhibLicibhQ1lYzb66wxUHL1fe9sX0mLmB90ymM803pmngmvF4EKQn8ggVQCfSdOMbFxvT4CJvB4/0', 1, '', 0),
(1393, 'o72NAtzjeEFon42hCsxtnB357kc8', '银河', 'http://wx.qlogo.cn/mmopen/FMajU52WvbHaePAgcM3ibNm9L9ia64phpKxHomG1WVQt2MWoicS9UEhN7ogdpOEMxbhu0ibePpPa5Naz5Zu5Ca05tZziayOwrBn77/0', 1, '', 0),
(1394, 'o72NAt2mjYxBk4GgeFUIRX1fciOU', '        匹诺曹。', 'http://wx.qlogo.cn/mmopen/IhU3HFSL9Hj1n4049ibRkqpl9tbawVoUAwEWDB5PyGCyQxAvzgd0l82bnFgJZcibPDXJjxxC7wYTaEyhE1SX2TByJfKylicVU5A/0', 1, '', 0),
(1395, 'o72NAty_0IIIOCkXJWLk0K5KPtm4', '张丽琼', 'http://wx.qlogo.cn/mmopen/FMajU52WvbG9086WJF8EwHSPGOjlPXicCicYb7HHvBGmwsYYicVqvTtkJIxunM8WalrTnmFFSf2yCwWFTPtEkmsquYAqf15zE1S/0', 1, '', 0),
(1396, 'o72NAt1BhBUyf9Q6uE4cAROZj2uk', '雪鹰', 'http://wx.qlogo.cn/mmopen/IhU3HFSL9HgHIddibFWlJ7mOElvIIMQYRmy12uUBSSN6dWE31mmLPRseJ5ic8sIXcOQFo1vVLHQSbBzQ2oC7t2uGIPfibGB9MkQ/0', 1, '', 0),
(1397, 'o72NAt3xMFF2U3WCCW0pTuNhHOcQ', '满天星', 'http://wx.qlogo.cn/mmopen/IhU3HFSL9Hia9FYx7CibQBvIlnIEBhshF0m8IT9WXgUerSXuUPNYxZctrtAl6qf2k5b43eCafcIqTPlia7WDsQxMArBxhoib5Kur/0', 1, '', 0),
(1398, 'o72NAt9TgqKilzKqo4DWcWSQBGRU', 'Jo', 'http://wx.qlogo.cn/mmopen/8uI2QPoOQRRx49SZmOpuFaoCErVIjsxNVRzagXVor1c4qtXh9TWK5icJ9gJgKLcwsVmSssWkd4ibMicSsyQaTBol0C3uJ88HfiaQ/0', 1, '', 0),
(1399, 'o72NAt8LxHk0WtxiZ4BIJG4xBzsE', '以后的以后', 'http://wx.qlogo.cn/mmopen/qoeLU7RsoOtbSiagRW7ZOm51HxibRdtgBUHkXHeoatUZWJS2iaNVloadoRnm76nRAKK2knt8XO5XOdjzV2P31yuggXHWzjlBoJz/0', 1, '', 0),
(1400, 'o72NAt6VQy3304DpxXTsWaqcszfo', '汪小平', 'http://wx.qlogo.cn/mmopen/PU7b8yUeZiasgYAY51n5f563x7AmJoEoGFECICl6uOzcnvGMXxybicrNkfMiaZHOKHQUWRmNVTbsbyPlvibwfZ3IVBkicncxobT1e/0', 1, '', 0),
(1401, 'o72NAt2_DmfKamctBbudtnPDj23c', '大蒜', 'http://wx.qlogo.cn/mmopen/11r8qC86rYCB21zC0LwH5hkvEoxWYqWaqmqRbmJ71B6IrvAG3GN9ibvrjfqSK13u4bNnhQic9tjOfN09p8S3fgedUOxhicftEPv/0', 1, '', 0),
(1402, 'o72NAt621d94ZMJU95bL77q5hxJk', 'facy', 'http://wx.qlogo.cn/mmopen/KaiaAK5CASek2xyMBDVwPU73E0MuCJa0nDOHyichNzK81eNtic8lTmXGIIAz0bkhRria7Q1QpgfOWYyAHyF5kaPqy5Y9gx6Cnx08/0', 1, '', 0),
(1403, 'o72NAtzlTlNdNEG9hW6C0nNOHi50', '我像雨像大海', 'http://wx.qlogo.cn/mmopen/8uI2QPoOQRTHtg6ZxlV8hv5GFNibQaOyvXy6JC0QLKDK39YEZLibRMkAD6aQNS2rlB3JN406eEKlHBCia30iadPpz5CVzsTdSyPN/0', 1, '', 0),
(1404, 'o72NAtzKHHHUK1Vf76GY7AYMaoac', '聂爽', 'http://wx.qlogo.cn/mmopen/ajNVdqHZLLCxZjdzvv2iclyRHS0rw9hhwFOC0alBcgpePYRDTfcJaaj23aDPVDeSWJUkgqId9tktB4Pb3k1SNBfl583KPp1sIEqJDjvTtwic0/0', 1, '', 0),
(1405, 'o72NAt9kZIlF_I-2eg97YbGqDcQo', '随遇而安', 'http://wx.qlogo.cn/mmopen/sXnB9tx7SZfj4Rib5DoeEOPz2dOsP3h5ib3Tx2C20HZhHNNetib1CR7TANpB1O0BKS7mKeS2hNgC1ibDOS0HkD5ZoW2ybookTQAf/0', 1, '', 0),
(1406, 'o72NAtzHrsrA8DPaNzciDnbed_gA', 'We ←_←are', 'http://wx.qlogo.cn/mmopen/IhU3HFSL9HjglfsriaJu8KUpicm5tQ6ON52Deia0icWxLHnhPdwZicyGyIdPKY79V59BQh7Lsw4iaL4mibS6KKZUaYaY1MJ2JyCDTzg/0', 1, '', 0),
(1407, 'o72NAtxx6gNd4DlFhMR_I0Ya3S3E', '游畅', 'http://wx.qlogo.cn/mmopen/Q3auHgzwzM7ficO3nIrEK2ibosuglZLGcxFXbVnibhQWdBzfF87rKibweerEklYh2ibGyNMI5dCOSvg4xlib9n8X1gyQ/0', 1, '', 0),
(1408, 'o72NAt0iPyZ2d1K6sfFOPiakqLQM', '张红位', 'http://wx.qlogo.cn/mmopen/Af4Fw7SUoPPC7p1Zp8GwtIFSpWlu5kFDslT3ZuWsic53bicdWvU2VZib8AHsiaEc2slc6gVEUCoTEktZTb4FwXu3YZG7fvAdxUhx/0', 1, '', 0),
(1409, 'o72NAt55n-7ADCEgFUuhaJB-EJGs', '徐荐', 'http://wx.qlogo.cn/mmopen/FMajU52WvbF4NxGqxN054o8wdokbcJrfGibMv8ohet0SianRbdSha5icIFneN7ZeINBupKFvo5MYymUQXlFhW22ExQzrkJGx8Mib/0', 1, '', 0),
(1410, 'o72NAt0x58utwihtUVZfrUlsEe60', '条子', 'http://wx.qlogo.cn/mmopen/FMajU52WvbF8DHOiccwy9VyricgPd3kc4Y0VicGmibAyCVc2aT937ibQsvtNbPIevciciaC5s9jCmcVYMKz4L71tA67WPsrQFtgFyOC/0', 1, '', 0),
(1411, 'o72NAt7HSaTTWhXFcXXA14vaHErY', '彭淋', 'http://wx.qlogo.cn/mmopen/8uI2QPoOQRSJIzp0atU66WQRfoSnAZ3McQNRlYmhrwY5qUR0QkwnU0iaDR0IF8EE9gQvQWuia6xmdlcXAEMvlxicV3zUoP4yXAL/0', 1, '', 0),
(1412, 'o72NAt3bawSitG6gh9SR1MjbtPgY', '曾德明', 'http://wx.qlogo.cn/mmopen/IhU3HFSL9Hia9FYx7CibQBvHwicnsJxCUxlxh1dvOL5QQeMj8SavdKhkkj19usfB7EnRichXxiavRVibe2FI5GR1PDyzNvzZK5XxLC/0', 1, '', 0),
(1413, 'o72NAt-bLNXQxZaWR1S9sINQPCQI', '静潴潴', 'http://wx.qlogo.cn/mmopen/IhU3HFSL9HjkBoUSe9vliaibbRp1NtZM3fYGPoVA2ovCBlcyDK20UIFpJicfZlNOuic72nkVbic7iacG34Io1GStwUBRPd2u2jkzpR/0', 1, '', 0),
(1414, 'o72NAt01CVHz7mGdtNO6oRCit1Is', '老朋友', 'http://wx.qlogo.cn/mmopen/qoeLU7RsoOuSALZysjs0kiajBKJibEjovy5q5Mpic9R8zAIFCvY7L8icadgNPSia4GXNESBUNhEY285XOGtZV4W8zTcPrPp2evxI5/0', 1, '', 0),
(1415, 'o72NAtw4TSNa1caL6PhRz2-0WixI', '😊', 'http://wx.qlogo.cn/mmopen/qoeLU7RsoOs6h9JNp6tvEyKrT00uQgibaibqsiaCY2wWHTy2rrE63BuptEePBt6REianziaibwykIyZdD75bIXiaJwradfMN8O7vZ1k/0', 1, '', 0),
(1416, 'o72NAt6qcqhNkPxonfRMfCRpaowc', '🌀', 'http://wx.qlogo.cn/mmopen/8uI2QPoOQRRF4ibk6a9tt2GYib54NxPLYeyicJx7tdDpWJeRbBnpDIZkCsKqvdGLsq5CJ0yuzpQ4NNY6wGwHlBSsoyibuCRgWZibr/0', 1, '', 0),
(1417, 'o72NAtw6HrnPXB2XceTbKcZunkgo', '糖豆豆', 'http://wx.qlogo.cn/mmopen/FMajU52WvbHCWS6eFutLblmS6NL3EQBffpPoDp0TJzew1oOiamGc3YZVhdfEApIHibqntDb9xsOkl2kGQpjicibvGUqRERnk67t1/0', 1, '', 0),
(1418, 'o72NAt-D8VsLNOxXKOqd5wgIx9d4', '唐龙', 'http://wx.qlogo.cn/mmopen/FMajU52WvbEt7xmiaUX2g4ZoxyST37fgUYSAO99Fuz35icTDvwTBV0V8qpLuZS1JAILW34QR8GKC8xAYPE9HFPhw/0', 1, '', 0),
(1419, 'o72NAt52vp1_K_Ip6MizIksAB_PU', 'lzy', 'http://wx.qlogo.cn/mmopen/8uI2QPoOQRT5ZXWX1aVLEZQbE3ucmiaETVYDOYiatLL8n4icUhkicT1asew9pqZF6J5erls85hdtMznnXX3h8xr764QxSOAHTLYJ/0', 1, '', 0),
(1420, 'o72NAt1afAdTjbiTCIn4eo9_PpS0', '邹勤', 'http://wx.qlogo.cn/mmopen/qoeLU7RsoOtTaiboGmKCm3YqR1GcZZ2EMGeKiaRticSnUq4NHmazXFjDVV4cFxp5icJX5GG4ibyJcrKcO4AL7ccYnibc1zoxzyTgId/0', 1, '', 0),
(1421, 'o72NAt8WuIFK9v9r3JYber4TxWrM', '王冬', 'http://wx.qlogo.cn/mmopen/ajNVdqHZLLCxZjdzvv2iclyRHS0rw9hhwpShRFwmPTm3Hh2yKkYTB3Tbsx1RehnksqicoBtricfCMvibsXE7pAozgK2Xn9WXrzTk86wZ0FSwR68/0', 1, '', 0),
(1422, 'o72NAt_lAH2t6LKjz5PCc9nkzEoM', '我是大春', 'http://wx.qlogo.cn/mmopen/ajNVdqHZLLCxZjdzvv2iclyRHS0rw9hhwUXmiaef09UG6MqToNbaemnBBEWt9EMbm1DHHsZ8MbMnv3SB8yd6OOlDWCNWW38wdg0j0tbIzXmAQ/0', 1, '', 0),
(1423, 'o72NAt4z-sB0egmIZfYpaY_vBHC0', '蒙面小侠', 'http://wx.qlogo.cn/mmopen/8uI2QPoOQRRmI9C8GQLB5xkQ9W2VMkpPhsISCGBSO1eAvLz4gF4PUYITQ8ZSvXgnv1bcqic9lfvMIHTypicOM10Vtf8XKvh1FH/0', 1, '', 0),
(1424, 'o72NAt3BdHpaZ7_XrAm45TG2AdMs', '米月', 'http://wx.qlogo.cn/mmopen/FMajU52WvbGoppbaybbFVibEcwNUXjGhzXFX16TtdWtdbicrEaYuW8s0bswSccG6s8E9Nr89BKqhPt8BDRZfUALlxwC8cjsZhr/0', 1, '', 0),
(1425, 'o72NAtybEapzS7HgoPIzWtR6iuh8', '、Autumn', 'http://wx.qlogo.cn/mmopen/y9mTy3c9LTvJxcqibIXv5NYA9SJ6fLnUibEFCM7KIVTA8qUFgRNjxXxzoLw7wHnFDhLus13icGvFEibxV9czdw1xiavU0eibAhQ4hN/0', 1, '', 0),
(1426, 'o72NAt9iOQPJZt_Ra4RqcmPZoCJY', 'fine horse颜堃鑫', 'http://wx.qlogo.cn/mmopen/Q3auHgzwzM6cwacbxvoNLhZ3ujXHEZWicwYXTqbJP61L1ZPJl9OnPpNZaxjDiaqCuXQX8Ujqp3VicoCvVwzHtbTGo8tKCNHu5z7WuHUYakKzUs/0', 1, '', 0),
(1427, 'o72NAt0J1W9Ek3k1WT67IJFWcu98', '我不是黄蓉', 'http://wx.qlogo.cn/mmopen/qoeLU7RsoOveiaacqhVR2XD0bYvCHDlTv3rNpqZiaIXR73Yhv3R0kpaYX5XUFpOn6XBV72jobKickvXBiatCjdN28flmll7AY6mQ/0', 1, '', 0),
(1428, 'o72NAt6t943mIBB_9xmuF5CyACjc', '周天', 'http://wx.qlogo.cn/mmopen/q5Oz9CVNAOiafxp2uIQFibUcMkJ8o2rEIhfnPKYDezS7UlUf36AwIEMTric54b24sS6U04zOOCs6wM1Y3puiaaJdicGP3HV5j8Nm2/0', 1, '', 0),
(1429, 'o72NAt_jQiynmcyqgtdWAnGIx3dY', 'Sweet--hope', 'http://wx.qlogo.cn/mmopen/FMajU52WvbFrynSMD80Xymiap3ibJ88OTYdkh04SWfAlPFBBibRTlxgKaUEbcadggGo3oaGeS2ibBW6kZibEDicI3SAI9MMS7FsdlO/0', 1, '', 0),
(1430, 'o72NAt6V0v9zWBKjbKmxd3OvVsCU', '李德芳', 'http://wx.qlogo.cn/mmopen/q5Oz9CVNAOiafxp2uIQFibUe9icgianNEkXN357WYkc0w3FtHD2Zk1HJAomelyUbnuBvx3eGZMxFawZias5rCWyR0YaIVKsJrsFtI/0', 1, '', 0),
(1431, 'o72NAt-i0qVKRM6WUFYLsQWyF7rc', '耕夫', 'http://wx.qlogo.cn/mmopen/IhU3HFSL9Hia9FYx7CibQBvLDTF3iaibtSRxWUUfQTS8k0MTyAXOyze6ibKyBe7lDdcmiauE4SiaNXIrzL5ZhM589fhkhqkuRgd9DgG/0', 1, '', 0),
(1432, 'o72NAt9bhtReqCqK7DhQGunSECvg', '玲妹妹', 'http://wx.qlogo.cn/mmopen/Q3auHgzwzM61AZOBsYGAcYFDr4CZ3PKDOAtg8mAwFTOdcmEheGvfibTH0JoWK7DlWWsbB4TxUyB0POB1nAuKqD01mWpFlGreqWT5ClfibjmG8/0', 1, '', 0),
(1433, 'o72NAt0KU_R0C7EE05MpzXZE595c', '胡洪川', '', 1, '', 0),
(1434, 'o72NAtypR_fg8oFNxfKTfW7ACggY', '熳悠悠', 'http://wx.qlogo.cn/mmopen/IhU3HFSL9Hia9FYx7CibQBvBtr9DyG0lPR5gYxbScKMoQvZt6R795u0ttx3Z3NDXh5IVFicNRzBJz7BAVnFEICMHzeicd1xxhMc1/0', 1, '', 0),
(1435, 'o72NAtzEmosi2KEavZHAsh4wXn7k', '行走在路上', 'http://wx.qlogo.cn/mmopen/qoeLU7RsoOt8bNPeCtj14TOXyD17P7m9MM7EV573Z3BkqrNWxicJvWsPHdpqAoBB3YPJX6VAF7PQU7VbdEyibOKE3SIkOmq0IF/0', 1, '', 0),
(1436, 'o72NAt3jZ0lvO0uftokpvBL8Pkds', '清清', 'http://wx.qlogo.cn/mmopen/8uI2QPoOQRQPEqYuX7wpCMYmqicMtP9mlMdH68ra1HzcZl8hKkAZsV0StcYE8LicjNyAiaRiaqKOxg9tCS1nJxiaJvgptPe5Hbyia2/0', 1, '', 0),
(1437, 'o72NAt5JPzuf0wYBD0DqKN8UBbBk', '梧桐', 'http://wx.qlogo.cn/mmopen/qoeLU7RsoOs6h9JNp6tvExaibxNfNMicdEAWgKVzK44iamyEpwQT4mvibjNmDM67OqvpgYlBurPz0PNvpCPd8K4AtXHNJRfuMiaSf/0', 1, '', 0),
(1438, 'o72NAt2jAk2ow9whdGgPVbt7p-38', '无言的结局', 'http://wx.qlogo.cn/mmopen/IhU3HFSL9HiahQoMaOsh5t7kAaKX9fJbgYa1MPckKwLFS84FsrckkIjBXIDS27WLD7KPqJmdGvEteh6QjrlmicB1KdKUbE3Ztw/0', 1, '', 0),
(1439, 'o72NAt9jDZ1eRYSLf0yp19OVGT2E', 'Joker', 'http://wx.qlogo.cn/mmopen/IhU3HFSL9HgHIddibFWlJ7mtsfCtP9ZrTQTgrj1ibB8sA79sLukhoyAQdsAickQSKOia5EpxA16BnBvrsaRqKBYtAziatTpO5KWFk/0', 1, '', 0),
(1440, 'o72NAt0ZZt_NEpEbZP-3mkueXt8I', 'Reuben', 'http://wx.qlogo.cn/mmopen/qoeLU7RsoOs7b5JHLsJicS9OTqEeViaiaRLP2yfRNFFVzfs9YwT1OfjhxkUzOKFK8AzGgMT3cVaQZwUILQ3zjFYTl79V7iaicgwKic/0', 1, '', 0),
(1441, 'o72NAtyus-7AQo37Mlf9c2IXNTto', '熊二', 'http://wx.qlogo.cn/mmopen/IhU3HFSL9Hiak4KyPFQD5RWNNsOsIyd45bOtuKZn9czgpsXuXuNt0y6YnLnxhSF2zKICYSicL46dDblRMYe8bOKGqZgnlFu4JU/0', 1, '', 0),
(1442, 'o72NAt9fsu1m1HNESgdsOkJ2AwN4', '小伟', 'http://wx.qlogo.cn/mmopen/8uI2QPoOQRRTCuhoqWO5JPwKKrEBz5dRicboibPpia0PIIu32Xn1vyg5IjQFsMpvJptjpMdPGwR3YiakS3zcgIZ7icvlLBoibB3C2ia/0', 1, '', 0),
(1443, 'o72NAt0QMeGA6QgJhJIWBGwqIA5A', '文氓', 'http://wx.qlogo.cn/mmopen/IhU3HFSL9HiatZmUukOwicdibib0vpK58hoLyj2Hbw5eciaIicb6TaMEcDKC9RicUV2f2fpJKwrJPlianDMtByrtV4so7dZaFicrtlpo0/0', 1, '', 0),
(1444, 'o72NAt9Xe953gc14iMyTYfxM853w', '大姐', 'http://wx.qlogo.cn/mmopen/8uI2QPoOQRTCib7KImV9RwsoegSbenuvZedK5IyJjDof9DEcKUQarickbH4qfduU7MTIJia8k3nub0vUsWpWI2fPPXcYBzfKZ5q/0', 1, '', 0),
(1445, 'o72NAt8TB-BDsz8PYz5Gy315u-Js', 'HUM', 'http://wx.qlogo.cn/mmopen/8uI2QPoOQRQmYLqZ5lWpOOIDdiauJJSQnuhGq2a04CIS80tU0CaEETJM0V5UHWoia05vdgIk26uBOJtgiap2UWhPe7ySiaZiaUQvQ/0', 1, '', 0),
(1446, 'o72NAtzfXzbNhCRytqe3c8OUKGq0', 'vactory', 'http://wx.qlogo.cn/mmopen/qoeLU7RsoOuX3TeG19vCCDEvdQYJbTAicia6fm8xNMJrz623Pw0nynqzv4At9Jfdabe31bU6QiakB0Hc6MV28wG4WWbK2853MwT/0', 1, '', 0),
(1447, 'o72NAt-lgo7a_mv7-p3ZWmppAYz0', '杨星海', '', 1, '', 0),
(1448, 'o72NAt4EdoLT3LEJYDhQ4XfJP9gI', '格格', 'http://wx.qlogo.cn/mmopen/8uI2QPoOQRQJv42r3ibpH3EhbIh07CLCNMFqVM54VOrmJ9BXsYVODPG78Z8wwutbPDiaINE6jNetotFQtmsEX7OQ/0', 1, '', 0),
(1449, 'o72NAtxVZCAnOJ_T_YZghgrhQf9g', '  岁月•如歌', 'http://wx.qlogo.cn/mmopen/8uI2QPoOQRRvpA8I3AYA36dJs2u0AicpRLNVXFLL3V59KNIJye383y1vysN62qhBbeIszIcJRaFjoDqrtJ7iapYVaoozHF9hdX/0', 1, '', 0),
(1450, 'o72NAt7oa-Yp8SRRO-ozV3Kxd-LI', '列宁', 'http://wx.qlogo.cn/mmopen/IhU3HFSL9HgxDqFYicUFZtbpXI73Xt46cYTvuYlStu91YEA8behdy0br2mWsG9jIiaCV4W1sl721csibRibUYA6n8xoqvL0IVnrt/0', 1, '', 0),
(1451, 'o72NAt9ZHhPvebGxWxEnI7QKVLMI', '不停', 'http://wx.qlogo.cn/mmopen/qoeLU7RsoOu8SXgibamefibt8dI5th3MS1An53m2SDGcGnTOH30XRkhiaiaTZOFpgBLxQzq6JmM9xef1FcJA7xceOoGxGpMZn3mr/0', 1, '', 0),
(1452, 'o72NAt3i0v1L4cw33nEaIMmp2O1k', '妈丶有猪咬我', 'http://wx.qlogo.cn/mmopen/IhU3HFSL9HhZg4GjkKqy8FNdepiaQQtibQktOCGCh9Fp857xwmn89WuGjh4J5P3KJCkk1Gkn7cIo6vkDL6miaYvw2o2EKibaiar9Z/0', 1, '', 0),
(1453, 'o72NAt2ivFQu4eCJHwrQEHljolTk', '大大', 'http://wx.qlogo.cn/mmopen/IhU3HFSL9Hia9FYx7CibQBvBEJkgic2A398cNkdGdTabvqyFlnUUIMmCibyaL2jHhqtRJN5DiaTZ11yCLqr8hBBvib0YQRgUibR5WVF/0', 1, '', 0),
(1454, 'o72NAt7ljxkrVggOfJKkwtBuoZEQ', '飞翔', 'http://wx.qlogo.cn/mmopen/qoeLU7RsoOs6h9JNp6tvE3563VkqtQ0bGibtmptKLK9ulaibTiadzdMdglZSfkhzxAGicI6a9wY2Kqfe8Trb18Kgt5C7Abha9wah/0', 1, '', 0),
(1455, 'o72NAtw63RaBsyugLlQhICwDkv5c', '打不死的海马吃恐龙', 'http://wx.qlogo.cn/mmopen/qoeLU7RsoOtSf60WMhLOumibChh444eRumibVtvC7DA6ebuTP0fPiaSWa2Q3BDjyaM3BryhSmGp0gFgVzoUsW2GxxGduVuQD8Kc/0', 1, '', 0),
(1456, 'o72NAt2UKrJAjTxFfolhCGx8kDn0', '于明俐', 'http://wx.qlogo.cn/mmopen/PiajxSqBRaEJiaq1x9fibmKStvJv1065sdRhAYkGzcmt9hSWIhicXubs5H7MwOhfmffHjviba8vbTFvibUUxDWfRgtXQ/0', 1, '', 0),
(1457, 'o72NAt2xFCbAb9JHFz5LClPuohl8', 'Xu SS', 'http://wx.qlogo.cn/mmopen/qoeLU7RsoOs65s2ShXmwVzP4NQLTfVd8OJqoPWdP6Zy2rKPU0QTSQKt727LZszdoGmSHyaDPEdRCRmicCYxraBKmYHJKZOuicz/0', 1, '', 0),
(1458, 'o72NAt6dUYdCgliWdoOat3GvHoVs', '周璇（紫涵）', 'http://wx.qlogo.cn/mmopen/qoeLU7RsoOs7b5JHLsJicS1P8ZLvbyFDoOCiaiasZOyJjElOtjicvQMbxHR5k1kUsiaGTv6lgeFicmJf5qt9TIRKSRADqf4k8UHj6ia/0', 1, '', 0),
(1459, 'o72NAt4BeBXNckFECIM9t-UALKqQ', 'lxp', 'http://wx.qlogo.cn/mmopen/Q3auHgzwzM6cwacbxvoNLhZ3ujXHEZWicttAthGlujibKKroQu0nNOAJhenic4Q3us44ibY7IcLsoiaJ8LNjibG94Vm53eqRddxuz3usleIVyq0z0/0', 1, '', 0),
(1460, 'o72NAty5beYjqQyoEB01dcXUrDKc', 'Mr.坏', 'http://wx.qlogo.cn/mmopen/qoeLU7RsoOvxMAmWyBFq9f4pozAYTw6YC2G2kqB8Dj6vDY7gBFp4c8GtO1ktiaTu7VxiamTVvN56fRFwSUQ4Oo7FXcswMRFzoP/0', 1, '', 0),
(1461, 'o72NAt7rRuOBWCz9ZqUcM9bGCerk', '通天河️', 'http://wx.qlogo.cn/mmopen/IhU3HFSL9HjYPZ99wIRSd0KASekNw9c2z6JT1KYd2sEiauIyTnQ8p2xFaSJomvzBJXQLENf9eE9yhzuV6qMTZC05KSfrS5pvg/0', 1, '', 0),
(1462, 'o72NAt9RzSC9k3gd0EzRRDpZGj-8', '土豆', 'http://wx.qlogo.cn/mmopen/PiajxSqBRaEK02ndWPMBLG7ZfYhbfNzBuKTSUoHZP69QEJiaBzbJmsZMvzKANWTyNSaa2XLABgwDRhvm5jQ8UEeg/0', 1, '', 0),
(1463, 'o72NAt1Qcmv3yQZWmQobWLi-7RCQ', '申志彬南方迪马', 'http://wx.qlogo.cn/mmopen/8uI2QPoOQRQE0qk9SpmVgtZ2jyQqkbp7Au3J9DQtu807NDfykYCjrRN9Fmdics2fNeyic94ibAn3cuttWhJB3SAiaLykTFdqhfoia/0', 1, '', 0),
(1464, 'o72NAtxZydaEOf9StJ_t7vVn0nkk', '咼欣怡', 'http://wx.qlogo.cn/mmopen/qoeLU7RsoOs6h9JNp6tvE8PuTsGps87emoAEqtXPXRrYictkblOZttSllGHKfichLhllcHk5Ww4d66Ld0y4luOwf6nj70QA7FH/0', 1, '', 0),
(1465, 'o72NAtzjXkfpUXQN2ILGpaF9lqJY', ' lemontree', 'http://wx.qlogo.cn/mmopen/qoeLU7RsoOvuXIFRHXWAvQuiciaicv5niaGlbaxAmXGPHDWvPufBtGQ8m40rz4vBicQkPdRvs4TQDvqZbA27HoxfYUX1AhNoMd1HZ/0', 1, '', 0),
(1466, 'o72NAt2hLdgtUZMkds4noTAdVryk', '汪文', 'http://wx.qlogo.cn/mmopen/qoeLU7RsoOuNnBIIZ2Pqa6MdTMWX2WOpm7prlEYibn6ibLiabyy2KECcbfYpC2pBwux67rz6tibeFLnIkkINg0Ns7icceLCTfKDpd/0', 1, '', 0),
(1467, 'o72NAt9O1c-jXb8snds9mSLtIKhk', '董志', 'http://wx.qlogo.cn/mmopen/8uI2QPoOQRQPw1NWhJH3eZtKpuYf5U3dJDZg33CJOIRgKKdWh6iaEXibD6unTTz7ybiatFJ88pmeZ4G82XTDRjUwoErAdB9zVgh/0', 1, '', 0),
(1468, 'o72NAt6E5GBa2dErVykf5sjM31Aw', '矮穷矬', 'http://wx.qlogo.cn/mmopen/IhU3HFSL9HhVMRibXJocfWmBI9c6CBibPSibzCObAzpFSQIfVyG32QBR17a3zsF7awnujYurb4bCIXBNjDbI88n5pWufONRbFicR/0', 1, '', 0),
(1469, 'o72NAtyTRqFS3Ni7ddbiZdUTbHHw', 'piu☝️', 'http://wx.qlogo.cn/mmopen/8uI2QPoOQRTHtg6ZxlV8htLxiatvoKVqy4yMbzJTt0LNiaggfeNG1aNQROGAsIuCjP9fb8YsI2HNgPSj8AB8dB68JlKA7LWNfS/0', 1, '', 0),
(1470, 'o72NAt-ns75eeQatJ-tIG_XEId9A', '自由', 'http://wx.qlogo.cn/mmopen/qoeLU7RsoOuib5GwCkaTuZT3DUmpcsnMRxajmRZ2ibCKuqzWb2kxfOlaSzq5yAblACibTicA7fjSjV6iabPJY8iblvHrOn2xmyrNru/0', 1, '', 0),
(1471, 'o72NAt2fo-l7iErzRBm0k0MGVuck', '鱼小鱼', 'http://wx.qlogo.cn/mmopen/qoeLU7RsoOuIzWNeNicIprPsYFFutVFsibVg8ZZx1ta2VSR9ljibpUYfJiavAJSUJPwRDgmaquLdEbmtDx7nMlKkHUspye50I8E6/0', 1, '', 0),
(1472, 'o72NAtzI43EzvjSn7HT25yX8Djes', 'guoyi', 'http://wx.qlogo.cn/mmopen/FMajU52WvbFFR24FvCTyZU5QkkHh3Telsic66etyaV3XhVPvChz4jv007w1wbicRKu5zrD4eO9z9ibCpsJZy3icNVEQdtVEv8f7a/0', 1, '', 0),
(1473, 'o72NAtxl37kqH50dxVvHIRBuEa5E', '邬明', 'http://wx.qlogo.cn/mmopen/8uI2QPoOQRQbhYPFdS7lp5t49vGFVswa9pttKnTDGUs9Sv9Td80mlJhsZfRsExEbY5WgPlhxtLQ0iayfNMycysuibeFXqS2cB0/0', 1, '', 0),
(1474, 'o72NAt_kFe4nGLcdYjvSD9zoVNmQ', 'A-隔壁谭大爷', 'http://wx.qlogo.cn/mmopen/FMajU52WvbFkg9SOOQajUhRtrFiakokIXAO5UmkCq1FnyJW1cibcFofrsyDcJGQiaXVXwhormZSvz2MhUKbyQYyFmReNdaxacibU/0', 1, '', 0),
(1475, 'o72NAt0-Gf2g4UNBLjvCv5tETsfQ', '张张张zhang', 'http://wx.qlogo.cn/mmopen/ajNVdqHZLLAianpqibMUQXGHvEMgKqYuG9NuhaNYLndujb21mbuekiayHrdTmiazr4pf1P6qY56Hh5mBVSQTnCIp1BT69gUteKMKZorqCpibL3Is/0', 1, '', 0),
(1476, 'o72NAt_t0bQD4H1BRfOFGXd3Nn2Y', '舞武唱写', 'http://wx.qlogo.cn/mmopen/8uI2QPoOQRQE0qk9SpmVggMibdqYd25ictCNVJjtZJGeZCVOfFL0kGBnHW23sWibxWj3zquKZiaDe86tGT2kjz6YPPkMb8SPyax9/0', 1, '', 0),
(1477, 'o72NAt3uxaaQROGDznhHxbcehr_8', '仰天一笑', 'http://wx.qlogo.cn/mmopen/FMajU52WvbF8DHOiccwy9V1Vmm6ESQ3JicJ5IticlbkSGC9XFkp9W36qJfJvXYZo4KnE5L1oYtfu47xMKPdVT5BEVFw7DibXITkO/0', 1, '', 0);

-- --------------------------------------------------------

--
-- 表的结构 `user_praise`
--

CREATE TABLE IF NOT EXISTS `user_praise` (
  `id` int(11) NOT NULL AUTO_INCREMENT,
  `user_id` int(11) DEFAULT NULL,
  `time` date DEFAULT NULL,
  `school_id` int(11) DEFAULT NULL,
  PRIMARY KEY (`id`)
) ENGINE=InnoDB  DEFAULT CHARSET=utf8mb4 AUTO_INCREMENT=409 ;

--
-- 转存表中的数据 `user_praise`
--

INSERT INTO `user_praise` (`id`, `user_id`, `time`, `school_id`) VALUES
(1, 169, '2015-10-03', 2),
(2, 169, '2015-10-03', 4),
(3, 169, '2015-10-03', 3),
(4, 172, '2015-10-03', 2),
(5, 172, '2015-10-03', 7),
(6, 174, '2015-10-03', 2),
(7, 163, '2015-10-04', 2),
(8, 163, '2015-10-04', 9),
(9, 163, '2015-10-05', 2),
(10, 172, '2015-10-05', 11),
(11, 163, '2015-10-07', 2),
(12, 184, '2015-10-08', 2),
(13, 197, '2015-10-09', 43),
(14, 197, '2015-10-09', 6),
(15, 203, '2015-10-09', 43),
(16, 207, '2015-10-09', 45),
(17, 215, '2015-10-09', 35),
(18, 216, '2015-10-09', 3),
(19, 216, '2015-10-09', 12),
(20, 216, '2015-10-09', 14),
(21, 220, '2015-10-09', 6),
(22, 221, '2015-10-09', 8),
(23, 222, '2015-10-09', 43),
(24, 234, '2015-10-09', 35),
(25, 236, '2015-10-09', 14),
(26, 239, '2015-10-09', 35),
(27, 244, '2015-10-09', 14),
(28, 247, '2015-10-09', 6),
(29, 252, '2015-10-09', 6),
(30, 254, '2015-10-09', 26),
(31, 256, '2015-10-09', 6),
(32, 264, '2015-10-09', 30),
(33, 271, '2015-10-09', 6),
(34, 273, '2015-10-09', 30),
(35, 274, '2015-10-09', 2),
(36, 274, '2015-10-09', 30),
(37, 273, '2015-10-09', 35),
(38, 273, '2015-10-09', 5),
(39, 273, '2015-10-09', 8),
(40, 273, '2015-10-09', 11),
(41, 273, '2015-10-09', 6),
(42, 273, '2015-10-09', 2),
(43, 264, '2015-10-09', 2),
(44, 264, '2015-10-09', 10),
(45, 276, '2015-10-09', 12),
(46, 264, '2015-10-09', 12),
(47, 280, '2015-10-09', 30),
(48, 281, '2015-10-09', 22),
(49, 281, '2015-10-09', 17),
(50, 281, '2015-10-09', 6),
(51, 281, '2015-10-09', 13),
(52, 284, '2015-10-09', 3),
(53, 284, '2015-10-09', 2),
(54, 284, '2015-10-09', 5),
(55, 284, '2015-10-09', 8),
(56, 287, '2015-10-09', 13),
(57, 288, '2015-10-09', 33),
(58, 291, '2015-10-09', 8),
(59, 292, '2015-10-09', 61),
(60, 293, '2015-10-09', 33),
(61, 297, '2015-10-09', 17),
(62, 297, '2015-10-09', 2),
(63, 296, '2015-10-09', 5),
(64, 294, '2015-10-09', 2),
(65, 294, '2015-10-09', 17),
(66, 294, '2015-10-09', 24),
(67, 298, '2015-10-09', 53),
(68, 300, '2015-10-09', 23),
(69, 303, '2015-10-09', 30),
(70, 294, '2015-10-09', 3),
(71, 294, '2015-10-09', 4),
(72, 304, '2015-10-09', 33),
(73, 307, '2015-10-09', 17),
(74, 310, '2015-10-09', 33),
(75, 311, '2015-10-09', 30),
(76, 312, '2015-10-09', 33),
(77, 311, '2015-10-09', 35),
(78, 315, '2015-10-09', 3),
(79, 320, '2015-10-09', 33),
(80, 318, '2015-10-09', 16),
(81, 318, '2015-10-09', 5),
(82, 323, '2015-10-09', 30),
(83, 325, '2015-10-09', 33),
(84, 324, '2015-10-09', 30),
(85, 328, '2015-10-09', 16),
(86, 331, '2015-10-09', 2),
(87, 327, '2015-10-09', 33),
(88, 337, '2015-10-09', 33),
(89, 341, '2015-10-09', 2),
(90, 342, '2015-10-09', 17),
(91, 343, '2015-10-09', 2),
(92, 350, '2015-10-09', 35),
(93, 364, '2015-10-09', 35),
(94, 365, '2015-10-09', 13),
(95, 372, '2015-10-09', 43),
(96, 382, '2015-10-09', 2),
(97, 390, '2015-10-09', 7),
(98, 383, '2015-10-09', 2),
(99, 383, '2015-10-09', 3),
(100, 393, '2015-10-09', 2),
(101, 376, '2015-10-09', 7),
(102, 376, '2015-10-09', 3),
(103, 376, '2015-10-09', 8),
(104, 392, '2015-10-09', 61),
(105, 376, '2015-10-09', 12),
(106, 376, '2015-10-09', 4),
(107, 376, '2015-10-09', 6),
(108, 397, '2015-10-09', 33),
(109, 399, '2015-10-09', 81),
(110, 389, '2015-10-09', 2),
(111, 409, '2015-10-09', 2),
(112, 411, '2015-10-09', 3),
(113, 414, '2015-10-09', 3),
(114, 406, '2015-10-09', 81),
(115, 384, '2015-10-09', 2),
(116, 183, '2015-10-09', 2),
(117, 183, '2015-10-09', 3),
(118, 183, '2015-10-09', 6),
(119, 429, '2015-10-09', 7),
(120, 443, '2015-10-09', 60),
(121, 381, '2015-10-09', 2),
(122, 441, '2015-10-09', 29),
(123, 450, '2015-10-09', 24),
(124, 406, '2015-10-09', 11),
(125, 406, '2015-10-09', 39),
(126, 461, '2015-10-09', 21),
(127, 468, '2015-10-09', 35),
(128, 488, '2015-10-09', 30),
(129, 490, '2015-10-09', 36),
(130, 501, '2015-10-09', 29),
(131, 503, '2015-10-09', 2),
(132, 508, '2015-10-09', 17),
(133, 490, '2015-10-09', 3),
(134, 490, '2015-10-09', 2),
(135, 490, '2015-10-09', 27),
(136, 490, '2015-10-09', 4),
(137, 513, '2015-10-09', 13),
(138, 515, '2015-10-09', 5),
(139, 498, '2015-10-09', 29),
(140, 526, '2015-10-09', 13),
(141, 527, '2015-10-09', 17),
(142, 528, '2015-10-09', 4),
(143, 479, '2015-10-09', 22),
(144, 514, '2015-10-09', 43),
(145, 514, '2015-10-09', 6),
(146, 514, '2015-10-09', 40),
(147, 514, '2015-10-09', 39),
(148, 514, '2015-10-09', 24),
(149, 514, '2015-10-09', 2),
(150, 514, '2015-10-09', 5),
(151, 514, '2015-10-09', 45),
(152, 514, '2015-10-09', 3),
(153, 533, '2015-10-09', 2),
(154, 535, '2015-10-09', 36),
(155, 548, '2015-10-09', 17),
(156, 549, '2015-10-09', 13),
(157, 496, '2015-10-09', 24),
(158, 496, '2015-10-09', 29),
(159, 496, '2015-10-09', 80),
(160, 285, '2015-10-09', 2),
(161, 285, '2015-10-09', 3),
(162, 559, '2015-10-09', 17),
(163, 560, '2015-10-09', 2),
(164, 563, '2015-10-09', 17),
(165, 567, '2015-10-09', 17),
(166, 570, '2015-10-09', 17),
(167, 569, '2015-10-09', 17),
(168, 572, '2015-10-09', 17),
(169, 575, '2015-10-09', 17),
(170, 576, '2015-10-09', 45),
(171, 574, '2015-10-09', 64),
(172, 574, '2015-10-09', 6),
(173, 574, '2015-10-09', 2),
(174, 577, '2015-10-09', 4),
(175, 578, '2015-10-09', 10),
(176, 578, '2015-10-09', 17),
(177, 580, '2015-10-09', 64),
(178, 582, '2015-10-09', 6),
(179, 583, '2015-10-09', 17),
(180, 589, '2015-10-09', 36),
(181, 180, '2015-10-09', 2),
(182, 597, '2015-10-09', 64),
(183, 599, '2015-10-09', 43),
(184, 601, '2015-10-09', 17),
(185, 603, '2015-10-09', 13),
(186, 180, '2015-10-09', 3),
(187, 180, '2015-10-09', 4),
(188, 180, '2015-10-09', 5),
(189, 180, '2015-10-09', 7),
(190, 180, '2015-10-09', 8),
(191, 180, '2015-10-09', 9),
(192, 180, '2015-10-09', 10),
(193, 180, '2015-10-09', 11),
(194, 180, '2015-10-09', 12),
(195, 180, '2015-10-09', 13),
(196, 180, '2015-10-09', 14),
(197, 180, '2015-10-09', 16),
(198, 180, '2015-10-09', 17),
(199, 180, '2015-10-09', 21),
(200, 180, '2015-10-09', 22),
(201, 180, '2015-10-09', 23),
(202, 614, '2015-10-09', 17),
(203, 180, '2015-10-09', 6),
(204, 353, '2015-10-09', 2),
(205, 617, '2015-10-09', 13),
(206, 618, '2015-10-09', 17),
(207, 180, '2015-10-09', 61),
(208, 623, '2015-10-09', 17),
(209, 573, '2015-10-09', 17),
(210, 629, '2015-10-09', 27),
(211, 629, '2015-10-09', 64),
(212, 615, '2015-10-09', 13),
(213, 636, '2015-10-09', 17),
(214, 637, '2015-10-09', 13),
(215, 638, '2015-10-09', 13),
(216, 651, '2015-10-09', 53),
(217, 654, '2015-10-09', 17),
(218, 657, '2015-10-09', 36),
(219, 645, '2015-10-09', 2),
(220, 665, '2015-10-09', 53),
(221, 666, '2015-10-09', 2),
(222, 674, '2015-10-09', 53),
(223, 1001, '2015-10-09', 13),
(224, 1002, '2015-10-09', 13),
(225, 619, '2015-10-09', 17),
(226, 1008, '2015-10-09', 53),
(227, 1007, '2015-10-09', 30),
(228, 1010, '2015-10-09', 17),
(229, 1011, '2015-10-09', 53),
(230, 1014, '2015-10-09', 17),
(231, 1015, '2015-10-09', 17),
(232, 664, '2015-10-09', 21),
(233, 1025, '2015-10-09', 53),
(234, 1028, '2015-10-09', 17),
(235, 1030, '2015-10-09', 53),
(236, 1035, '2015-10-09', 7),
(237, 1034, '2015-10-09', 53),
(238, 1037, '2015-10-09', 17),
(239, 1039, '2015-10-09', 53),
(240, 1040, '2015-10-09', 13),
(241, 1041, '2015-10-09', 17),
(242, 1045, '2015-10-09', 53),
(243, 1043, '2015-10-09', 13),
(244, 1047, '2015-10-09', 53),
(245, 1022, '2015-10-09', 53),
(246, 1048, '2015-10-09', 3),
(247, 1049, '2015-10-09', 53),
(248, 1029, '2015-10-09', 53),
(249, 639, '2015-10-09', 81),
(250, 639, '2015-10-09', 2),
(251, 1077, '2015-10-09', 17),
(252, 1078, '2015-10-09', 13),
(253, 639, '2015-10-09', 26),
(254, 639, '2015-10-09', 50),
(255, 639, '2015-10-09', 64),
(256, 1089, '2015-10-09', 53),
(257, 1091, '2015-10-09', 53),
(258, 1095, '2015-10-09', 53),
(259, 1096, '2015-10-09', 4),
(260, 1096, '2015-10-09', 2),
(261, 403, '2015-10-09', 9),
(262, 1105, '2015-10-09', 61),
(263, 1104, '2015-10-09', 53),
(264, 1106, '2015-10-09', 53),
(265, 1108, '2015-10-09', 27),
(266, 1108, '2015-10-09', 26),
(267, 1108, '2015-10-09', 12),
(268, 1108, '2015-10-09', 13),
(269, 1108, '2015-10-09', 35),
(270, 1108, '2015-10-09', 10),
(271, 1108, '2015-10-09', 14),
(272, 1108, '2015-10-09', 29),
(273, 1108, '2015-10-09', 30),
(274, 1108, '2015-10-09', 50),
(275, 1108, '2015-10-09', 4),
(276, 1108, '2015-10-09', 5),
(277, 1108, '2015-10-09', 11),
(278, 1114, '2015-10-09', 53),
(279, 1111, '2015-10-09', 5),
(280, 1122, '2015-10-09', 35),
(281, 1129, '2015-10-09', 2),
(282, 1134, '2015-10-09', 2),
(283, 355, '2015-10-09', 3),
(284, 355, '2015-10-09', 5),
(285, 355, '2015-10-09', 2),
(286, 1138, '2015-10-09', 6),
(287, 1133, '2015-10-09', 2),
(288, 1136, '2015-10-09', 6),
(289, 1147, '2015-10-09', 6),
(290, 1143, '2015-10-09', 4),
(291, 1153, '2015-10-09', 2),
(292, 1154, '2015-10-09', 6),
(293, 448, '2015-10-09', 2),
(294, 1158, '2015-10-09', 21),
(295, 1158, '2015-10-09', 17),
(296, 1167, '2015-10-09', 2),
(297, 1172, '2015-10-09', 30),
(298, 1191, '2015-10-09', 2),
(299, 1189, '2015-10-09', 2),
(300, 1189, '2015-10-09', 5),
(301, 1195, '2015-10-09', 35),
(302, 1203, '2015-10-09', 53),
(303, 1192, '2015-10-09', 3),
(304, 1192, '2015-10-09', 6),
(305, 1208, '2015-10-09', 7),
(306, 1211, '2015-10-09', 2),
(307, 1160, '2015-10-09', 53),
(308, 1222, '2015-10-09', 2),
(309, 1224, '2015-10-09', 2),
(310, 1228, '2015-10-09', 2),
(311, 1232, '2015-10-09', 2),
(312, 1241, '2015-10-09', 16),
(313, 1243, '2015-10-09', 53),
(314, 399, '2015-10-09', 2),
(315, 1247, '2015-10-09', 2),
(316, 1257, '2015-10-09', 2),
(317, 1266, '2015-10-09', 30),
(318, 1271, '2015-10-09', 2),
(319, 1273, '2015-10-09', 6),
(320, 1277, '2015-10-09', 30),
(321, 1278, '2015-10-09', 17),
(322, 1276, '2015-10-09', 6),
(323, 1282, '2015-10-09', 13),
(324, 1295, '2015-10-09', 2),
(325, 1294, '2015-10-09', 7),
(326, 1294, '2015-10-09', 6),
(327, 1300, '2015-10-09', 13),
(328, 1306, '2015-10-09', 6),
(329, 1309, '2015-10-09', 6),
(330, 1321, '2015-10-09', 14),
(331, 1329, '2015-10-09', 53),
(332, 1337, '2015-10-09', 30),
(333, 234, '2015-10-10', 35),
(334, 1345, '2015-10-10', 17),
(335, 1347, '2015-10-10', 17),
(336, 1349, '2015-10-10', 43),
(337, 1346, '2015-10-10', 12),
(338, 1355, '2015-10-10', 53),
(339, 490, '2015-10-10', 36),
(340, 1356, '2015-10-10', 17),
(341, 502, '2015-10-10', 29),
(342, 502, '2015-10-10', 2),
(343, 1362, '2015-10-10', 30),
(344, 1366, '2015-10-10', 53),
(345, 1373, '2015-10-10', 2),
(346, 1373, '2015-10-10', 3),
(347, 1373, '2015-10-10', 4),
(348, 1373, '2015-10-10', 5),
(349, 1373, '2015-10-10', 6),
(350, 1373, '2015-10-10', 39),
(351, 1373, '2015-10-10', 17),
(352, 489, '2015-10-10', 2),
(353, 489, '2015-10-10', 3),
(354, 489, '2015-10-10', 5),
(355, 1378, '2015-10-10', 17),
(356, 1379, '2015-10-10', 17),
(357, 1379, '2015-10-10', 10),
(358, 1381, '2015-10-10', 53),
(359, 1385, '2015-10-10', 17),
(360, 343, '2015-10-10', 2),
(361, 343, '2015-10-10', 50),
(362, 501, '2015-10-10', 29),
(363, 1158, '2015-10-10', 17),
(364, 1398, '2015-10-10', 17),
(365, 1397, '2015-10-10', 17),
(366, 1399, '2015-10-10', 17),
(367, 1400, '2015-10-10', 17),
(368, 1401, '2015-10-10', 17),
(369, 1403, '2015-10-10', 17),
(370, 1405, '2015-10-10', 17),
(371, 1407, '2015-10-10', 17),
(372, 1410, '2015-10-10', 17),
(373, 282, '2015-10-10', 26),
(374, 1424, '2015-10-10', 17),
(375, 1425, '2015-10-10', 23),
(376, 1428, '2015-10-10', 17),
(377, 1427, '2015-10-10', 17),
(378, 1429, '2015-10-10', 30),
(379, 1433, '2015-10-10', 17),
(380, 1436, '2015-10-10', 17),
(381, 264, '2015-10-10', 9),
(382, 264, '2015-10-10', 30),
(383, 1439, '2015-10-10', 17),
(384, 1440, '2015-10-10', 53),
(385, 1441, '2015-10-10', 30),
(386, 1442, '2015-10-10', 2),
(387, 1445, '2015-10-10', 53),
(388, 399, '2015-10-10', 81),
(389, 1447, '2015-10-10', 17),
(390, 578, '2015-10-10', 17),
(391, 601, '2015-10-10', 17),
(392, 300, '2015-10-10', 23),
(393, 665, '2015-10-10', 53),
(394, 1451, '2015-10-10', 36),
(395, 1282, '2015-10-10', 13),
(396, 441, '2015-10-10', 29),
(397, 1461, '2015-10-10', 17),
(398, 311, '2015-10-10', 30),
(399, 311, '2015-10-10', 35),
(400, 1469, '2015-10-10', 17),
(401, 1470, '2015-10-10', 61),
(402, 1471, '2015-10-10', 13),
(403, 1474, '2015-10-10', 53),
(404, 1472, '2015-10-10', 2),
(405, 1476, '2015-10-10', 53),
(406, 1475, '2015-10-10', 13),
(407, 1472, '2015-10-10', 9),
(408, 1472, '2015-10-10', 23);

-- --------------------------------------------------------

--
-- 表的结构 `user_president`
--

CREATE TABLE IF NOT EXISTS `user_president` (
  `id` int(11) NOT NULL AUTO_INCREMENT,
  `user_id` int(11) DEFAULT NULL,
  `content` varchar(300) DEFAULT NULL,
  `time` date DEFAULT NULL,
  `president_id` int(11) DEFAULT NULL,
  `father_id` int(11) DEFAULT NULL,
  `status` int(11) DEFAULT '0',
  `school_id` int(11) DEFAULT NULL,
  PRIMARY KEY (`id`)
) ENGINE=InnoDB  DEFAULT CHARSET=utf8mb4 AUTO_INCREMENT=367 ;

--
-- 转存表中的数据 `user_president`
--

INSERT INTO `user_president` (`id`, `user_id`, `content`, `time`, `president_id`, `father_id`, `status`, `school_id`) VALUES
(1, 166, '学姐，一直都很佩服你哦*^_^*，作为''主席团中唯一一名女性，你有着不输于男儿的魄力和决断，又有着女子的温婉睿智，你是西大女生的骄傲^ω^', '2015-10-03', 57, 0, 1, 2),
(2, 169, '学长好哦，我知道你为了学生会付出了好多好多，但是收获的是知心的朋友，过硬的本领，还有一个美好的未来，西大以你为荣，加油！', '2015-10-03', 53, 0, 1, 2),
(3, 166, '学长，还是那么的霸气侧漏，你一定要继续带领我们走下去哦(^_^)', '2015-10-03', 60, 0, 1, 3),
(4, 169, '辛苦啦学长，看到你如此辛苦的工作，为同学们服务，真的是好感动哦，学生会在你的带领下，会越来越好的，奉上最真诚的感谢！', '2015-10-03', 60, 0, 1, 3),
(5, 170, '辉煌背后的辛酸，很少人能懂', '2015-10-03', 54, 0, 1, 2),
(6, 2, '谢谢你！只要你想，你也可以！', '2015-10-03', 0, 1, 1, 2),
(7, 2, '谢谢！也祝福你能在大学好好锻炼自己，收获自己想要的未来！', '2015-10-03', 0, 2, 1, 2),
(8, 166, '学长，未来还在继续，你的辉煌也一定要继续哦，我会一直支持你的，加油\\^O^/', '2015-10-03', 70, 0, 1, 4),
(9, 170, '忙碌工作中依旧不忘初心', '2015-10-03', 60, 0, 1, 3),
(10, 166, '帅帅萌萌的学长，你一直是我们的标杆，无论生活和学习，要一直下去哦，你的自信决断就是对我们最好的鼓励。', '2015-10-03', 66, 0, 1, 5),
(11, 2, '谢谢亲的理解！', '2015-10-03', 0, 5, 1, 2),
(12, 166, '学长，你知道你的魅力有多大吗！今后要继续加油啊，你一定要记住，我们会永远支持你\\^O^/', '2015-10-03', 82, 0, 1, 6),
(13, 169, '严肃认真的学长你好哇，看到你们如此辛苦的工作，好感动内，希望你们以后能够再接再厉，再创辉煌！', '2015-10-03', 66, 0, 1, 5),
(14, 169, '你有过硬的实力，还有温和的态度，同学们以你为自豪，向你致敬，加油！', '2015-10-03', 82, 0, 1, 6),
(15, 166, '啊啊啊，学长，同为万州人，你是我的偶像，加油，来自万州的学妹会一直支持你\\^O^/', '2015-10-03', 347, 0, 1, 7),
(16, 170, '谁说女子不如男，加油，我看好了哟', '2015-10-03', 71, 0, 1, 4),
(17, 170, '能力与相貌并存', '2015-10-03', 67, 0, 1, 5),
(18, 170, '一个优秀不算优秀，工作与学习同等优秀才是真正的优秀', '2015-10-03', 82, 0, 1, 6),
(19, 170, '高大体型也可以很优秀', '2015-10-03', 88, 0, 1, 7),
(20, 3, '谢谢！我和小伙伴都会加油的！', '2015-10-03', 0, 3, 1, 3),
(21, 170, '美美的你用实力证明你不是花瓶', '2015-10-03', 93, 0, 1, 8),
(22, 3, '不辛苦，我和小伙伴会继续努力的服务大家！', '2015-10-03', 0, 4, 1, 3),
(23, 170, '繁忙工作是生活的点缀', '2015-10-03', 102, 0, 1, 9),
(24, 170, '干脆利落的你我最喜欢，加油', '2015-10-03', 110, 0, 1, 10),
(25, 169, '棒棒哒主席你好，在这里感谢你们辛勤的奉献，祝你们学业有成，事业辉煌啊！', '2015-10-03', 88, 0, 0, 7),
(26, 166, '学姐，我们大工商的骄傲，永远棒棒哒～～', '2015-10-03', 93, 0, 1, 8),
(27, 169, '美女主席你好哦，看到你为学生会如此操劳，好感动内，不过学生会能有今天的成绩相信你们也是欣慰的，加油！', '2015-10-03', 93, 0, 1, 8),
(28, 166, '漂亮的霖霖姐，一看见你就忍不住给你留言，你怎么就能这么漂亮优秀呢≥﹏≤好幸运和你一所学校，今后一起加油吧\\^O^/', '2015-10-03', 102, 0, 1, 9),
(29, 170, '在你身上看到了生活就要充实', '2015-10-03', 130, 0, 1, 13),
(30, 5, '谢谢你的赞赏！愿我不会让你们失望！', '2015-10-03', 0, 10, 1, 5),
(31, 5, '谢谢！这是我们应该做的！', '2015-10-03', 0, 13, 1, 5),
(32, 5, '谢谢你！', '2015-10-03', 0, 17, 1, 5),
(33, 170, '即使身材娇小，也可以撑起一片天空，我佩服你', '2015-10-03', 123, 0, 1, 12),
(34, 169, '学姐严谨的工作作风令我们大为感动，你们的汗水不会白流，为你们点赞啊！', '2015-10-03', 100, 0, 1, 9),
(35, 170, '努力工作的你是最美的', '2015-10-03', 117, 0, 1, 11),
(36, 6, '不知道呢，哈哈。。。谢谢你！我会继续努力做好本职工作的。', '2015-10-03', 0, 12, 1, 6),
(37, 170, '帅帅的你，，棒棒的你，，加油↖(^ω^)↗', '2015-10-03', 62, 0, 1, 3),
(38, 169, '文艺青年的姐O(∩_∩)O你好，感谢你为学生会付出的一切，加油，你是最棒哒', '2015-10-03', 109, 0, 1, 10),
(39, 7, '小学妹好，希望你有一个美好的大学生活！', '2015-10-03', 0, 15, 1, 7),
(40, 7, '哈哈，谢谢！我会加油的！', '2015-10-03', 0, 19, 1, 7),
(41, 169, '学姐为学生会付出太多了，感谢感谢，祝再创辉煌！', '2015-10-03', 115, 0, 1, 11),
(42, 169, '帅锅学长辛苦啦，希望学生会在你的带领下更加优秀辉煌，加油哦(⊙o⊙)', '2015-10-03', 120, 0, 1, 12),
(43, 8, '谢谢！不忘初心，方得始终！', '2015-10-03', 0, 21, 1, 8),
(44, 169, '美女姐姐辛苦啦，祝今后学业有成，再创佳绩哦！', '2015-10-03', 127, 0, 1, 13),
(45, 173, '学长，你的能力和坚持成就现在优秀的你，你是我们的男神，我们的偶像，我愿意永远支持你陪伴你，愿你有个最美的前程(￣▽￣)', '2015-10-03', 58, 0, 1, 2),
(46, 9, '嗯嗯，希望你的生活也能多姿多彩！', '2015-10-03', 0, 23, 1, 9),
(47, 9, '谢谢夸奖哟。。。一起加油吧', '2015-10-03', 0, 28, 1, 9),
(48, 9, '那以后要多多学习哟，哈哈。。。有问题欢迎米随时来留言哟！', '2015-10-03', 0, 34, 1, 9),
(49, 166, '学姐，加油，继续铸就你的辉煌吧\\^O^/', '2015-10-03', 109, 0, 1, 10),
(50, 10, '谢谢你的夸奖～我继续努力的动力哦！', '2015-10-03', 0, 24, 1, 10),
(51, 10, '文艺青年……你过奖了！我会继续加油的！', '2015-10-03', 0, 38, 1, 10),
(52, 170, '一直想成为你这样的女生，能力出众的女生', '2015-10-03', 57, 0, 1, 2),
(53, 10, '感觉都不好意思了。我会继续努力的！', '2015-10-03', 0, 49, 1, 10),
(54, 11, '谢谢！希望一直是你心中的美腻女子！', '2015-10-03', 0, 35, 1, 11),
(55, 11, '没有没有，只愿能更好的为大家服务！', '2015-10-03', 0, 41, 1, 11),
(56, 166, '学姐，才貌双全绝对是你的真实写照，加油，你一定会一直棒棒哒～～', '2015-10-03', 115, 0, 1, 11),
(57, 13, '于我而言，充实才能带来锻炼！', '2015-10-03', 0, 29, 1, 13),
(58, 13, '好的，谢谢你哦！一起加油吧！', '2015-10-03', 0, 44, 1, 13),
(59, 12, '哈哈，谢谢！一起加油吧！', '2015-10-03', 0, 33, 1, 12),
(60, 12, '恩，我会和学生会的小伙伴们一起加油的，期待能给你们一个更好的校会！', '2015-10-03', 0, 42, 1, 12),
(61, 2, '也愿你有一个美好的未来！', '2015-10-03', 0, 45, 1, 2),
(62, 2, '相信自己，你可以的！', '2015-10-03', 0, 52, 1, 2),
(63, 3, '不忘初心，方得始终嘛', '2015-10-03', 0, 9, 1, 3),
(64, 3, '谢谢！一起加油哦！', '2015-10-03', 0, 37, 1, 3),
(65, 166, '学长棒棒哒～', '2015-10-03', 120, 0, 1, 12),
(66, 4, '谢谢！希望未来的你会如现在的你想像中的一般美好', '2015-10-03', 0, 8, 1, 4),
(67, 4, '谢谢！希望小学妹也会成为一个优秀的人！', '2015-10-03', 0, 16, 1, 4),
(68, 166, '萌萌哒的学姐，我会一直支持你的，加油！', '2015-10-03', 127, 0, 1, 13),
(69, 173, '你的坚持与汗水终将见证你的成功，学长加油！', '2015-10-03', 130, 0, 1, 13),
(70, 173, '学长，你是我们永远的偶像！我们都会像你学习！加油哦', '2015-10-03', 131, 0, 1, 13),
(71, 173, '学姐，你用勤奋与拼搏换来如今的辉煌，你为学校的付出我们都会记在心上，加油！', '2015-10-03', 118, 0, 1, 11),
(72, 173, '学姐，你的个性与能力将会让你飞得更高', '2015-10-03', 116, 0, 1, 11),
(73, 173, '优秀的你注定了辉煌的未来，学姐加油！', '2015-10-03', 342, 0, 1, 5),
(74, 173, '佳妮学姐，你是我们的榜样，我们的骄傲！愿勤奋成就最棒的你！', '2015-10-03', 87, 0, 1, 6),
(76, 6, '谢谢！也期待一个更优秀的你！', '2015-10-03', 0, 74, 1, 6),
(77, 6, '希望能成为你们的良友！', '2015-10-03', 0, 14, 1, 6),
(78, 6, '谢谢亲的鞭策，我会继续加油的！', '2015-10-03', 0, 18, 1, 6),
(80, 170, '你是我永远的榜样', '2015-10-03', 57, 0, 1, 2),
(81, 169, '棒棒哒学长，谢谢你为学生会付出的一切哦，加油，未来会更好！', '2015-10-04', 70, 0, 1, 4),
(82, 169, '优秀的你今后会收获更加美好的生活，汗水不会白流，加油！', '2015-10-04', 88, 0, 0, 7),
(83, 169, '加油哦，学生会在你的带领下会更加辉煌的哦！', '2015-10-04', 93, 0, 1, 8),
(84, 171, '美女学姐你好，身为西南大学的一份子，我深知此地美女众多，但你可以突出重围，有颜值却偏偏靠实力，这一点很值得人敬佩，西大就应该多一些像你一样的人…', '2015-10-04', 57, 0, 1, 2),
(85, 171, '美丽的学姐… 法学让你理智，艺术让你浪漫，所以在我心里你是一个完美的女神，加油！', '2015-10-04', 65, 0, 1, 3),
(86, 171, '看到了关爱女子调研活动一等奖，对你的崇拜又多了几分，加油吧', '2015-10-04', 73, 0, 1, 4),
(87, 171, '学长一看就是个理工男，志愿者三下乡都有你的背影，你的奉献，你的付出，我们都看在眼里', '2015-10-04', 81, 0, 1, 5),
(88, 171, '美貌与智慧的化身，机智与优雅的结合，就是你', '2015-10-04', 85, 0, 1, 6),
(89, 171, '优秀的你，助力交大一路向前', '2015-10-04', 346, 0, 1, 7),
(90, 171, '作为川外的男生不易，进去学生会很不易，说明你有足够的实力…加油', '2015-10-04', 112, 0, 1, 10),
(91, 170, '知道你的辛苦，理解你的委屈，加油，我相信你可以做得更好！！', '2015-10-04', 55, 0, 1, 2),
(92, 170, '走过的路，收获的经验，是你未来骄傲的资本', '2015-10-04', 62, 0, 1, 3),
(93, 170, '没有人能在此刻完全理解此刻，只有往前多迈几步，才能看清来时的路', '2015-10-04', 72, 0, 1, 4),
(94, 170, '比起成功，失败教会我们更多道理', '2015-10-04', 68, 0, 1, 5),
(95, 170, '无论何时，我们都应该笑对生活', '2015-10-04', 84, 0, 1, 6),
(96, 170, '一心一意工作，把随心所欲起舞，把别人的目光抛在身后，我相信你会越来越优秀', '2015-10-04', 345, 0, 1, 7),
(97, 170, '驾驭生活是一种妄想，我们只能为实现目标而竭尽全力，争取做到最好，我相信你一直都是这样做得', '2015-10-04', 102, 0, 1, 9),
(98, 170, '失去和得到是生活中最常见的，但我们得到的永远比失去的多，相信此刻的失去，未来会加倍偿还给你', '2015-10-04', 111, 0, 1, 10),
(99, 170, '像自己畏惧的事情发出挑战，你会发现自己什么都不怕，加油↖(^ω^)↗', '2015-10-04', 117, 0, 1, 11),
(100, 170, '只要有喜欢你的人在，你便青春如故，而我永远喜欢你', '2015-10-04', 123, 0, 1, 12),
(101, 170, '走过的路，是你将来最自豪的事', '2015-10-04', 130, 0, 1, 13),
(102, 2, '看来同学是一个很贴心的人啊', '2015-10-04', 0, 91, 1, 2),
(103, 2, '西大其实很多人都很优秀的，只是你还没有发现！', '2015-10-04', 0, 84, 1, 2),
(104, 2, '我会一直努力的，直至可以作为你的榜样', '2015-10-04', 0, 80, 1, 2),
(105, 3, '谢谢同学的“厚爱”。。。我会加油的！', '2015-10-04', 0, 85, 1, 3),
(106, 3, '同样的话转赠给你～', '2015-10-04', 0, 92, 1, 3),
(107, 169, '加油哦，相信明天有你更精彩，未来有你更闪耀！', '2015-10-04', 93, 0, 0, 8),
(108, 5, '恩，是的！', '2015-10-04', 0, 94, 1, 5),
(109, 5, '希望当时的我没有让你们失望，也希望同学以后也会这样默默监督我。', '2015-10-04', 0, 87, 1, 5),
(110, 169, '青春无悔，加油吧，未来更美好！', '2015-10-04', 88, 0, 1, 7),
(111, 5, '谢谢你！也祝福你有一个美好的未来', '2015-10-04', 0, 73, 1, 5),
(112, 4, '谢谢你哟！想锻炼的话你也可以参加的', '2015-10-04', 0, 86, 1, 4),
(113, 4, '一起加油！', '2015-10-04', 0, 81, 1, 4),
(114, 4, '当我遇到疑惑时，也许我会因这句话而继续努力。。。谢谢你！', '2015-10-04', 0, 93, 1, 4),
(115, 6, '能得如此高的评价，荣幸荣幸', '2015-10-04', 0, 88, 1, 6),
(116, 6, '是的！一起笑对生活', '2015-10-04', 0, 95, 1, 6),
(117, 6, '也愿勤奋能铸就你', '2015-10-04', 0, 79, 1, 6),
(118, 8, '学生会的优秀是大家一起努力的结果！', '2015-10-04', 0, 83, 1, 8),
(119, 8, '谢谢你！', '2015-10-04', 0, 26, 1, 8),
(120, 9, '同学是一个很有目标的人啊，你一定会有一个美好的未来！', '2015-10-04', 0, 97, 1, 9),
(121, 10, '谢谢！祝福你也有美好的未来！', '2015-10-04', 0, 90, 1, 10),
(122, 10, '同样的话也回赠给你哦', '2015-10-04', 0, 98, 1, 10),
(123, 11, '恩，好的！', '2015-10-04', 0, 99, 1, 11),
(124, 11, '谢谢！也祝福你的未来棒棒哒！', '2015-10-04', 0, 56, 1, 11),
(125, 11, '谢谢你的关心！我会继续加油的，不辜负你的期望！', '2015-10-04', 0, 71, 1, 11),
(126, 11, '谢谢！我会加油的', '2015-10-04', 0, 72, 1, 11),
(127, 12, '好害羞好害羞。。。。谢谢！', '2015-10-04', 0, 100, 1, 12),
(128, 12, '祝福你也棒棒哒！', '2015-10-04', 0, 65, 1, 12),
(129, 13, '这是一个很棒的观点', '2015-10-04', 0, 101, 1, 13),
(130, 13, '谢谢你哦。未来一起努力吧！', '2015-10-04', 0, 68, 1, 13),
(131, 13, '你的坚持与汗水也会见证你的成功！', '2015-10-04', 0, 69, 1, 13),
(132, 13, '谢谢你承认我的努力！', '2015-10-04', 0, 70, 1, 13),
(133, 166, '学长，拿出你勇攀高峰的勇气和毅力，创建你与学生会共同的辉煌吧\\^O^/', '2015-10-04', 131, 0, 1, 13),
(134, 166, '学长，要一直做一颗屹立于崖壁上的迎客松哦，不论风吹雨打，孤寂冷清，加油\\^O^/', '2015-10-04', 126, 0, 1, 12),
(135, 166, '学姐，优秀如你，要带着学生会一直走下去哦\\^O^/', '2015-10-04', 114, 0, 1, 10),
(136, 166, '建国兴邦，济世安民，学长的名字好霸气\\^O^/人如其名，霸气侧漏(≧▽≦)', '2015-10-04', 105, 0, 1, 9),
(137, 170, '希望你永远年轻，永远活力四射', '2015-10-04', 59, 0, 1, 2),
(138, 170, '你的胸怀如同你的名字一样宽广', '2015-10-04', 340, 0, 1, 2),
(139, 170, '即使遇到困难，你脸上的微笑依旧如此灿烂，加油↖(^ω^)↗', '2015-10-04', 61, 0, 1, 3),
(140, 170, '微笑着的你，认真的你，活泼的你，我最喜欢', '2015-10-04', 341, 0, 1, 3),
(141, 170, '成长路上有你作为榜样，我很幸运', '2015-10-04', 74, 0, 1, 4),
(142, 166, '学长，你简直就是大神啊，不管是学习，还是工作。今后也要继续加油哦。', '2015-10-04', 99, 0, 1, 8),
(143, 170, '所有的领先者都是像狗一样奔跑着的，但最后看到的风景比任何人看到的都美', '2015-10-04', 75, 0, 1, 4),
(144, 174, '学姐好优秀╮(╯▽╰)╭希望今年能让学生会的各位得到应有的锻炼', '2015-10-04', 348, 0, 1, 8),
(145, 170, '人不会孤单，只是许多路都需要一个人走，我们永远是你坚强的后盾', '2015-10-04', 76, 0, 0, 4),
(146, 174, '莉莉姐好优秀，也正是如此，才能带学生会走向新的巅峰╮(╯▽╰)╭', '2015-10-04', 108, 0, 1, 9),
(147, 170, '我相信，如果你不放弃，生活总会升起一轮红日照亮你', '2015-10-04', 77, 0, 0, 4),
(148, 170, '真正让你高兴的是雨后的彩虹', '2015-10-04', 78, 0, 0, 4),
(149, 170, '人的一生就是在走一天很长的路，相信路的尽头是你最喜欢的海吧', '2015-10-04', 79, 0, 0, 4),
(150, 169, '你为学生会，为同学们付出太多，真心的感谢你们，加油！', '2015-10-04', 88, 0, 0, 7),
(151, 170, '努力会让你记住那些最美好的奋斗岁月', '2015-10-04', 343, 0, 0, 5),
(152, 170, '人生很长，会遇到很多人，但是你也许不知道你的某一个动作会给他人留下深刻感悟，而你就是这样的人', '2015-10-04', 83, 0, 1, 6),
(153, 170, '展望未来，接受生活给你的种种考验，你会是看过最美风景的人', '2015-10-04', 86, 0, 1, 6),
(154, 170, '谁都没有能力去改变历史，我们能做的就是把握现在', '2015-10-04', 344, 0, 1, 7),
(155, 166, '学姐萌萌哒～我们一起努力！', '2015-10-04', 87, 0, 0, 6),
(156, 170, '人生正是因为在酸甜苦辣咸的浸泡中走向深刻，更加富有内涵', '2015-10-04', 345, 0, 0, 7),
(157, 170, '生活中的起起伏伏构成最美的人生', '2015-10-04', 346, 0, 0, 7),
(158, 2, '哈哈，谢谢！', '2015-10-04', 0, 137, 1, 2),
(159, 170, '在风雨中锻炼坚强，才有资格收获最美的人生', '2015-10-04', 94, 0, 0, 8),
(160, 170, '从积极的心态去想困难，所有的都不是困难', '2015-10-04', 96, 0, 1, 8),
(161, 166, '热情开朗的学姐，未来我们与你同行，一起加油吧！', '2015-10-04', 343, 0, 1, 5),
(162, 170, '要生活的漂亮，就要比别人付出更多的努力', '2015-10-04', 97, 0, 0, 8),
(163, 170, '忙碌只是人生美好的开始', '2015-10-04', 98, 0, 1, 8),
(164, 170, '命运的深层次意思，就是要学会放弃和等待', '2015-10-04', 99, 0, 0, 8),
(165, 170, '人生本来短暂，就需要在有限的时间完成无限的事', '2015-10-04', 348, 0, 0, 8),
(166, 166, '帅帅哒学长，希望你能带领着社联走向巅峰。', '2015-10-04', 75, 0, 0, 4),
(167, 170, '能干的人会选择改变，让不喜欢变成喜欢，相信你也可以', '2015-10-04', 101, 0, 0, 9),
(168, 170, '无论你进步多慢，你都走在那些不曾尝试的人们的前面', '2015-10-04', 103, 0, 0, 9),
(169, 170, '趁着年轻，趁着梦想还在，想去的地方，现在就去', '2015-10-04', 104, 0, 1, 9),
(170, 170, '永远对生活保持热爱，生活会给你惊喜', '2015-10-04', 105, 0, 0, 9),
(171, 170, '人生的秘诀就是寻找一种最适合自己的速度，不因过快过慢而空耗生命', '2015-10-04', 106, 0, 1, 9),
(172, 170, '我们总是在超越与被超越的路上奔跑，不过，一直跑就对了', '2015-10-04', 107, 0, 1, 9),
(173, 170, '每个人走向成功都离不开坚持', '2015-10-04', 108, 0, 1, 9),
(174, 170, '总有人会发现你的美', '2015-10-04', 113, 0, 1, 10),
(175, 170, '只要心是晴朗的，人生就没有雨天', '2015-10-04', 114, 0, 0, 10),
(176, 170, '好心情是人生的财富，让好心情与我们时时相伴', '2015-10-04', 119, 0, 1, 11),
(177, 170, '敢于担当，才能赢得别人的认可', '2015-10-04', 121, 0, 1, 12),
(178, 170, '长大是看我们能担得起多大的责任', '2015-10-04', 124, 0, 0, 12),
(179, 170, '每天都告诉自己，今天最美好，每天就都会很快乐', '2015-10-04', 125, 0, 1, 12),
(180, 170, '失败了会失望，但不尝试就注定败亡', '2015-10-04', 126, 0, 0, 12),
(181, 170, '自强，自立，你的坚强我最佩服', '2015-10-04', 349, 0, 1, 12),
(182, 170, '美好的事情就在我们周围，而且永远免费', '2015-10-04', 129, 0, 1, 13),
(183, 173, '学姐，你阳光的微笑证明你的自信与能力，加油哦，大家都期待今日的绽放', '2015-10-04', 61, 0, 1, 3),
(184, 173, '学长，你的勤奋与坚持终将见证你最完美的绽放', '2015-10-04', 83, 0, 1, 6),
(185, 173, '学姐，你是河北学妹的骄傲，我们相信你的能力！你是人间最美的烟火！', '2015-10-04', 344, 0, 1, 7),
(186, 173, '全能学长，你是我们的骄傲！愿你永远保持优秀！', '2015-10-04', 94, 0, 1, 8),
(187, 173, '学长，你的优秀是我们支持你的最大动力！我们为你喝彩！', '2015-10-04', 101, 0, 1, 9),
(188, 171, '交大有你更加美好，加油', '2015-10-04', 346, 0, 0, 7),
(189, 173, '愿你的青春灿烂如千阳', '2015-10-04', 121, 0, 1, 12),
(190, 171, '美貌与智慧的并存…机智与柔和的结合…就是你，加油！！', '2015-10-04', 97, 0, 1, 8),
(191, 171, '文化积淀出的你，理工大学中的你，造就了独一无二的你加油！', '2015-10-04', 103, 0, 1, 9),
(192, 171, '无数荣誉加身也挡不住自身光芒的散发，学长很优秀，加油', '2015-10-04', 124, 0, 1, 12),
(193, 173, '帅学长加油哦，愿你永远保持优秀，保持阳光！', '2015-10-04', 129, 0, 1, 13),
(194, 2, '谢谢！你的胸怀应该也很宽广。。。', '2015-10-05', 0, 138, 1, 2),
(195, 3, '也愿你能微笑面对一切困难', '2015-10-05', 0, 139, 1, 3),
(196, 3, '谢谢你的厚爱，我会继续加油的！', '2015-10-05', 0, 140, 1, 3),
(197, 3, '谢谢哦！我也会一直以乐观的心态去面对一切的', '2015-10-05', 0, 183, 1, 3),
(198, 4, '成长路上有你们陪伴，我同样幸运', '2015-10-05', 0, 141, 1, 4),
(199, 4, '也祝福米！', '2015-10-05', 0, 143, 1, 4),
(200, 5, '好的，一起加油吧！', '2015-10-05', 0, 161, 1, 5),
(201, 6, '谬赞谬赞，但我会继续努力的！', '2015-10-05', 0, 152, 1, 6),
(202, 6, '你也是哦！', '2015-10-05', 0, 184, 1, 6),
(203, 6, '恩，谢谢！听君良言', '2015-10-05', 0, 153, 1, 6),
(204, 7, '我们一起努力', '2015-10-05', 0, 89, 1, 7),
(205, 7, '加油，未来会很美好！', '2015-10-05', 0, 110, 1, 7),
(206, 7, '你也是！', '2015-10-05', 0, 96, 1, 7),
(207, 7, '活在当下，很棒的想法呢', '2015-10-05', 0, 154, 1, 7),
(208, 7, '谢谢，学妹也一定可以成为骄傲！', '2015-10-05', 0, 185, 1, 7),
(209, 8, '你也要加油哦！', '2015-10-05', 0, 142, 1, 8),
(210, 8, '好的好的，我们加油！', '2015-10-05', 0, 144, 1, 8),
(211, 8, '恩，乐观是个很好的优点！', '2015-10-05', 0, 160, 1, 8),
(212, 8, '谢谢你！', '2015-10-05', 0, 186, 1, 8),
(213, 8, '谢谢夸奖，一起加油！', '2015-10-05', 0, 190, 1, 8),
(214, 8, '人无完人，所以我们会继续努力！', '2015-10-05', 0, 27, 1, 8),
(215, 8, '是的，虽然忙，但是有收获到很多', '2015-10-05', 0, 163, 1, 8),
(216, 9, '哈哈。。。谢谢你', '2015-10-05', 0, 136, 1, 9),
(217, 9, '过奖过奖，我只是在尽力做好自己的工作', '2015-10-05', 0, 146, 1, 9),
(218, 9, '大家一起加油！', '2015-10-05', 0, 191, 1, 9),
(219, 9, '因为你们的支持，我也会更加努力', '2015-10-05', 0, 187, 1, 9),
(220, 9, '相信你也是', '2015-10-05', 0, 173, 1, 9),
(221, 9, '一直努力着，总会有超越自己，超越别人的时候', '2015-10-05', 0, 172, 1, 9),
(222, 9, '我也是这样想的', '2015-10-05', 0, 171, 1, 9),
(223, 9, '就像呆在这里，为大家，为学校服务', '2015-10-05', 0, 169, 1, 9),
(224, 10, '这是学生会的目标！', '2015-10-05', 0, 135, 1, 10),
(225, 10, '是你吗？哈哈', '2015-10-05', 0, 174, 1, 10),
(226, 11, '嗯嗯，同学你也是哦！', '2015-10-05', 0, 176, 1, 11),
(227, 12, '好的，谢谢你的鼓励与信任！', '2015-10-05', 0, 134, 1, 12),
(228, 12, '你也是哦……', '2015-10-05', 0, 177, 1, 12),
(229, 12, '也愿你的青春如此', '2015-10-05', 0, 189, 1, 12),
(230, 12, '谢谢，相信自己，你也很优秀！', '2015-10-05', 0, 192, 1, 12),
(231, 12, '所以同学的生活应该是很美好的', '2015-10-05', 0, 179, 1, 12),
(232, 12, '谢谢！同时也倍感荣幸和动力！', '2015-10-05', 0, 181, 1, 12),
(233, 13, '谢谢你的鼓励，这会是我前进的动力！', '2015-10-05', 0, 133, 1, 13),
(234, 13, '是的，比如学生会热情的服务', '2015-10-05', 0, 182, 1, 13),
(235, 13, '谢谢你！我会一直加油的！', '2015-10-05', 0, 193, 1, 13),
(236, 171, '副主席和艺术团团长的双重身份足以证明你的实力与魅力，相信学姐可以把两者完美融合，相互补充，加油！', '2015-10-06', 77, 0, 1, 4),
(237, 173, '成功的花，人们只看到它绽放时的惊艳，然而当初它的芽，浸透了奋斗的泪泉，洒遍了牺牲的血雨', '2015-10-06', 76, 0, 1, 4),
(238, 172, '优秀的人从来不介意自己更优秀，美好的人儿一直在奋斗。你拥有的不仅是外表了，内外兼修，你会变成自己曾经想变成的人。', '2015-10-06', 79, 0, 1, 4),
(239, 4, '也祝福你变成期望中的那个更优秀的自己！', '2015-10-06', 0, 238, 1, 4),
(240, 4, '很文艺的同学呢。。。一切的辛苦都是值得的，因为我们知道是为了什么。', '2015-10-06', 0, 237, 1, 4),
(241, 4, '谢谢，愿我能做到你说的那般优秀。', '2015-10-06', 0, 236, 1, 4),
(242, 166, '学姐，优秀如你，一定要带着学生会一直走下去哦\\^O^/', '2015-10-06', 78, 0, 1, 4),
(243, 4, '这里的每个人都很优秀哦，也期待优秀的你陪学生会一起走下去！', '2015-10-06', 0, 242, 1, 4),
(244, 220, '尹女神我爱你！！', '2015-10-09', 85, 0, 0, 6),
(245, 239, '主席加油', '2015-10-09', 328, 0, 1, 35),
(246, 220, '尹二狗我爱你！', '2015-10-09', 85, 0, 0, 6),
(247, 220, '享哥爱你么么哒', '2015-10-09', 274, 0, 0, 14),
(248, 220, '鹏哥鹏哥哟哟哟(๑•ั็ω•็ั๑)', '2015-10-09', 55, 0, 0, 2),
(249, 265, '依琳姐，棒棒哒~╭(╯ε╰)╮', '2015-10-09', 343, 0, 0, 5),
(250, 265, '帅起滴，学长！不要太辛苦了，注意休息呀~~~~', '2015-10-09', 66, 0, 0, 5),
(251, 295, '学姐好', '2015-10-09', 295, 0, 1, 22),
(252, 321, '二北你头没了！', '2015-10-09', 58, 0, 0, 2),
(253, 321, '社会我洋哥', '2015-10-09', 340, 0, 1, 2),
(254, 321, '社会苗', '2015-10-09', 59, 0, 0, 2),
(255, 329, '棒棒哒~', '2015-10-09', 120, 0, 0, 12),
(256, 35, '你也加油', '2015-10-09', 0, 245, 1, 35),
(257, 343, '哈哈哈哈哈哈', '2015-10-09', 340, 0, 1, 2),
(258, 360, '思思萌萌哒', '2015-10-09', 61, 0, 0, 3),
(259, 386, '哈哈哈，汪大大', '2015-10-09', 340, 0, 1, 2),
(260, 406, '主席辛苦了   就是照片真的好毁形象😂😂', '2015-10-09', 333, 0, 0, 81),
(261, 487, '社会我洋哥', '2015-10-09', 340, 0, 1, 2),
(262, 294, '好帅⊙▽⊙！路过～', '2015-10-09', 54, 0, 0, 2),
(263, 528, '为什么我的板子下面有人帮我回复了～', '2015-10-09', 72, 0, 0, 4),
(264, 535, '我要找主席', '2015-10-09', 6, 0, 0, 36),
(265, 565, '😍😍😍', '2015-10-09', 290, 0, 1, 17),
(266, 565, '宝贝儿~', '2015-10-09', 291, 0, 0, 17),
(267, 565, '同桌你好', '2015-10-09', 294, 0, 1, 17),
(268, 589, '大美婷', '2015-10-09', 6, 0, 0, 36),
(269, 609, '我推荐沈俊良', '2015-10-09', 293, 0, 0, 17),
(270, 609, '点赞', '2015-10-09', 293, 0, 0, 17),
(271, 621, '继续努力！继续优秀！', '2015-10-09', 293, 0, 0, 17),
(272, 629, '', '2015-10-09', 52, 0, 0, 64),
(273, 630, '真正的刑警是一个杂家。', '2015-10-09', 293, 0, 0, 17),
(274, 637, '美女学姐，我会一直为你加油哦！', '2015-10-09', 127, 0, 0, 13),
(275, 637, '用年轻的身体与心向前冲', '2015-10-09', 129, 0, 0, 13),
(276, 643, '就是帅', '2015-10-09', 293, 0, 0, 17),
(277, 648, '不错的小伙，支持!', '2015-10-09', 293, 0, 0, 17),
(278, 652, '好', '2015-10-09', 293, 0, 0, 17),
(279, 672, '支持你，好样的', '2015-10-09', 293, 0, 0, 17),
(280, 671, '沈俊良品学兼优，必须赞一个！', '2015-10-09', 293, 0, 0, 17),
(281, 1006, '加油，果果!', '2015-10-09', 293, 0, 0, 17),
(282, 674, '乖妹子，大长腿', '2015-10-09', 40, 0, 1, 53),
(283, 674, '看到了还是必须赞塞', '2015-10-09', 41, 0, 1, 53),
(284, 1011, '有事就可以找主席', '2015-10-09', 40, 0, 1, 53),
(285, 53, '嘻嘻', '2015-10-09', 0, 282, 1, 53),
(286, 17, '', '2015-10-09', 0, 265, 1, 17),
(287, 665, '哎哟！学校的军训服。', '2015-10-09', 40, 0, 1, 53),
(288, 53, '嘻嘻', '2015-10-09', 0, 283, 1, 53),
(289, 53, '不要找我', '2015-10-09', 0, 284, 1, 53),
(290, 53, '……', '2015-10-09', 0, 287, 1, 53),
(291, 1040, '棒棒哒！', '2015-10-09', 127, 0, 0, 13),
(292, 1041, '加油加油', '2015-10-09', 293, 0, 0, 17),
(293, 1049, '看见照片就笑了', '2015-10-09', 36, 0, 0, 53),
(294, 1052, '好帅', '2015-10-09', 35, 0, 0, 53),
(295, 1052, '哎哟，太长腿', '2015-10-09', 40, 0, 0, 53),
(296, 1064, '点赞，，做个好警察。', '2015-10-09', 293, 0, 0, 17),
(297, 652, '点个赞。', '2015-10-09', 293, 0, 1, 17),
(298, 1070, '哈板', '2015-10-09', 220, 0, 0, 27),
(299, 1061, '好帅啊！', '2015-10-09', 290, 0, 0, 17),
(300, 1083, '帅死人呀', '2015-10-09', 315, 0, 1, 30),
(301, 1083, '哎呀 帅得一逼', '2015-10-09', 333, 0, 0, 81),
(302, 1083, '美死我也', '2015-10-09', 334, 0, 0, 81),
(303, 1099, '你是最棒的', '2015-10-09', 293, 0, 0, 17),
(304, 1083, '帅得一牛 我们人民警察', '2015-10-09', 294, 0, 1, 17),
(305, 264, '洋哥最棒', '2015-10-09', 340, 0, 1, 2),
(306, 1114, '呵呵，可以哦。是我们学习的榜样！', '2015-10-09', 35, 0, 0, 53),
(307, 1114, '美女学姐', '2015-10-09', 40, 0, 0, 53),
(308, 1116, '在家里是个好孩子，在单位是个好同志', '2015-10-09', 293, 0, 0, 17),
(309, 1022, '主席求联系啊', '2015-10-09', 37, 0, 0, 53),
(310, 1158, '哈，帅！', '2015-10-09', 293, 0, 0, 17),
(311, 1181, '😒 你辣么高冷  何时逗比噻👽👽', '2015-10-09', 55, 0, 0, 2),
(312, 1188, '男神😏', '2015-10-09', 53, 0, 0, 2),
(313, 1194, '汪晋北你的脸呢！', '2015-10-09', 58, 0, 0, 2),
(314, 1195, '夏姐棒棒哒', '2015-10-09', 328, 0, 1, 35),
(315, 1227, '( ´ ▽ ` )ﾉ', '2015-10-09', 53, 0, 0, 2),
(316, 35, '你们也要加油，校学生会因为有你们才精彩', '2015-10-09', 0, 314, 1, 35),
(317, 1084, '棒棒的！加油！做最好的自己哟！', '2015-10-09', 293, 0, 0, 17),
(318, 1259, '据说是梅四最帅的一帆，据说是含弘最帅的一帆，据说是校会最帅的一帆。一帆你继续笑点低呀～当最阳光的主席爸爸。', '2015-10-09', 53, 0, 0, 2),
(319, 1266, '加油↖(^ω^)↗！', '2015-10-09', 319, 0, 0, 30),
(320, 1266, '加油↖(^ω^)↗！', '2015-10-09', 315, 0, 1, 30),
(321, 1260, '好', '2015-10-09', 293, 0, 0, 17),
(322, 1260, '好', '2015-10-09', 293, 0, 0, 17),
(323, 1267, '主席，帮我宣传下我的小店撒，百可基，百可基，百可基，重要的事情说三遍。', '2015-10-09', 82, 0, 0, 6),
(324, 1193, '一帆大大好～！猜猜我是sei👻', '2015-10-09', 53, 0, 0, 2),
(325, 17, '谢谢光临！', '2015-10-09', 0, 297, 1, 17),
(326, 1282, '求签名帅照', '2015-10-09', 129, 0, 0, 13),
(327, 1158, '不错啊！', '2015-10-09', 293, 0, 0, 17),
(328, 1316, '学长，你好棒！你简直就是我男神！', '2015-10-09', 83, 0, 0, 6),
(329, 1322, '你最棒', '2015-10-09', 293, 0, 0, 17),
(330, 1322, '加油！', '2015-10-09', 293, 0, 0, 17),
(331, 609, '越来越好', '2015-10-09', 293, 0, 0, 17),
(332, 30, '嗯嗯，我会努力的', '2015-10-09', 0, 320, 1, 30),
(333, 30, '谢谢星姐', '2015-10-09', 0, 300, 1, 30),
(334, 1338, '点个赞.', '2015-10-09', 293, 0, 0, 17),
(335, 1337, '加油！更多的是付出！', '2015-10-10', 319, 0, 0, 30),
(336, 657, '😄', '2015-10-10', 2, 0, 0, 36),
(337, 503, '其实吃了多少苦最明白的是自己，但懂得收获多少的也是自己。', '2015-10-10', 54, 0, 0, 2),
(338, 1191, '不管你走的多远，  都永远是认真的帆哥。  在你那里收获了太多，希望你能如愿以偿，做自己。', '2015-10-10', 53, 0, 0, 2),
(339, 657, '主席大大你的脸呢？', '2015-10-10', 5, 0, 0, 36),
(340, 22, '你好 请问有什么事需要帮忙吗', '2015-10-10', 0, 251, 1, 22),
(341, 2, '(^_^)嘿嘿嘿', '2015-10-10', 0, 259, 1, 2),
(342, 2, '我峰哥', '2015-10-10', 0, 261, 1, 2),
(343, 2, '如意也是棒棒哒……', '2015-10-10', 0, 305, 1, 2),
(344, 2, '我鹏', '2015-10-10', 0, 253, 1, 2),
(345, 2, '嘿嘿嘿', '2015-10-10', 0, 257, 1, 2),
(346, 629, '么么哒！！', '2015-10-10', 52, 0, 0, 64),
(347, 343, '愿你永远年轻……苗学长', '2015-10-10', 59, 0, 0, 2),
(348, 343, '加油', '2015-10-10', 31, 0, 0, 50),
(349, 343, '加油……不知道还记得我不？西南大学汪洋', '2015-10-10', 93, 0, 0, 8),
(350, 343, '加油……雅雯，我汪洋', '2015-10-10', 121, 0, 0, 12),
(351, 17, '继续努力，提升自我', '2015-10-10', 0, 304, 1, 17),
(352, 17, '因为有你们的支持，学生会工作得以顺利开展。', '2015-10-10', 0, 267, 1, 17),
(353, 1404, '加油！', '2015-10-10', 293, 0, 0, 17),
(354, 1385, '努力，加油', '2015-10-10', 293, 0, 0, 17),
(355, 1409, '赞！', '2015-10-10', 293, 0, 0, 17),
(356, 1409, '赞！赞！赞！', '2015-10-10', 293, 0, 0, 17),
(357, 1345, '读书时就是多样发展，期待工作后继续保持和发扬！', '2015-10-10', 293, 0, 0, 17),
(358, 1432, '赞起', '2015-10-10', 293, 0, 0, 17),
(359, 1441, '如意如意我爱你', '2015-10-10', 315, 0, 0, 30),
(360, 1445, '大长腿主席', '2015-10-10', 40, 0, 0, 53),
(361, 1452, '不看不知道，照片放大了，好帅！我要嫁给你，我要给你生猴子(｀_´)ゞ', '2015-10-10', 317, 0, 0, 30),
(362, 1456, '哈哈 帅气 点赞', '2015-10-10', 293, 0, 0, 17),
(363, 1441, '约吗帅哥？', '2015-10-10', 317, 0, 0, 30),
(364, 1312, '学姐你好棒！', '2015-10-10', 87, 0, 0, 6),
(365, 1355, '书记书记，好棒！是不是没届都会有这个？', '2015-10-10', 39, 0, 0, 53),
(366, 1466, '点👍', '2015-10-10', 293, 0, 0, 17);

/*!40101 SET CHARACTER_SET_CLIENT=@OLD_CHARACTER_SET_CLIENT */;
/*!40101 SET CHARACTER_SET_RESULTS=@OLD_CHARACTER_SET_RESULTS */;
/*!40101 SET COLLATION_CONNECTION=@OLD_COLLATION_CONNECTION */;
